<?xml version='1.0' encoding='utf-8'?>
<YealinkIPPhoneDirectory><Menu Name="n" URL="n.xml" /><Menu Name="א" URL="א.xml" /><Menu Name="ב" URL="ב.xml" /><Menu Name="ג" URL="ג.xml" /><Menu Name="ד" URL="ד.xml" /><Menu Name="ה" URL="ה.xml" /><Menu Name="ז" URL="ז.xml" /><Menu Name="ח" URL="ח.xml" /><Menu Name="ט" URL="ט.xml" /><Menu Name="י" URL="י.xml" /><Menu Name="כ" URL="כ.xml" /><Menu Name="ל" URL="ל.xml" /><Menu Name="מ" URL="מ.xml" /><Menu Name="נ" URL="נ.xml" /><Menu Name="ס" URL="ס.xml" /><Menu Name="ע" URL="ע.xml" /><Menu Name="פ" URL="פ.xml" /><Menu Name="צ" URL="צ.xml" /><Menu Name="ק" URL="ק.xml" /><Menu Name="ר" URL="ר.xml" /><Menu Name="ש" URL="ש.xml" /><Menu Name="ת" URL="ת.xml" /></YealinkIPPhoneDirectory>