<?xml version='1.0' encoding='utf-8'?>
<YealinkIPPhoneDirectory><DirectoryEntry><Name>nan אדלר</Name><Telephone>02-5381285</Telephone></DirectoryEntry><DirectoryEntry><Name>nan אופמן</Name></DirectoryEntry><DirectoryEntry><Name>nan אורי</Name></DirectoryEntry><DirectoryEntry><Name>nan אייגר</Name><Telephone>03-5708804</Telephone></DirectoryEntry><DirectoryEntry><Name>nan אשלג</Name></DirectoryEntry><DirectoryEntry><Name>nan באואר</Name></DirectoryEntry><DirectoryEntry><Name>nan בינדר</Name></DirectoryEntry><DirectoryEntry><Name>nan בירנבוים</Name><Telephone>03-6183221</Telephone></DirectoryEntry><DirectoryEntry><Name>nan ברנסון</Name><Telephone>04-6974603</Telephone></DirectoryEntry><DirectoryEntry><Name>nan גולדהבר</Name><Telephone>03-5790233</Telephone></DirectoryEntry><DirectoryEntry><Name>nan גולינסקי</Name></DirectoryEntry><DirectoryEntry><Name>nan גורדון</Name><Telephone>03-6198165</Telephone></DirectoryEntry><DirectoryEntry><Name>nan גורמן</Name><Telephone>08-8033011</Telephone><Telephone>054-8457356</Telephone></DirectoryEntry><DirectoryEntry><Name>nan גירש</Name><Telephone>323-2304872</Telephone><Telephone>324-74633533</Telephone></DirectoryEntry><DirectoryEntry><Name>nan גרונדמן</Name><Telephone>03-6185944</Telephone></DirectoryEntry><DirectoryEntry><Name>nan גרינבוים</Name><Telephone>08-8663913</Telephone><Telephone>053-3126542</Telephone></DirectoryEntry><DirectoryEntry><Name>nan גרינפלד</Name><Telephone>03-5705542</Telephone></DirectoryEntry><DirectoryEntry><Name>nan גרינשטיין</Name><Telephone>02-5381419</Telephone></DirectoryEntry><DirectoryEntry><Name>nan הר זהב</Name><Telephone>03-6044876</Telephone></DirectoryEntry><DirectoryEntry><Name>nan הרשנבוים</Name><Telephone>08 8566627</Telephone><Telephone>058-3266601</Telephone></DirectoryEntry><DirectoryEntry><Name>nan וואלער</Name><Telephone>02-6280791</Telephone></DirectoryEntry><DirectoryEntry><Name>nan וינד</Name></DirectoryEntry><DirectoryEntry><Name>nan וינדרבוים</Name><Telephone>03-5758351</Telephone><Telephone>054-2461772</Telephone></DirectoryEntry><DirectoryEntry><Name>nan וינפלד</Name></DirectoryEntry><DirectoryEntry><Name>nan זבינובסקי</Name><Telephone>03-6727794</Telephone></DirectoryEntry><DirectoryEntry><Name>nan זולטוברוצקי (א</Name><Telephone>03-6189687</Telephone></DirectoryEntry><DirectoryEntry><Name>nan זינגר</Name></DirectoryEntry><DirectoryEntry><Name>nan טמיר</Name></DirectoryEntry><DirectoryEntry><Name>nan כץ</Name><Telephone>03-6183681</Telephone></DirectoryEntry><DirectoryEntry><Name>nan כרמי</Name><Telephone>03-6181732</Telephone></DirectoryEntry><DirectoryEntry><Name>nan לאופר</Name><Telephone>08-8640349</Telephone><Telephone>050-4133116</Telephone></DirectoryEntry><DirectoryEntry><Name>nan לב</Name><Telephone>03-6180095</Telephone></DirectoryEntry><DirectoryEntry><Name>nan לב</Name><Telephone>02-5387524</Telephone><Telephone>052-7617525</Telephone></DirectoryEntry><DirectoryEntry><Name>nan לודמיר</Name></DirectoryEntry><DirectoryEntry><Name>nan ליכטמן</Name><Telephone>02-5634611</Telephone></DirectoryEntry><DirectoryEntry><Name>nan למברגר</Name><Telephone>03-5792777</Telephone></DirectoryEntry><DirectoryEntry><Name>nan מורגנשטרן</Name><Telephone>02-5821995</Telephone></DirectoryEntry><DirectoryEntry><Name>nan מלבסקי</Name><Telephone>03-5789185</Telephone></DirectoryEntry><DirectoryEntry><Name>nan סגל</Name><Telephone>03-6183750</Telephone></DirectoryEntry><DirectoryEntry><Name>nan סגל</Name><Telephone>03-6180039</Telephone></DirectoryEntry><DirectoryEntry><Name>nan פינגרהוט</Name><Telephone>04-6931174</Telephone><Telephone>052-7616646</Telephone></DirectoryEntry><DirectoryEntry><Name>nan פינקלשטיין</Name><Telephone>02-5002176</Telephone><Telephone>053-3155844</Telephone></DirectoryEntry><DirectoryEntry><Name>nan פישר</Name><Telephone>054 8480513</Telephone></DirectoryEntry><DirectoryEntry><Name>nan פלבינסקי</Name><Telephone>03-5795744</Telephone></DirectoryEntry><DirectoryEntry><Name>nan פרידמן</Name><Telephone>03-5705321</Telephone></DirectoryEntry><DirectoryEntry><Name>nan פרידמן</Name></DirectoryEntry><DirectoryEntry><Name>nan פרנקל</Name><Telephone>03-6188587</Telephone></DirectoryEntry><DirectoryEntry><Name>nan פרקל</Name><Telephone>02-5385233</Telephone></DirectoryEntry><DirectoryEntry><Name>nan פשווזמאן</Name></DirectoryEntry><DirectoryEntry><Name>nan צימרמן</Name><Telephone>03-6192461</Telephone></DirectoryEntry><DirectoryEntry><Name>nan קופולוביץ</Name><Telephone>03-5703917</Telephone></DirectoryEntry><DirectoryEntry><Name>nan קורנברג</Name><Telephone>03-5709530</Telephone></DirectoryEntry><DirectoryEntry><Name>nan קמינסקי</Name><Telephone>02-5022462</Telephone><Telephone>05276-71505</Telephone></DirectoryEntry><DirectoryEntry><Name>nan קנובלוביץ</Name><Telephone>03-6194668</Telephone></DirectoryEntry><DirectoryEntry><Name>nan קנובלוביץ</Name><Telephone>02-5387829</Telephone></DirectoryEntry><DirectoryEntry><Name>nan קנובלוביץ</Name></DirectoryEntry><DirectoryEntry><Name>nan קרמר</Name><Telephone>08-8035057</Telephone><Telephone>053-3158862</Telephone></DirectoryEntry><DirectoryEntry><Name>nan רובינשטיין</Name><Telephone>03-6185915</Telephone></DirectoryEntry><DirectoryEntry><Name>nan רוז</Name><Telephone>04-6801778</Telephone><Telephone>052-7644778</Telephone></DirectoryEntry><DirectoryEntry><Name>nan רוטבלט</Name><Telephone>02-5879366</Telephone></DirectoryEntry><DirectoryEntry><Name>nan רוטנברג</Name><Telephone>02-5328680</Telephone></DirectoryEntry><DirectoryEntry><Name>nan רוסט</Name><Telephone>04-8626205</Telephone><Telephone>052-7665544</Telephone></DirectoryEntry><DirectoryEntry><Name>nan ריגל</Name><Telephone>077-4040077</Telephone><Telephone>052-7616191</Telephone></DirectoryEntry><DirectoryEntry><Name>nan שארר</Name></DirectoryEntry><DirectoryEntry><Name>nan שוורץ</Name><Telephone>058 3238590</Telephone></DirectoryEntry><DirectoryEntry><Name>nan שטינמץ</Name><Telephone>02-5387292</Telephone></DirectoryEntry><DirectoryEntry><Name>nan שיין</Name><Telephone>03-6775041</Telephone></DirectoryEntry><DirectoryEntry><Name>nan שפע שבת</Name></DirectoryEntry><DirectoryEntry><Name>nan שפרנוביץ</Name><Telephone>08-6326099</Telephone></DirectoryEntry><DirectoryEntry><Name>nan שצ'רנסקי</Name><Telephone>02-6512050</Telephone></DirectoryEntry><DirectoryEntry><Name>nan שרייבמן</Name><Telephone>02-5383071</Telephone></DirectoryEntry></YealinkIPPhoneDirectory>