<?xml version='1.0' encoding='utf-8'?>
<YealinkIPPhoneDirectory><DirectoryEntry><Name>בלה אבנר</Name><Telephone>02-5383492</Telephone><Telephone>054-4538349</Telephone></DirectoryEntry><DirectoryEntry><Name>בנימין לייב בן ציון אברמוביץ</Name><Telephone>08-8665284</Telephone><Telephone>052-7664788</Telephone></DirectoryEntry><DirectoryEntry><Name>בצלאל ישעיה אברמוביץ</Name><Telephone>08-8020181</Telephone><Telephone>052-7164477</Telephone></DirectoryEntry><DirectoryEntry><Name>בונים אולמן</Name><Telephone>058-3280660</Telephone></DirectoryEntry><DirectoryEntry><Name>ברוך שמחה אופנהיים</Name><Telephone>054-8553926</Telephone></DirectoryEntry><DirectoryEntry><Name>בנימין איבנבוים</Name><Telephone>053 3101037</Telephone></DirectoryEntry><DirectoryEntry><Name>בנימין ביינוש איבנבוים</Name><Telephone>02-5389928</Telephone><Telephone>053-3166215</Telephone></DirectoryEntry><DirectoryEntry><Name>בונם דוד איזנברג</Name><Telephone>052-7650479</Telephone></DirectoryEntry><DirectoryEntry><Name>בנימין שרגא אייכנטל</Name><Telephone>055 6754008</Telephone><Telephone>058-3224008</Telephone></DirectoryEntry><DirectoryEntry><Name>בצלאל איינפלד</Name><Telephone>08-8642844</Telephone><Telephone>053-3185186</Telephone></DirectoryEntry><DirectoryEntry><Name>ברוך אלבוים</Name><Telephone>04-6934133</Telephone><Telephone>053-3174646</Telephone></DirectoryEntry><DirectoryEntry><Name>ברכה אלברשטיין</Name><Telephone>03-6192386</Telephone></DirectoryEntry><DirectoryEntry><Name>בנימין אלתר</Name></DirectoryEntry><DirectoryEntry><Name>בנימין אלתר</Name><Telephone>02-8000900</Telephone></DirectoryEntry><DirectoryEntry><Name>בנימין אלתר</Name></DirectoryEntry><DirectoryEntry><Name>בנימין מנחם אלתר</Name></DirectoryEntry><DirectoryEntry><Name>בצלאל מנחם אנגלמן</Name><Telephone>08-8566510</Telephone><Telephone>053-3111677</Telephone></DirectoryEntry><DirectoryEntry><Name>ברוך משולם אנגלמן</Name><Telephone>052-7161939</Telephone></DirectoryEntry><DirectoryEntry><Name>בן ציון אסייג</Name><Telephone>03-5780119</Telephone></DirectoryEntry><DirectoryEntry><Name>ברכה אסתרזון</Name></DirectoryEntry><DirectoryEntry><Name>בתיה ברכה אסתרזון</Name><Telephone>08-8665336</Telephone><Telephone>052-7128966</Telephone></DirectoryEntry><DirectoryEntry><Name>בצלאל אשר</Name><Telephone>077-2400042</Telephone><Telephone>08--999233</Telephone></DirectoryEntry><DirectoryEntry><Name>בן ציון בבציק</Name><Telephone>03-6775996</Telephone><Telephone>053-3111603</Telephone></DirectoryEntry><DirectoryEntry><Name>בנימין שרגא בהגן</Name><Telephone>052-7641190</Telephone></DirectoryEntry><DirectoryEntry><Name>בריינדל בוים</Name></DirectoryEntry><DirectoryEntry><Name>בונם בורנשטיין</Name><Telephone>02-8000162</Telephone><Telephone>050-4135385</Telephone></DirectoryEntry><DirectoryEntry><Name>ברוך שמחה בורנשטיין</Name><Telephone>052 7633533</Telephone></DirectoryEntry><DirectoryEntry><Name>בנימין לייב בן ציון בלזם</Name><Telephone>02-9925674</Telephone></DirectoryEntry><DirectoryEntry><Name>בן ציון בן דוד</Name><Telephone>04-8673914</Telephone><Telephone>054-8454044</Telephone></DirectoryEntry><DirectoryEntry><Name>בנימין יחזקאל בניש</Name><Telephone>077-5004050</Telephone><Telephone>053-3156500</Telephone></DirectoryEntry><DirectoryEntry><Name>בנימין זאב בנצלוביץ</Name><Telephone>08-8642554</Telephone><Telephone>053-3119989</Telephone></DirectoryEntry><DirectoryEntry><Name>ברוך שמחה בנצלוביץ</Name><Telephone>077-3201853</Telephone><Telephone>052-7120720</Telephone></DirectoryEntry><DirectoryEntry><Name>ברוך שמחה בנצלוביץ</Name><Telephone>08-8042013</Telephone></DirectoryEntry><DirectoryEntry><Name>ברוך שמחה בנצלוביץ</Name><Telephone>054-8413001</Telephone><Telephone>054-8413000</Telephone></DirectoryEntry><DirectoryEntry><Name>ברוך שמחה בנצלוביץ</Name></DirectoryEntry><DirectoryEntry><Name>ברוך בקר</Name><Telephone>03-6182432</Telephone></DirectoryEntry><DirectoryEntry><Name>ברוך מאיר ברבר</Name><Telephone>08-9950250</Telephone></DirectoryEntry><DirectoryEntry><Name>בצלאל מנחם ברגמן</Name><Telephone>08-8678531</Telephone><Telephone>053-3125050</Telephone></DirectoryEntry><DirectoryEntry><Name>ברוך צבי ברודז'ק</Name><Telephone>055 6773994</Telephone></DirectoryEntry><DirectoryEntry><Name>בנימין ברון</Name><Telephone>050-4153022</Telephone></DirectoryEntry><DirectoryEntry><Name>בנימין ברונר</Name><Telephone>02-5383754</Telephone><Telephone>053-3108061</Telephone></DirectoryEntry><DirectoryEntry><Name>בנימין ברלינסקי</Name><Telephone>03-6777148</Telephone></DirectoryEntry><DirectoryEntry><Name>בנימין יהודה ברלינר</Name><Telephone>053 3125583</Telephone></DirectoryEntry><DirectoryEntry><Name>בנימין יצחק ברלינר</Name><Telephone>03-5790378</Telephone><Telephone>053-3114376</Telephone></DirectoryEntry><DirectoryEntry><Name>בתיה ברלינר</Name><Telephone>03-9361899</Telephone><Telephone>054-8422408</Telephone></DirectoryEntry><DirectoryEntry><Name>בצלאל ברסלר</Name><Telephone>02 5377676</Telephone><Telephone>053-4183965</Telephone></DirectoryEntry><DirectoryEntry><Name>ברוך שמחה ברסלר</Name><Telephone>055 6725325</Telephone></DirectoryEntry><DirectoryEntry><Name>ברוך גובי</Name><Telephone>03-6181987</Telephone></DirectoryEntry><DirectoryEntry><Name>בנימין גוטליב</Name><Telephone>077-2004255</Telephone><Telephone>052-7648951</Telephone></DirectoryEntry><DirectoryEntry><Name>ברוך גוטליב</Name><Telephone>03-5791491</Telephone><Telephone>05331-99922</Telephone></DirectoryEntry><DirectoryEntry><Name>בנימין גוטמן</Name><Telephone>03-5783657</Telephone><Telephone>053-3150122</Telephone></DirectoryEntry><DirectoryEntry><Name>בנימין גוטסמן</Name><Telephone>08-8043005</Telephone></DirectoryEntry><DirectoryEntry><Name>בנימין גוטסמן</Name><Telephone>08-8534828</Telephone></DirectoryEntry><DirectoryEntry><Name>בילא גולדברג</Name><Telephone>02-5388741</Telephone><Telephone>054-8442056</Telephone></DirectoryEntry><DirectoryEntry><Name>ברוך שמעון גולדברג</Name></DirectoryEntry><DirectoryEntry><Name>בן ציון יצחק אהרן גולדמן</Name></DirectoryEntry><DirectoryEntry><Name>בנימין צבי גולדמן</Name></DirectoryEntry><DirectoryEntry><Name>בנימין גולדנברג</Name><Telephone>058 3235147</Telephone><Telephone>053-3170059</Telephone></DirectoryEntry><DirectoryEntry><Name>ברוך ראובן גולדקנופף</Name><Telephone>04-8621766</Telephone><Telephone>053-3180500</Telephone></DirectoryEntry><DirectoryEntry><Name>בנימין זאב גולדשטיין</Name></DirectoryEntry><DirectoryEntry><Name>ברוך מרדכי גולדשטיין</Name><Telephone>077-2401590</Telephone></DirectoryEntry><DirectoryEntry><Name>בנימין גולדשמידט</Name><Telephone>02-6481368</Telephone></DirectoryEntry><DirectoryEntry><Name>בן ציון גירש</Name></DirectoryEntry><DirectoryEntry><Name>בן ציון חנוך גירש</Name><Telephone>08-8020046</Telephone></DirectoryEntry><DirectoryEntry><Name>בן ציון מנחם גירש</Name><Telephone>053 3171557</Telephone><Telephone>053-3193053</Telephone></DirectoryEntry><DirectoryEntry><Name>בועז גלובינסקי</Name><Telephone>08-8646986</Telephone><Telephone>053-3105826</Telephone></DirectoryEntry><DirectoryEntry><Name>ברוך דב גלוזמן</Name><Telephone>03-5708506</Telephone><Telephone>054-8448203</Telephone></DirectoryEntry><DirectoryEntry><Name>בן ציון שכנא גליק</Name><Telephone>02-5386089</Telephone><Telephone>052-7637154</Telephone></DirectoryEntry><DirectoryEntry><Name>בצלאל גנז</Name><Telephone>02-5862121</Telephone><Telephone>050-4141800</Telephone></DirectoryEntry><DirectoryEntry><Name>בן ציון גרובייס</Name><Telephone>03-5703213</Telephone><Telephone>052-7615076</Telephone></DirectoryEntry><DirectoryEntry><Name>ברוך משה גרוסקופף</Name><Telephone>054 8549844</Telephone></DirectoryEntry><DirectoryEntry><Name>בצלאל גרינבוים</Name><Telephone>02-8000181</Telephone><Telephone>058-3210180</Telephone></DirectoryEntry><DirectoryEntry><Name>בונים אליעזר גרינבלט</Name><Telephone>08-8022122</Telephone></DirectoryEntry><DirectoryEntry><Name>בנימין גרינבלט</Name><Telephone>08-8021414</Telephone><Telephone>054-8421414</Telephone></DirectoryEntry><DirectoryEntry><Name>ברוך יהודה גרנביץ</Name><Telephone>050-4152614</Telephone></DirectoryEntry><DirectoryEntry><Name>בנימין גרף</Name><Telephone>02-5827685</Telephone><Telephone>052-7173241</Telephone></DirectoryEntry><DirectoryEntry><Name>בנימין דוד גשייד</Name><Telephone>02-9924017</Telephone><Telephone>050-4199240</Telephone></DirectoryEntry><DirectoryEntry><Name>בנימין דוד גשייד</Name><Telephone>077-5371799</Telephone></DirectoryEntry><DirectoryEntry><Name>בצלאל דוידוביץ</Name><Telephone>02-5001210</Telephone><Telephone>052-7179344</Telephone></DirectoryEntry><DirectoryEntry><Name>בצלאל דים</Name><Telephone>03-6195566</Telephone></DirectoryEntry><DirectoryEntry><Name>ברוך מרדכי דניאלצ'יק</Name><Telephone>052 7655406</Telephone></DirectoryEntry><DirectoryEntry><Name>ברוך דרסלר</Name><Telephone>08 8000021</Telephone><Telephone>052-7127255</Telephone></DirectoryEntry><DirectoryEntry><Name>ברוך הויזמן</Name><Telephone>08-8653804</Telephone><Telephone>053-3112804</Telephone></DirectoryEntry><DirectoryEntry><Name>ברוך הופרט</Name></DirectoryEntry><DirectoryEntry><Name>ברכה הימלפרב</Name><Telephone>02-5381528</Telephone></DirectoryEntry><DirectoryEntry><Name>בנימין הלפגוט</Name><Telephone>02-6503626</Telephone><Telephone>053-3131159</Telephone></DirectoryEntry><DirectoryEntry><Name>ברוך הלפגוט</Name><Telephone>02-6520830</Telephone><Telephone>052-7628181</Telephone></DirectoryEntry><DirectoryEntry><Name>בנימין זאב הנדלס</Name><Telephone>04-8621327</Telephone><Telephone>052-7656678</Telephone></DirectoryEntry><DirectoryEntry><Name>ברוך הר זהב</Name><Telephone>03-5462847</Telephone></DirectoryEntry><DirectoryEntry><Name>ברוך זאב הרשברג</Name></DirectoryEntry><DirectoryEntry><Name>ברוך זאב הרשברג</Name><Telephone>053-3141433</Telephone><Telephone>053-3141433</Telephone></DirectoryEntry><DirectoryEntry><Name>ברוך זאב הרשברג</Name></DirectoryEntry><DirectoryEntry><Name>ברוך הרשנבוים</Name><Telephone>054-8434940</Telephone><Telephone>054-8434940</Telephone></DirectoryEntry><DirectoryEntry><Name>ברוך יצחק הרשקוביץ</Name><Telephone>077-3010092</Telephone><Telephone>053-3150334</Telephone></DirectoryEntry><DirectoryEntry><Name>בן ציון ואזנר</Name><Telephone>845-4254946</Telephone><Telephone>845-4263955</Telephone></DirectoryEntry><DirectoryEntry><Name>בת שבע וואלך</Name></DirectoryEntry><DirectoryEntry><Name>ברוך וידיסלבסקי</Name><Telephone>08-8647626</Telephone><Telephone>050-4103663</Telephone></DirectoryEntry><DirectoryEntry><Name>ברוך וידיסלבסקי</Name><Telephone>02-6514990</Telephone><Telephone>052-7610429</Telephone></DirectoryEntry><DirectoryEntry><Name>בן ציון וייטמן</Name><Telephone>02-8000708</Telephone></DirectoryEntry><DirectoryEntry><Name>ברוך שלום וייס</Name><Telephone>02-5382696</Telephone><Telephone>053-3170512</Telephone></DirectoryEntry><DirectoryEntry><Name>בנימין ביינוש וייסמן</Name><Telephone>03-6193766</Telephone><Telephone>053-3161937</Telephone></DirectoryEntry><DirectoryEntry><Name>בן ציון וינברג</Name></DirectoryEntry><DirectoryEntry><Name>בנימין וינברג</Name><Telephone>08-8039037</Telephone></DirectoryEntry><DirectoryEntry><Name>בן ציון וינגוט</Name><Telephone>077-4007394</Telephone></DirectoryEntry><DirectoryEntry><Name>בן ציון וינגוט</Name><Telephone>03-5793626</Telephone><Telephone>053-3157935</Telephone></DirectoryEntry><DirectoryEntry><Name>בן ציון וינגוט</Name><Telephone>08-8033070</Telephone><Telephone>053-3155550</Telephone></DirectoryEntry><DirectoryEntry><Name>ברוך מיכאל וינגוט</Name><Telephone>02-5860423</Telephone><Telephone>053-3160422</Telephone></DirectoryEntry><DirectoryEntry><Name>ברוך שרגא וינגרטן</Name><Telephone>077-2400193</Telephone><Telephone>058-3200193</Telephone></DirectoryEntry><DirectoryEntry><Name>בן ציון וינטרוב</Name><Telephone>02-6505835</Telephone><Telephone>052-7119441</Telephone></DirectoryEntry><DirectoryEntry><Name>ברוך שלמה ויסברוד</Name></DirectoryEntry><DirectoryEntry><Name>ברוך ירחמיאל וסרמן</Name><Telephone>050 4112272</Telephone></DirectoryEntry><DirectoryEntry><Name>ברוך ירחמיאל וסרמן</Name></DirectoryEntry><DirectoryEntry><Name>ברוך שמעון וסרמן</Name></DirectoryEntry><DirectoryEntry><Name>בנימין וקס</Name><Telephone>03-6190529</Telephone><Telephone>052-7619360</Telephone></DirectoryEntry><DirectoryEntry><Name>בנימין משה וקס</Name><Telephone>053 4132652</Telephone></DirectoryEntry><DirectoryEntry><Name>ברוך וקסשטוק</Name><Telephone>08-9560011</Telephone><Telephone>0548-471520</Telephone></DirectoryEntry><DirectoryEntry><Name>ברוך דב זיידורף</Name><Telephone>03-5796554</Telephone><Telephone>053-3120111</Telephone></DirectoryEntry><DirectoryEntry><Name>בנימין יהודה לייב זיידמן</Name></DirectoryEntry><DirectoryEntry><Name>בנימין אלתר זיידנר</Name><Telephone>08-8001027</Telephone><Telephone>052-7164050</Telephone></DirectoryEntry><DirectoryEntry><Name>ברוך מרדכי זיידנר</Name><Telephone>053-3152020</Telephone></DirectoryEntry><DirectoryEntry><Name>ברוך מרדכי זילברברג</Name><Telephone>053-3100855</Telephone></DirectoryEntry><DirectoryEntry><Name>בנימין יעקב צבי זילברשטיין</Name><Telephone>08-8679217</Telephone><Telephone>053-3179217</Telephone></DirectoryEntry><DirectoryEntry><Name>ברוך יהודה זילברשטיין</Name><Telephone>053 3152619</Telephone></DirectoryEntry><DirectoryEntry><Name>בנימין אליעזר זנדר</Name><Telephone>02 5028014</Telephone><Telephone>050-4131332</Telephone></DirectoryEntry><DirectoryEntry><Name>בן ציון חסיד</Name><Telephone>08-8520614</Telephone><Telephone>0527-606416</Telephone></DirectoryEntry><DirectoryEntry><Name>ברוך חסיד</Name><Telephone>08-8662768</Telephone><Telephone>053-3111266</Telephone></DirectoryEntry><DirectoryEntry><Name>ברוך יצחק טהלר</Name></DirectoryEntry><DirectoryEntry><Name>בצלאל טייטלבוים</Name><Telephone>02-8002080</Telephone></DirectoryEntry><DirectoryEntry><Name>בנימין יהודה טפלר</Name></DirectoryEntry><DirectoryEntry><Name>בנימין טראובה</Name><Telephone>04-8003040</Telephone></DirectoryEntry><DirectoryEntry><Name>בנימין מנחם טראובה</Name><Telephone>058 3251886</Telephone></DirectoryEntry><DirectoryEntry><Name>בנימין יוסקוביץ</Name><Telephone>08-6758302</Telephone><Telephone>052-7111033</Telephone></DirectoryEntry><DirectoryEntry><Name>בצלאל יעקובסון</Name><Telephone>052-7123007</Telephone></DirectoryEntry><DirectoryEntry><Name>בנימין מרדכי ירט</Name><Telephone>02-9914335</Telephone><Telephone>052-7664385</Telephone></DirectoryEntry><DirectoryEntry><Name>בנימין כהן</Name><Telephone>08-8657994</Telephone></DirectoryEntry><DirectoryEntry><Name>ברוך כהן</Name><Telephone>03-6185927</Telephone></DirectoryEntry><DirectoryEntry><Name>ברוך כהן</Name><Telephone>02-5326072</Telephone></DirectoryEntry><DirectoryEntry><Name>בנימין יצחק כהנא</Name><Telephone>03-6162272</Telephone></DirectoryEntry><DirectoryEntry><Name>בלומה מלכה כץ</Name><Telephone>02-5868633</Telephone><Telephone>052-7693133</Telephone></DirectoryEntry><DirectoryEntry><Name>בן ציון כץ</Name><Telephone>08-8652800</Telephone><Telephone>050-4166992</Telephone></DirectoryEntry><DirectoryEntry><Name>בנימין חיים כץ</Name><Telephone>03-5707804</Telephone></DirectoryEntry><DirectoryEntry><Name>בן ציון לאופר</Name><Telephone>03-5465349</Telephone></DirectoryEntry><DirectoryEntry><Name>בן ציון לב</Name><Telephone>052-7645789</Telephone><Telephone>054-8525596</Telephone></DirectoryEntry><DirectoryEntry><Name>ברוך בנימין זאב לב</Name><Telephone>08-8663270</Telephone><Telephone>053-3122623</Telephone></DirectoryEntry><DirectoryEntry><Name>ברוך בנימין זאב לב</Name><Telephone>02-9922753</Telephone><Telephone>05276-22035</Telephone></DirectoryEntry><DirectoryEntry><Name>ברוך מרדכי לב</Name></DirectoryEntry><DirectoryEntry><Name>בת שבע לב</Name><Telephone>02-5001113</Telephone></DirectoryEntry><DirectoryEntry><Name>בנימין שלמה לבקוביץ</Name><Telephone>053 4121548</Telephone></DirectoryEntry><DirectoryEntry><Name>בנימין לדרברגר</Name><Telephone>02-9993664</Telephone><Telephone>058-3245000</Telephone></DirectoryEntry><DirectoryEntry><Name>ברוך לובינסקי</Name><Telephone>02-6511752</Telephone><Telephone>053-3161236</Telephone></DirectoryEntry><DirectoryEntry><Name>בצלאל לודמיר</Name><Telephone>02-9952539</Telephone><Telephone>052-7698479</Telephone></DirectoryEntry><DirectoryEntry><Name>ברוך ליבוביץ</Name><Telephone>02-5386258</Telephone></DirectoryEntry><DirectoryEntry><Name>בן ציון שמעון ליברמן</Name><Telephone>08-8000870</Telephone></DirectoryEntry><DirectoryEntry><Name>בנימין ליהמן</Name><Telephone>077-3088728</Telephone><Telephone>054-8435338</Telephone></DirectoryEntry><DirectoryEntry><Name>ברוך מרדכי ליכטנשטיין</Name></DirectoryEntry><DirectoryEntry><Name>ברוך מרדכי ליכטנשטיין</Name></DirectoryEntry><DirectoryEntry><Name>ברכה ליכטנשטיין</Name><Telephone>03-5793938</Telephone><Telephone>053-3157939</Telephone></DirectoryEntry><DirectoryEntry><Name>בן ציון ליפשיץ</Name><Telephone>02-9916660</Telephone><Telephone>052-7678255</Telephone></DirectoryEntry><DirectoryEntry><Name>בצלאל ליצמן</Name><Telephone>02-5388711</Telephone><Telephone>053-3188711</Telephone></DirectoryEntry><DirectoryEntry><Name>בנימין דוד למברגר</Name></DirectoryEntry><DirectoryEntry><Name>ברוך יצחק לנדאו</Name><Telephone>02-9926193</Telephone><Telephone>054-8436227</Telephone></DirectoryEntry><DirectoryEntry><Name>ברוך אליהו לנדסברג</Name><Telephone>08-6344884</Telephone></DirectoryEntry><DirectoryEntry><Name>ברוך אליהו לנדסברג</Name><Telephone>053 3120052</Telephone></DirectoryEntry><DirectoryEntry><Name>בער לייב לנצ'בסקי</Name><Telephone>054-8598509</Telephone></DirectoryEntry><DirectoryEntry><Name>בנימין זאב מאירוביץ</Name><Telephone>02-5863120</Telephone><Telephone>052-7619808</Telephone></DirectoryEntry><DirectoryEntry><Name>בנימין נתן מונדרוביץ</Name></DirectoryEntry><DirectoryEntry><Name>ברוך מונטג</Name><Telephone>052-7176842</Telephone></DirectoryEntry><DirectoryEntry><Name>בנימין מוסבאכר</Name><Telephone>02-5322523</Telephone><Telephone>053-3151710</Telephone></DirectoryEntry><DirectoryEntry><Name>בן ציון מורגנשטרן</Name></DirectoryEntry><DirectoryEntry><Name>בן ציון מילשטיין</Name><Telephone>058 3285720</Telephone><Telephone>058-3285721</Telephone></DirectoryEntry><DirectoryEntry><Name>בן ציון מלאך</Name><Telephone>054 3313268</Telephone></DirectoryEntry><DirectoryEntry><Name>בנימין מנדלבוים</Name><Telephone>03-5781946</Telephone></DirectoryEntry><DirectoryEntry><Name>בנימין מנדלזון</Name><Telephone>08-8020266</Telephone></DirectoryEntry><DirectoryEntry><Name>בנימין מנדלזון</Name><Telephone>02-5370697</Telephone><Telephone>054-8470697</Telephone></DirectoryEntry><DirectoryEntry><Name>בנימין מנדלזון</Name><Telephone>050-4134056</Telephone></DirectoryEntry><DirectoryEntry><Name>בצלאל חיים מנדלסון</Name><Telephone>08-8540552</Telephone><Telephone>053-3103020</Telephone></DirectoryEntry><DirectoryEntry><Name>בנימין שלמה מרגליות</Name><Telephone>08-8666282</Telephone></DirectoryEntry><DirectoryEntry><Name>בצלאל מרגליות</Name><Telephone>058-3221333</Telephone></DirectoryEntry><DirectoryEntry><Name>בנימין מרוקו</Name><Telephone>03-5708528</Telephone><Telephone>054-8451860</Telephone></DirectoryEntry><DirectoryEntry><Name>ברוך מרדכי מרקוביץ</Name><Telephone>052 7614429</Telephone></DirectoryEntry><DirectoryEntry><Name>בנימין מרקס</Name><Telephone>02-5384679</Telephone></DirectoryEntry><DirectoryEntry><Name>בניה נבנצל</Name><Telephone>02-6518434</Telephone></DirectoryEntry><DirectoryEntry><Name>ברוך יהודה אריה נויבירט</Name><Telephone>03-8000777</Telephone></DirectoryEntry><DirectoryEntry><Name>בצלאל יהודה אריה ליי נוסבוים</Name><Telephone>03-8078887</Telephone></DirectoryEntry><DirectoryEntry><Name>ברוך נוסבוים</Name><Telephone>08 8042444</Telephone></DirectoryEntry><DirectoryEntry><Name>ברוך ירחמיאל נח נוסבוים</Name></DirectoryEntry><DirectoryEntry><Name>ברוך מנחם מנדל נוסבוים</Name><Telephone>08-8606734</Telephone><Telephone>052-7669097</Telephone></DirectoryEntry><DirectoryEntry><Name>בנימין יחזקאל ניימן</Name><Telephone>058-3254560</Telephone></DirectoryEntry><DirectoryEntry><Name>בצלאל יצחק ניימן</Name><Telephone>03-6160087</Telephone></DirectoryEntry><DirectoryEntry><Name>ביילא סגינר</Name><Telephone>03-5745317</Telephone></DirectoryEntry><DirectoryEntry><Name>בנימין אריה לייב ערערא</Name><Telephone>08-9974892</Telephone></DirectoryEntry><DirectoryEntry><Name>ברכה פאלוך</Name></DirectoryEntry><DirectoryEntry><Name>בנימין ישראל פדר</Name><Telephone>03-6163473</Telephone><Telephone>050-4141953</Telephone></DirectoryEntry><DirectoryEntry><Name>בלימה פולטורק</Name><Telephone>02-5713848</Telephone></DirectoryEntry><DirectoryEntry><Name>ברוך חיים פינקלשטיין</Name><Telephone>08-8540347</Telephone><Telephone>054-8421309</Telephone></DirectoryEntry><DirectoryEntry><Name>ברוך משה פינקלשטיין</Name><Telephone>02-8020056</Telephone><Telephone>052-7187698</Telephone></DirectoryEntry><DirectoryEntry><Name>ברוך פלוסברג</Name><Telephone>02-5376062</Telephone></DirectoryEntry><DirectoryEntry><Name>בנימין מנחם פרומן</Name></DirectoryEntry><DirectoryEntry><Name>בן ציון פרידמן</Name><Telephone>03-6196357</Telephone></DirectoryEntry><DirectoryEntry><Name>ברוך אברהם פרידמן</Name><Telephone>02-6255578</Telephone></DirectoryEntry><DirectoryEntry><Name>בתיה פרלמוטר</Name><Telephone>02-5380837</Telephone><Telephone>054-8480511</Telephone></DirectoryEntry><DirectoryEntry><Name>ברוך פרנבך</Name><Telephone>08-8001206</Telephone><Telephone>054-8431206</Telephone></DirectoryEntry><DirectoryEntry><Name>בן ציון פרנקל</Name><Telephone>08-8678472</Telephone><Telephone>053-3175170</Telephone></DirectoryEntry><DirectoryEntry><Name>ברוך פרנקל</Name></DirectoryEntry><DirectoryEntry><Name>בנימין זאב פרקל</Name><Telephone>08-8556196</Telephone><Telephone>053-3160662</Telephone></DirectoryEntry><DirectoryEntry><Name>ברוך יצחק פרקל</Name><Telephone>03-6499446</Telephone><Telephone>053-3177020</Telephone></DirectoryEntry><DirectoryEntry><Name>בלומה פשדנובק</Name><Telephone>08-8656971</Telephone></DirectoryEntry><DirectoryEntry><Name>ברכה פשנדזה</Name><Telephone>02-5823831</Telephone><Telephone>053-3180174</Telephone></DirectoryEntry><DirectoryEntry><Name>ברוך משה צימרמן</Name><Telephone>02-5327562</Telephone><Telephone>054-8448830</Telephone></DirectoryEntry><DirectoryEntry><Name>בונם צישינסקי</Name><Telephone>053 3170516</Telephone></DirectoryEntry><DirectoryEntry><Name>ברוך יצחק צישינסקי</Name><Telephone>03-6194038</Telephone><Telephone>053-3114222</Telephone></DirectoryEntry><DirectoryEntry><Name>בנימין קאהן</Name><Telephone>02-5386998</Telephone></DirectoryEntry><DirectoryEntry><Name>בצלאל צבי קובלסקי</Name><Telephone>02-5374803</Telephone></DirectoryEntry><DirectoryEntry><Name>ברכה קוזק</Name><Telephone>03-6851880</Telephone><Telephone>053-3151880</Telephone></DirectoryEntry><DirectoryEntry><Name>ברוך קוטיינר</Name><Telephone>050-4113168</Telephone></DirectoryEntry><DirectoryEntry><Name>ברוך קוטיינר</Name></DirectoryEntry><DirectoryEntry><Name>בנימין מנחם קופילוביץ</Name></DirectoryEntry><DirectoryEntry><Name>ברוך בנימין זאב קופרברג</Name><Telephone>08-8542588</Telephone><Telephone>053-3113000</Telephone></DirectoryEntry><DirectoryEntry><Name>ברוך משה קורנגוט</Name><Telephone>077-7030302</Telephone><Telephone>052-7133336</Telephone></DirectoryEntry><DirectoryEntry><Name>ברכה קורניק</Name><Telephone>02-5380940</Telephone><Telephone>052-7120010</Telephone></DirectoryEntry><DirectoryEntry><Name>ברוך קושמרסקי</Name><Telephone>053-4190807</Telephone></DirectoryEntry><DirectoryEntry><Name>בת שבע קיין</Name><Telephone>02-9922038</Telephone><Telephone>05331-22038</Telephone></DirectoryEntry><DirectoryEntry><Name>בן ציון קימל</Name><Telephone>03-6197280</Telephone></DirectoryEntry><DirectoryEntry><Name>בן ציון קלוגמן</Name><Telephone>03-5707363</Telephone><Telephone>050-4141522</Telephone></DirectoryEntry><DirectoryEntry><Name>ברוך קליין</Name></DirectoryEntry><DirectoryEntry><Name>ברוך שרגא קמיונקה</Name><Telephone>058-3285240</Telephone></DirectoryEntry><DirectoryEntry><Name>בונם פנחס קמינר</Name><Telephone>055-6770689</Telephone></DirectoryEntry><DirectoryEntry><Name>בנימין קמינר</Name><Telephone>08-8645602</Telephone><Telephone>050-4100848</Telephone></DirectoryEntry><DirectoryEntry><Name>ברכה קנובלוביץ</Name><Telephone>08-6883678</Telephone></DirectoryEntry><DirectoryEntry><Name>בלומה קנפלמכר</Name><Telephone>08-6883566</Telephone></DirectoryEntry><DirectoryEntry><Name>בנימין קנפלמכר</Name><Telephone>08-8649311</Telephone></DirectoryEntry><DirectoryEntry><Name>ברוך דוד קריימן</Name><Telephone>077-6155511</Telephone></DirectoryEntry><DirectoryEntry><Name>ברוך קרנבייסר</Name><Telephone>08-8640060</Telephone><Telephone>052-7160067</Telephone></DirectoryEntry><DirectoryEntry><Name>בנימין ראנד</Name><Telephone>08-8645677</Telephone><Telephone>053-3131677</Telephone></DirectoryEntry><DirectoryEntry><Name>ברכה רובין</Name><Telephone>03-5791775</Telephone></DirectoryEntry><DirectoryEntry><Name>בן ציון רובינשטיין</Name><Telephone>073-7241444</Telephone></DirectoryEntry><DirectoryEntry><Name>בנימין ישעיהו רוזנברגר</Name><Telephone>052 7627178</Telephone></DirectoryEntry><DirectoryEntry><Name>בנימין רוזנטל</Name><Telephone>052 7631616</Telephone></DirectoryEntry><DirectoryEntry><Name>ברוך אליהו רוזנטל</Name><Telephone>03-6197793</Telephone><Telephone>052-7688742</Telephone></DirectoryEntry><DirectoryEntry><Name>בצלאל יוסף רוזנצווייג</Name><Telephone>08-8670490</Telephone><Telephone>052-7653355</Telephone></DirectoryEntry><DirectoryEntry><Name>בנימין רוזנשטרוך</Name><Telephone>02 9920127</Telephone><Telephone>053-3170154</Telephone></DirectoryEntry><DirectoryEntry><Name>בונם חיים רוטנברג</Name><Telephone>053 3192210</Telephone></DirectoryEntry><DirectoryEntry><Name>ברוך מרדכי רוטנברג</Name><Telephone>03-6180157</Telephone></DirectoryEntry><DirectoryEntry><Name>בן ציון רוטשטיין</Name><Telephone>052-7124773</Telephone><Telephone>052-7124773</Telephone></DirectoryEntry><DirectoryEntry><Name>בנימין ברוך רוטשטיין</Name><Telephone>02-5023885</Telephone><Telephone>053-3111702</Telephone></DirectoryEntry><DirectoryEntry><Name>ברוך שמעון רוטשטיין</Name><Telephone>03-5705367</Telephone></DirectoryEntry><DirectoryEntry><Name>בן ציון רוטשילד</Name><Telephone>052 7667106</Telephone></DirectoryEntry><DirectoryEntry><Name>בורוכוב רומן</Name></DirectoryEntry><DirectoryEntry><Name>בנימין רושגולד</Name><Telephone>08-8648657</Telephone><Telephone>050-4124020</Telephone></DirectoryEntry><DirectoryEntry><Name>ברוך בנימין רושגולד</Name><Telephone>03-6197172</Telephone><Telephone>054-8402456</Telephone></DirectoryEntry><DirectoryEntry><Name>ברוך רייך</Name><Telephone>02-5023569</Telephone><Telephone>053-3184902</Telephone></DirectoryEntry><DirectoryEntry><Name>בנימין פנחס מנחם רייכברד</Name><Telephone>055 6799223</Telephone></DirectoryEntry><DirectoryEntry><Name>בן ציון משה רייכמן</Name><Telephone>08-8544149</Telephone><Telephone>050-4131208</Telephone></DirectoryEntry><DirectoryEntry><Name>בנימין יוסף חיים רייס</Name><Telephone>02-9999991</Telephone><Telephone>050-4101000</Telephone></DirectoryEntry><DirectoryEntry><Name>בונים שארר</Name><Telephone>08 8020304</Telephone></DirectoryEntry><DirectoryEntry><Name>ברוך דב שוורץ</Name><Telephone>02-8080035</Telephone></DirectoryEntry><DirectoryEntry><Name>ברוך זאב שוורץ</Name><Telephone>08-8001516</Telephone><Telephone>054-8599003</Telephone></DirectoryEntry><DirectoryEntry><Name>ברוך שוורצמן</Name></DirectoryEntry><DirectoryEntry><Name>בנימין שטיין</Name></DirectoryEntry><DirectoryEntry><Name>בנימין זאב שטיינהרט</Name><Telephone>03-5780116</Telephone><Telephone>050-4160677</Telephone></DirectoryEntry><DirectoryEntry><Name>ברוך שטייר</Name><Telephone>03-5708014</Telephone><Telephone>050-4174317</Telephone></DirectoryEntry><DirectoryEntry><Name>בן ציון שטיצברג</Name><Telephone>054 8533821</Telephone><Telephone>058-3224893</Telephone></DirectoryEntry><DirectoryEntry><Name>בן ציון שטיצברג</Name><Telephone>02 5667034</Telephone></DirectoryEntry><DirectoryEntry><Name>בנימין שלמה שטרן</Name></DirectoryEntry><DirectoryEntry><Name>בצלאל שטרן</Name><Telephone>02-5386206</Telephone><Telephone>052-7642640</Telephone></DirectoryEntry><DirectoryEntry><Name>בנימין שמחה בונם שיינמן</Name><Telephone>052 7653822</Telephone></DirectoryEntry><DirectoryEntry><Name>בנימין שכטר</Name><Telephone>08-8647730</Telephone><Telephone>053-3147730</Telephone></DirectoryEntry><DirectoryEntry><Name>ברוך שכטר</Name><Telephone>052-7111339</Telephone></DirectoryEntry><DirectoryEntry><Name>בנימין שלסר</Name><Telephone>03-5791712</Telephone><Telephone>052-7625503</Telephone></DirectoryEntry><DirectoryEntry><Name>בנימין שמשון שלסר</Name><Telephone>08-8640788</Telephone><Telephone>052-7149328</Telephone></DirectoryEntry><DirectoryEntry><Name>ברוך מנחם שלסר</Name><Telephone>08-8641257</Telephone><Telephone>052-7622279</Telephone></DirectoryEntry><DirectoryEntry><Name>ברוך שמחה שלסר</Name><Telephone>054 8534683</Telephone></DirectoryEntry><DirectoryEntry><Name>ברוך שמחה שלסר</Name><Telephone>08-9971920</Telephone></DirectoryEntry><DirectoryEntry><Name>בונים שמחה</Name><Telephone>058 3288842</Telephone><Telephone>058-3213044</Telephone></DirectoryEntry><DirectoryEntry><Name>בונם שמחה</Name><Telephone>02-8000031</Telephone></DirectoryEntry><DirectoryEntry><Name>בן ציון אלתר שניידר</Name><Telephone>058 3295030</Telephone><Telephone>055-6733353</Telephone></DirectoryEntry><DirectoryEntry><Name>בצלאל שרייבהנד</Name><Telephone>08-8557712</Telephone><Telephone>052-7683600</Telephone></DirectoryEntry><DirectoryEntry><Name>בצלאל שרייבהנד</Name><Telephone>054 8412150</Telephone></DirectoryEntry><DirectoryEntry><Name>בצלאל שרייבהנד</Name></DirectoryEntry></YealinkIPPhoneDirectory>