<?xml version='1.0' encoding='utf-8'?>
<YealinkIPPhoneDirectory><DirectoryEntry><Name>גבריאל מנחם אברמוביץ</Name><Telephone>04-6931379</Telephone><Telephone>052-7615617</Telephone></DirectoryEntry><DirectoryEntry><Name>גדליה זוסיא אברמוביץ</Name><Telephone>077-2400070</Telephone></DirectoryEntry><DirectoryEntry><Name>גבריאל אדלר</Name><Telephone>08-9952592</Telephone><Telephone>052-7639100</Telephone></DirectoryEntry><DirectoryEntry><Name>גבריאל דוד אדלר</Name><Telephone>02-5374397</Telephone><Telephone>050-4156956</Telephone></DirectoryEntry><DirectoryEntry><Name>גבריאל משה אדלר</Name><Telephone>02-5022760</Telephone><Telephone>053-3155700</Telephone></DirectoryEntry><DirectoryEntry><Name>גבריאל יהודה אילוביץ</Name><Telephone>03-6198630</Telephone><Telephone>050-4112606</Telephone></DirectoryEntry><DirectoryEntry><Name>גרשון אלטוסקי</Name><Telephone>02-5376254</Telephone></DirectoryEntry><DirectoryEntry><Name>גרשון לייב באטוס</Name><Telephone>02-9993486</Telephone><Telephone>052-7172231</Telephone></DirectoryEntry><DirectoryEntry><Name>גרשון שמחה בונם בוקי</Name></DirectoryEntry><DirectoryEntry><Name>גיטה בידרמן</Name><Telephone>03-6737884</Telephone></DirectoryEntry><DirectoryEntry><Name>גדליהו בלר</Name><Telephone>02-9926082</Telephone><Telephone>052-7139639</Telephone></DirectoryEntry><DirectoryEntry><Name>גיזעלא בקר</Name><Telephone>02-5372254</Telephone></DirectoryEntry><DirectoryEntry><Name>גיטל ברלינר</Name><Telephone>077-7066660</Telephone><Telephone>054-8457942</Telephone></DirectoryEntry><DirectoryEntry><Name>גדליהו ברנסון</Name><Telephone>04-8044421</Telephone></DirectoryEntry><DirectoryEntry><Name>גד ברסלר</Name><Telephone>08-8001617</Telephone><Telephone>054-8411618</Telephone></DirectoryEntry><DirectoryEntry><Name>גדליה גולד</Name><Telephone>02-5381143</Telephone><Telephone>052-7613160</Telephone></DirectoryEntry><DirectoryEntry><Name>גרשון גולד</Name><Telephone>03-6185366</Telephone></DirectoryEntry><DirectoryEntry><Name>גרשון יהודה לייב גולדברג</Name><Telephone>08-8556308</Telephone><Telephone>053-3131355</Telephone></DirectoryEntry><DirectoryEntry><Name>גדליה משה גולדמן</Name><Telephone>058 3225843</Telephone></DirectoryEntry><DirectoryEntry><Name>גבריאל גליקסון</Name><Telephone>08-8039021</Telephone><Telephone>053-3180390</Telephone></DirectoryEntry><DirectoryEntry><Name>גרשון גנז</Name><Telephone>054 8501681</Telephone></DirectoryEntry><DirectoryEntry><Name>גדליה גרוסמן</Name><Telephone>058 3231404</Telephone></DirectoryEntry><DirectoryEntry><Name>גאולה גשייד</Name><Telephone>03-6182884</Telephone></DirectoryEntry><DirectoryEntry><Name>גולדה זהבה דויטש</Name><Telephone>02-5000149</Telephone></DirectoryEntry><DirectoryEntry><Name>גדליה הרשברג</Name></DirectoryEntry><DirectoryEntry><Name>גבריאל וידיסלבסקי</Name><Telephone>03-6473779</Telephone><Telephone>052-7661400</Telephone></DirectoryEntry><DirectoryEntry><Name>גרשון חנוך וינדרבוים</Name><Telephone>03 5707358</Telephone></DirectoryEntry><DirectoryEntry><Name>גולדה וינטרוב</Name><Telephone>03-5791283</Telephone></DirectoryEntry><DirectoryEntry><Name>גרשון זוינצקי</Name><Telephone>052-7153265</Telephone></DirectoryEntry><DirectoryEntry><Name>גדליה זילברברג</Name><Telephone>08-8569666</Telephone></DirectoryEntry><DirectoryEntry><Name>גרשון זלצר</Name><Telephone>058-3242765</Telephone></DirectoryEntry><DirectoryEntry><Name>גד זעלמאן</Name></DirectoryEntry><DirectoryEntry><Name>גבריאל חרש</Name><Telephone>02-6730043</Telephone><Telephone>053-3134002</Telephone></DirectoryEntry><DirectoryEntry><Name>גרשון טאפאלא</Name><Telephone>02-5001928</Telephone><Telephone>053-3100171</Telephone></DirectoryEntry><DirectoryEntry><Name>גדליהו מרדכי יודקביץ</Name><Telephone>02-5823280</Telephone><Telephone>054-8449587</Telephone></DirectoryEntry><DirectoryEntry><Name>גרשון כץ</Name><Telephone>04-8642717</Telephone></DirectoryEntry><DirectoryEntry><Name>גיטל כרמל</Name></DirectoryEntry><DirectoryEntry><Name>גדליהו לב</Name></DirectoryEntry><DirectoryEntry><Name>גבריאל לוק</Name><Telephone>03-6195705</Telephone><Telephone>053-3161958</Telephone></DirectoryEntry><DirectoryEntry><Name>גרשון צבי ליכטשיין</Name><Telephone>03-5701966</Telephone><Telephone>050-4133359</Telephone></DirectoryEntry><DirectoryEntry><Name>גרשון ידידיה לסקי</Name><Telephone>732-5528357</Telephone></DirectoryEntry><DirectoryEntry><Name>גרשון חנוך לפה</Name><Telephone>02-9926329</Telephone><Telephone>052-7198232</Telephone></DirectoryEntry><DirectoryEntry><Name>גרשון לרר</Name><Telephone>03-6160159</Telephone><Telephone>054-8598182</Telephone></DirectoryEntry><DirectoryEntry><Name>גאב"ד מאקווא</Name><Telephone>04-8440942</Telephone></DirectoryEntry><DirectoryEntry><Name>גד מורגנשטרן</Name><Telephone>08 8535227</Telephone><Telephone>050-4172797</Telephone></DirectoryEntry><DirectoryEntry><Name>גד מורגנשטרן</Name></DirectoryEntry><DirectoryEntry><Name>גד מלאך</Name><Telephone>08-8660475</Telephone><Telephone>054-8458096</Telephone></DirectoryEntry><DirectoryEntry><Name>גיטה מרוקו</Name><Telephone>03-6185527</Telephone></DirectoryEntry><DirectoryEntry><Name>גיטל חנה מרקסון</Name><Telephone>08-8543739</Telephone><Telephone>053-3143739</Telephone></DirectoryEntry><DirectoryEntry><Name>גבריאל ניימן</Name><Telephone>058 3259797</Telephone></DirectoryEntry><DirectoryEntry><Name>גבריאל יצחק ניימן</Name><Telephone>02-5389687</Telephone><Telephone>052-7636000</Telephone></DirectoryEntry><DirectoryEntry><Name>גדליה סבינר</Name><Telephone>02-6528544</Telephone><Telephone>053-3113040</Telephone></DirectoryEntry><DirectoryEntry><Name>גד רפאל צבי פאלוך</Name><Telephone>08-8033077</Telephone></DirectoryEntry><DirectoryEntry><Name>גרשון פלדמן</Name><Telephone>02-6255167</Telephone><Telephone>052-7696879</Telephone></DirectoryEntry><DirectoryEntry><Name>גרשון חנוך פלדמן</Name><Telephone>03-5780546</Telephone><Telephone>054-8459969</Telephone></DirectoryEntry><DirectoryEntry><Name>גבריאל פריד</Name><Telephone>08-8667991</Telephone><Telephone>052-7656611</Telephone></DirectoryEntry><DirectoryEntry><Name>גדליה פרידמן</Name><Telephone>08-8663230</Telephone><Telephone>052-7620363</Telephone></DirectoryEntry><DirectoryEntry><Name>גיטה פשדנובק</Name></DirectoryEntry><DirectoryEntry><Name>גרשון דב קוזליק</Name><Telephone>02-5867019</Telephone><Telephone>053-3144500</Telephone></DirectoryEntry><DirectoryEntry><Name>גמליאל דוד קורלנסקי</Name><Telephone>055 6782413</Telephone><Telephone>052-7615512</Telephone></DirectoryEntry><DirectoryEntry><Name>גד יהושע קלארק</Name><Telephone>03-8000079</Telephone><Telephone>052-7640568</Telephone></DirectoryEntry><DirectoryEntry><Name>גדליה אהרן קניג</Name><Telephone>03-6193673</Telephone><Telephone>05276-37126</Telephone></DirectoryEntry><DirectoryEntry><Name>גדליהו אהרן קעניג</Name></DirectoryEntry><DirectoryEntry><Name>גבריאל קפלר</Name><Telephone>04-6936455</Telephone><Telephone>052-7681348</Telephone></DirectoryEntry><DirectoryEntry><Name>גרשון דב קרויזר</Name><Telephone>08-8553297</Telephone></DirectoryEntry><DirectoryEntry><Name>גדעון קרויטהמר</Name><Telephone>052 7629752</Telephone></DirectoryEntry><DirectoryEntry><Name>גרשון חנוך קרמר</Name><Telephone>08-8045678</Telephone><Telephone>052-7671962</Telephone></DirectoryEntry><DirectoryEntry><Name>גד רובינפלד</Name><Telephone>050 4164976</Telephone></DirectoryEntry><DirectoryEntry><Name>גרשון רובינשטיין</Name><Telephone>058 3245648</Telephone></DirectoryEntry><DirectoryEntry><Name>גולדה זהבה רוזנוולד</Name><Telephone>02-5374308</Telephone><Telephone>053-3128688</Telephone></DirectoryEntry><DirectoryEntry><Name>גרשון שמואל רוטנברג</Name><Telephone>058-3275575</Telephone><Telephone>058-3275576</Telephone></DirectoryEntry><DirectoryEntry><Name>גבריאל רויד</Name></DirectoryEntry><DirectoryEntry><Name>גדליהו שארר</Name><Telephone>02-5798821</Telephone></DirectoryEntry><DirectoryEntry><Name>גדליה שוורץ</Name><Telephone>077-4250334</Telephone><Telephone>052-7164850</Telephone></DirectoryEntry><DirectoryEntry><Name>גדליה שוורץ</Name><Telephone>03-6165525</Telephone><Telephone>052-7600151</Telephone></DirectoryEntry><DirectoryEntry><Name>גדליהו שוורץ</Name><Telephone>053 4133746</Telephone></DirectoryEntry><DirectoryEntry><Name>גבריאל משה שטאובר</Name><Telephone>02-5818792</Telephone><Telephone>050-4117087</Telephone></DirectoryEntry><DirectoryEntry><Name>גילה שטינמץ</Name><Telephone>04-8445859</Telephone></DirectoryEntry><DirectoryEntry><Name>גולדה שטרן</Name><Telephone>09-8612679</Telephone><Telephone>050-5384244</Telephone></DirectoryEntry></YealinkIPPhoneDirectory>