<?xml version='1.0' encoding='utf-8'?>
<YealinkIPPhoneDirectory><DirectoryEntry><Name>דוד אבוביץ</Name><Telephone>058 3245047</Telephone><Telephone>055-6739303</Telephone></DirectoryEntry><DirectoryEntry><Name>דוד נתן אבוביץ</Name><Telephone>02-5863573</Telephone><Telephone>053-3158635</Telephone></DirectoryEntry><DirectoryEntry><Name>דוד אברמוביץ</Name><Telephone>08-9952120</Telephone><Telephone>050-4188209</Telephone></DirectoryEntry><DirectoryEntry><Name>דוד אהרן אדלר</Name><Telephone>02-5325147</Telephone><Telephone>053-3188253</Telephone></DirectoryEntry><DirectoryEntry><Name>דוד מאיר אדלר</Name><Telephone>053-4190011</Telephone></DirectoryEntry><DirectoryEntry><Name>דוד שאלתיאל אדלר</Name><Telephone>03-5707780</Telephone><Telephone>053-3150120</Telephone></DirectoryEntry><DirectoryEntry><Name>דוד יהונתן אולבסקי</Name><Telephone>03-6185338</Telephone><Telephone>050-4167277</Telephone></DirectoryEntry><DirectoryEntry><Name>דוד נחמן אולמן</Name><Telephone>08-8534757</Telephone><Telephone>053-3107027</Telephone></DirectoryEntry><DirectoryEntry><Name>דוד אוסטרי</Name><Telephone>02-5864277</Telephone><Telephone>05276-38990</Telephone></DirectoryEntry><DirectoryEntry><Name>דוד אוקסנברג</Name><Telephone>02-5386098</Telephone><Telephone>054-8444194</Telephone></DirectoryEntry><DirectoryEntry><Name>דוד ירחמיאל אורבך</Name><Telephone>054-8408583</Telephone></DirectoryEntry><DirectoryEntry><Name>דוד צבי אורבך</Name><Telephone>03-8060045</Telephone></DirectoryEntry><DirectoryEntry><Name>דוד צבי אורלינסקי</Name><Telephone>08-8649295</Telephone><Telephone>050-4186492</Telephone></DirectoryEntry><DirectoryEntry><Name>דינה אורליק</Name><Telephone>02-6522797</Telephone></DirectoryEntry><DirectoryEntry><Name>דוד שמעון אורנבך</Name><Telephone>02-5861861</Telephone><Telephone>052-7618254</Telephone></DirectoryEntry><DirectoryEntry><Name>דבורה אושפיזאי</Name><Telephone>03-7516628</Telephone><Telephone>054-6702182</Telephone></DirectoryEntry><DirectoryEntry><Name>דוד מאיר אושפיזאי</Name><Telephone>08-8642567</Telephone><Telephone>054-8457892</Telephone></DirectoryEntry><DirectoryEntry><Name>דב מיכל איבנבוים</Name><Telephone>02-5383310</Telephone><Telephone>052-7608833</Telephone></DirectoryEntry><DirectoryEntry><Name>דב בעריש אייזן</Name><Telephone>03-5708268</Telephone><Telephone>053-3157082</Telephone></DirectoryEntry><DirectoryEntry><Name>דוד אייזנר</Name><Telephone>02-5328759</Telephone><Telephone>052-7153581</Telephone></DirectoryEntry><DirectoryEntry><Name>דב אייכנטל</Name><Telephone>08-8643704</Telephone><Telephone>053-3111777</Telephone></DirectoryEntry><DirectoryEntry><Name>דוד אירנשטיין</Name><Telephone>058-3210009</Telephone></DirectoryEntry><DirectoryEntry><Name>דוד אירנשטיין</Name><Telephone>053 4168817</Telephone></DirectoryEntry><DirectoryEntry><Name>דוד מאיר אירנשטיין</Name><Telephone>053 3127887</Telephone></DirectoryEntry><DirectoryEntry><Name>דוד גד אלבוים</Name><Telephone>053 3187191</Telephone></DirectoryEntry><DirectoryEntry><Name>דוד חנוך אלבוים</Name><Telephone>02-5386573</Telephone><Telephone>052-7616133</Telephone></DirectoryEntry><DirectoryEntry><Name>דוד חיים אלברט</Name><Telephone>077-4342352</Telephone><Telephone>052-7626450</Telephone></DirectoryEntry><DirectoryEntry><Name>דוד אלימלך אלברשטיין</Name><Telephone>03-5705269</Telephone><Telephone>053-3145269</Telephone></DirectoryEntry><DirectoryEntry><Name>דוד משה אליאס</Name><Telephone>03-5707293</Telephone><Telephone>05276-70152</Telephone></DirectoryEntry><DirectoryEntry><Name>דוד אלתר</Name><Telephone>02-5381532</Telephone></DirectoryEntry><DirectoryEntry><Name>דוד הערש אנגל</Name><Telephone>03-6168481</Telephone><Telephone>054-8436306</Telephone></DirectoryEntry><DirectoryEntry><Name>דב יהושע אספיס</Name><Telephone>02-9922526</Telephone><Telephone>052-7672910</Telephone></DirectoryEntry><DirectoryEntry><Name>דוד אפל</Name><Telephone>03-6184007</Telephone></DirectoryEntry><DirectoryEntry><Name>דן אפשטיין</Name><Telephone>03-5783071</Telephone><Telephone>050-3216650</Telephone></DirectoryEntry><DirectoryEntry><Name>דב ארזון</Name><Telephone>03-5706585</Telephone><Telephone>053-3157064</Telephone></DirectoryEntry><DirectoryEntry><Name>דוד ארנרייך</Name><Telephone>055 6729770</Telephone><Telephone>053-4135911</Telephone></DirectoryEntry><DirectoryEntry><Name>דוד אשכנזי</Name><Telephone>08-8669324</Telephone><Telephone>050-4148339</Telephone></DirectoryEntry><DirectoryEntry><Name>דב מאיר אשר</Name><Telephone>08-9952722</Telephone><Telephone>053-3107913</Telephone></DirectoryEntry><DirectoryEntry><Name>דוד יהודה אריה בהגן</Name><Telephone>03-6185155</Telephone><Telephone>052-7635026</Telephone></DirectoryEntry><DirectoryEntry><Name>דוד בוים</Name><Telephone>053 3179212</Telephone></DirectoryEntry><DirectoryEntry><Name>דוד יהושע בורז'יקובסקי</Name></DirectoryEntry><DirectoryEntry><Name>דוד נתן בורז'יקובסקי</Name><Telephone>08-8523169</Telephone><Telephone>052-7609147</Telephone></DirectoryEntry><DirectoryEntry><Name>דוד בורנשטיין</Name></DirectoryEntry><DirectoryEntry><Name>דוד אליקום ביבלה</Name><Telephone>058 3241435</Telephone></DirectoryEntry><DirectoryEntry><Name>דוד נפתלי הערץ בירנבוים</Name><Telephone>02-6281243</Telephone><Telephone>054-8571818</Telephone></DirectoryEntry><DirectoryEntry><Name>דב בירנשטוק</Name><Telephone>03-6180770</Telephone><Telephone>053-3175065</Telephone></DirectoryEntry><DirectoryEntry><Name>דב בלז</Name><Telephone>09-8610752</Telephone></DirectoryEntry><DirectoryEntry><Name>דוד בלייברג</Name><Telephone>054 6380170</Telephone></DirectoryEntry><DirectoryEntry><Name>דוד בלימן</Name><Telephone>0526-333441</Telephone></DirectoryEntry><DirectoryEntry><Name>דוד אריה בלסבלג</Name><Telephone>072-2357013</Telephone><Telephone>052-7121674</Telephone></DirectoryEntry><DirectoryEntry><Name>דוד צבי בנדיקט</Name></DirectoryEntry><DirectoryEntry><Name>דב בקר</Name><Telephone>09-8339124</Telephone></DirectoryEntry><DirectoryEntry><Name>דוד בקר</Name><Telephone>04-8021015</Telephone></DirectoryEntry><DirectoryEntry><Name>דוד ברגשטיין</Name></DirectoryEntry><DirectoryEntry><Name>דוד זיסמן ברוידא</Name><Telephone>02-9916057</Telephone><Telephone>053-3116056</Telephone></DirectoryEntry><DirectoryEntry><Name>דוד ברוינר</Name><Telephone>08-8584893</Telephone><Telephone>052-7651695</Telephone></DirectoryEntry><DirectoryEntry><Name>דוד ברוינר</Name><Telephone>055 6780771</Telephone><Telephone>053-4100893</Telephone></DirectoryEntry><DirectoryEntry><Name>דוד ברין</Name><Telephone>02-5000782</Telephone><Telephone>050-4128288</Telephone></DirectoryEntry><DirectoryEntry><Name>דניאל ברין</Name></DirectoryEntry><DirectoryEntry><Name>דוד ברנד</Name><Telephone>02-5381085</Telephone><Telephone>05276-27704</Telephone></DirectoryEntry><DirectoryEntry><Name>דוד זעליג ברנשטיין</Name></DirectoryEntry><DirectoryEntry><Name>דב גד ברסלר</Name><Telephone>08-8667517</Telephone><Telephone>052-7692128</Telephone></DirectoryEntry><DirectoryEntry><Name>דוד ברסקי</Name><Telephone>055-6733429</Telephone></DirectoryEntry><DirectoryEntry><Name>דוב גביוף</Name><Telephone>052 7128977</Telephone><Telephone>058-3238797</Telephone></DirectoryEntry><DirectoryEntry><Name>דב גבריאלוב</Name><Telephone>02-9922422</Telephone><Telephone>053-3124785</Telephone></DirectoryEntry><DirectoryEntry><Name>דוד שלום גבריאלוב</Name><Telephone>03-6180790</Telephone><Telephone>053-3161807</Telephone></DirectoryEntry><DirectoryEntry><Name>דבורה בלומה גובנר</Name><Telephone>02-5370867</Telephone></DirectoryEntry><DirectoryEntry><Name>דניאל יצחק גובנר</Name></DirectoryEntry><DirectoryEntry><Name>דוד גוטליב</Name><Telephone>058 3298080</Telephone></DirectoryEntry><DirectoryEntry><Name>דוד גוטליב</Name><Telephone>03-5785948</Telephone></DirectoryEntry><DirectoryEntry><Name>דוד גוטליב</Name><Telephone>08-8021112</Telephone></DirectoryEntry><DirectoryEntry><Name>דוד גוטמן</Name></DirectoryEntry><DirectoryEntry><Name>דוד אורי גוטמן</Name><Telephone>08-9560755</Telephone><Telephone>050-4185585</Telephone></DirectoryEntry><DirectoryEntry><Name>דוד יוסף גוטמן</Name><Telephone>058 3236855</Telephone><Telephone>058-3228720</Telephone></DirectoryEntry><DirectoryEntry><Name>דוד חיים גולדברג</Name><Telephone>052-6782233</Telephone></DirectoryEntry><DirectoryEntry><Name>דניאל גולדברג</Name><Telephone>03-6192549</Telephone><Telephone>052-7610595</Telephone></DirectoryEntry><DirectoryEntry><Name>דב ישעיה גולדווסר</Name><Telephone>03-5700508</Telephone><Telephone>054-8444930</Telephone></DirectoryEntry><DirectoryEntry><Name>דב בער גולדנברג</Name></DirectoryEntry><DirectoryEntry><Name>דוד מרדכי גולדנברג</Name><Telephone>02-9922979</Telephone></DirectoryEntry><DirectoryEntry><Name>דוד גולדקנופף</Name><Telephone>02-5868318</Telephone><Telephone>052-7617488</Telephone></DirectoryEntry><DirectoryEntry><Name>דוב בער גולדשטיין</Name><Telephone>02-5825243</Telephone></DirectoryEntry><DirectoryEntry><Name>דוד בועז גולדשטיין</Name></DirectoryEntry><DirectoryEntry><Name>דוד מנחם מנדל גטר</Name></DirectoryEntry><DirectoryEntry><Name>דניאל גילברט</Name><Telephone>052 7613449</Telephone></DirectoryEntry><DirectoryEntry><Name>דוד אהרן גליקסון</Name><Telephone>04-6931387</Telephone><Telephone>052-7147002</Telephone></DirectoryEntry><DirectoryEntry><Name>דוד יהודה גלקופף</Name></DirectoryEntry><DirectoryEntry><Name>דניאל דוד גרברציק</Name><Telephone>08-8642570</Telephone><Telephone>052-7650830</Telephone></DirectoryEntry><DirectoryEntry><Name>דב יצחק מרדכי גרוב</Name><Telephone>03-5707354</Telephone><Telephone>050-4151153</Telephone></DirectoryEntry><DirectoryEntry><Name>דוד שמשון גרובייס</Name><Telephone>053-3185440</Telephone><Telephone>053-3185441</Telephone></DirectoryEntry><DirectoryEntry><Name>דוד יהודה גרוס</Name><Telephone>04-6935873</Telephone><Telephone>053-3175505</Telephone></DirectoryEntry><DirectoryEntry><Name>דב בעריש גרינבוים</Name></DirectoryEntry><DirectoryEntry><Name>דוד גרינבוים</Name><Telephone>058 3211007</Telephone></DirectoryEntry><DirectoryEntry><Name>דב גרינבלט</Name><Telephone>08-9958493</Telephone><Telephone>052-7181303</Telephone></DirectoryEntry><DirectoryEntry><Name>דוד יהודה גרינפלד</Name><Telephone>02-5822119</Telephone><Telephone>054-8460607</Telephone></DirectoryEntry><DirectoryEntry><Name>דוד משה גרנביץ</Name><Telephone>03-6770263</Telephone><Telephone>053-3170263</Telephone></DirectoryEntry><DirectoryEntry><Name>דוד יוסף גרשטנקורן</Name><Telephone>077-5644938</Telephone><Telephone>053-3155199</Telephone></DirectoryEntry><DirectoryEntry><Name>דוד חיים דהאן</Name><Telephone>077-5015100</Telephone><Telephone>053-3101510</Telephone></DirectoryEntry><DirectoryEntry><Name>דוד גד דויטשר</Name><Telephone>02-9951350</Telephone><Telephone>052-7695499</Telephone></DirectoryEntry><DirectoryEntry><Name>דוד מאיר דז'אלובסקי</Name></DirectoryEntry><DirectoryEntry><Name>דוד דז'דק</Name></DirectoryEntry><DirectoryEntry><Name>דוד דייטש</Name><Telephone>02 8060077</Telephone></DirectoryEntry><DirectoryEntry><Name>דוד יהודה דיסקינד</Name></DirectoryEntry><DirectoryEntry><Name>דוד דנדרוביץ</Name><Telephone>053-4133522</Telephone></DirectoryEntry><DirectoryEntry><Name>דוד דנדרוביץ</Name><Telephone>058 3240466</Telephone></DirectoryEntry><DirectoryEntry><Name>דוד דרוק</Name><Telephone>04-8677607</Telephone><Telephone>052-7627841</Telephone></DirectoryEntry><DirectoryEntry><Name>דב הלל דריימן</Name><Telephone>02-5000533</Telephone><Telephone>052-7625033</Telephone></DirectoryEntry><DirectoryEntry><Name>דוד ירחמיאל דרנגר</Name><Telephone>08-8556887</Telephone><Telephone>054-8499089</Telephone></DirectoryEntry><DirectoryEntry><Name>דוד הדרי</Name><Telephone>03-5785488</Telephone></DirectoryEntry><DirectoryEntry><Name>דוד אהרן הוכברג</Name><Telephone>058-3272030</Telephone><Telephone>052-7690646</Telephone></DirectoryEntry><DirectoryEntry><Name>דב מרדכי הולצמן</Name><Telephone>03-6499153</Telephone><Telephone>053-3151172</Telephone></DirectoryEntry><DirectoryEntry><Name>דוד הולצמן</Name><Telephone>03-6196955</Telephone><Telephone>054-8415901</Telephone></DirectoryEntry><DirectoryEntry><Name>דוד הופרט</Name><Telephone>02-5380223</Telephone><Telephone>052-7633007</Telephone></DirectoryEntry><DirectoryEntry><Name>דב אברהם מרדכי היישריק</Name><Telephone>03-5702892</Telephone><Telephone>054-8494994</Telephone></DirectoryEntry><DirectoryEntry><Name>דוד הלפגוט</Name><Telephone>02-5371451</Telephone><Telephone>053-3144034</Telephone></DirectoryEntry><DirectoryEntry><Name>דוד הלר</Name><Telephone>02-5388588</Telephone></DirectoryEntry><DirectoryEntry><Name>דוד הלר</Name><Telephone>02-6446994</Telephone></DirectoryEntry><DirectoryEntry><Name>דוד שלמה המבורגר</Name><Telephone>02-9990596</Telephone><Telephone>053-3175206</Telephone></DirectoryEntry><DirectoryEntry><Name>דוד הנדלס</Name><Telephone>052 7193544</Telephone></DirectoryEntry><DirectoryEntry><Name>דב הנדלסמן</Name><Telephone>03-8000910</Telephone></DirectoryEntry><DirectoryEntry><Name>דב בעריש הפטקה</Name><Telephone>055 6731553</Telephone></DirectoryEntry><DirectoryEntry><Name>דוד הרצוג</Name><Telephone>08-8677714</Telephone><Telephone>052-7120140</Telephone></DirectoryEntry><DirectoryEntry><Name>דוד צבי שלמה הרשנבוים</Name><Telephone>053 3180111</Telephone></DirectoryEntry><DirectoryEntry><Name>דוד הרשקוביץ</Name><Telephone>03-5706494</Telephone><Telephone>050-4110837</Telephone></DirectoryEntry><DirectoryEntry><Name>דוד אברהם הרשקוביץ</Name><Telephone>03-6195474</Telephone></DirectoryEntry><DirectoryEntry><Name>דוד שלמה ובר</Name><Telephone>03-6185827</Telephone></DirectoryEntry><DirectoryEntry><Name>דוד וואלך</Name><Telephone>08-9972661</Telephone><Telephone>058-3222661</Telephone></DirectoryEntry><DirectoryEntry><Name>דוד צבי וואלקין</Name><Telephone>054-8402773</Telephone></DirectoryEntry><DirectoryEntry><Name>דוד וידיסלבסקי</Name><Telephone>03-5792582</Telephone><Telephone>053-3124684</Telephone></DirectoryEntry><DirectoryEntry><Name>דן וידנבוים</Name></DirectoryEntry><DirectoryEntry><Name>דוד דב וייזר</Name></DirectoryEntry><DirectoryEntry><Name>דוד חזקיהו וייס</Name><Telephone>04-8621387</Telephone><Telephone>054-8430900</Telephone></DirectoryEntry><DirectoryEntry><Name>דוד יואל וייס</Name><Telephone>04-6801042</Telephone><Telephone>052-7121435</Telephone></DirectoryEntry><DirectoryEntry><Name>דוד גד וינברג</Name><Telephone>055 6780981</Telephone></DirectoryEntry><DirectoryEntry><Name>דוד מרדכי וינברג</Name><Telephone>02-5004508</Telephone></DirectoryEntry><DirectoryEntry><Name>דוד שלמה וינגוט</Name><Telephone>08-8522881</Telephone><Telephone>052-7697157</Telephone></DirectoryEntry><DirectoryEntry><Name>דוד וינגרטן</Name><Telephone>02-6511561</Telephone><Telephone>054-8410017</Telephone></DirectoryEntry><DirectoryEntry><Name>דוד וינשטוק</Name><Telephone>02-9924448</Telephone><Telephone>052-7176932</Telephone></DirectoryEntry><DirectoryEntry><Name>דוד וינשטוק</Name><Telephone>02-5023710</Telephone></DirectoryEntry><DirectoryEntry><Name>דוד ויסבוים</Name><Telephone>02-8080053</Telephone><Telephone>050-4199402</Telephone></DirectoryEntry><DirectoryEntry><Name>דוד ויצמן</Name><Telephone>054 8556556</Telephone></DirectoryEntry><DirectoryEntry><Name>דוד וסרצוג</Name><Telephone>02-9922205</Telephone><Telephone>053-3122055</Telephone></DirectoryEntry><DirectoryEntry><Name>דוד וקס</Name></DirectoryEntry><DirectoryEntry><Name>דוד וקס</Name><Telephone>03-5791236</Telephone><Telephone>053-3191237</Telephone></DirectoryEntry><DirectoryEntry><Name>דב וקסברגר</Name></DirectoryEntry><DirectoryEntry><Name>דוד וקסלמן</Name><Telephone>08-8640672</Telephone><Telephone>050-4122782</Telephone></DirectoryEntry><DirectoryEntry><Name>דוד וקסלמן</Name><Telephone>08-8542825</Telephone><Telephone>053-3108346</Telephone></DirectoryEntry><DirectoryEntry><Name>דוד וקסלר</Name><Telephone>03-5701810</Telephone><Telephone>050-4101080</Telephone></DirectoryEntry><DirectoryEntry><Name>דוד וקסשטוק</Name><Telephone>055 6722983</Telephone></DirectoryEntry><DirectoryEntry><Name>דוד וקסשטוק</Name><Telephone>054 8593342</Telephone></DirectoryEntry><DirectoryEntry><Name>דוד וקסשטוק</Name><Telephone>08-8000112</Telephone></DirectoryEntry><DirectoryEntry><Name>דוד וקסשטוק</Name><Telephone>053 3186485</Telephone><Telephone>053-3132910</Telephone></DirectoryEntry><DirectoryEntry><Name>דוד יהושע וקסשטוק</Name></DirectoryEntry><DirectoryEntry><Name>דוד וקשטוק</Name><Telephone>03-5793661</Telephone></DirectoryEntry><DirectoryEntry><Name>דב בעריש וקשטיין</Name><Telephone>08-8020043</Telephone></DirectoryEntry><DirectoryEntry><Name>דוד ורדיגר</Name><Telephone>04-8434443</Telephone><Telephone>052-7660321</Telephone></DirectoryEntry><DirectoryEntry><Name>דניאל מיכאל ורדיגר</Name><Telephone>08-8670013</Telephone><Telephone>052-7635555</Telephone></DirectoryEntry><DirectoryEntry><Name>דוד זייברט</Name><Telephone>08-8640607</Telephone><Telephone>053-3109999</Telephone></DirectoryEntry><DirectoryEntry><Name>דוד זייברט</Name><Telephone>04-6992155</Telephone><Telephone>053-3128244</Telephone></DirectoryEntry><DirectoryEntry><Name>דוד זיידה</Name><Telephone>08-8541617</Telephone><Telephone>052-7690927</Telephone></DirectoryEntry><DirectoryEntry><Name>דב נחמן זילברברג</Name><Telephone>077-2400369</Telephone><Telephone>050-4148558</Telephone></DirectoryEntry><DirectoryEntry><Name>דוד אשר זעליג זילברברג</Name></DirectoryEntry><DirectoryEntry><Name>דוד ישראל זילברברג</Name><Telephone>055 6729735</Telephone></DirectoryEntry><DirectoryEntry><Name>דוד זילברשטיין</Name><Telephone>03-6184455</Telephone></DirectoryEntry><DirectoryEntry><Name>דוד יהודה זיסו</Name><Telephone>03 6196847</Telephone><Telephone>054-4524579</Telephone></DirectoryEntry><DirectoryEntry><Name>דוד שרגא פייבל זיסקינד</Name><Telephone>053-3190229</Telephone><Telephone>054-8413331</Telephone></DirectoryEntry><DirectoryEntry><Name>דב זעלמאן</Name><Telephone>03-5709760</Telephone><Telephone>053-3135135</Telephone></DirectoryEntry><DirectoryEntry><Name>דוד יעקב חלמינסקי</Name><Telephone>02-6514860</Telephone><Telephone>053-3151487</Telephone></DirectoryEntry><DirectoryEntry><Name>דוד טבצינסקי</Name></DirectoryEntry><DirectoryEntry><Name>דוד אהרן טהלר</Name><Telephone>08-8656417</Telephone><Telephone>053-3170006</Telephone></DirectoryEntry><DirectoryEntry><Name>דוד בונים טייטלבוים</Name><Telephone>054 8540427</Telephone></DirectoryEntry><DirectoryEntry><Name>דוד משה טייטלבוים</Name><Telephone>08-8000146</Telephone><Telephone>052-7625850</Telephone></DirectoryEntry><DirectoryEntry><Name>דוד משה טננבוים</Name><Telephone>03-6192019</Telephone><Telephone>053-3155916</Telephone></DirectoryEntry><DirectoryEntry><Name>דוב יונה טראובה</Name></DirectoryEntry><DirectoryEntry><Name>דורותי טראובה</Name><Telephone>02-5371660</Telephone></DirectoryEntry><DirectoryEntry><Name>דוד יצחק אייזיק טשארני</Name><Telephone>02-5389360</Telephone></DirectoryEntry><DirectoryEntry><Name>דוד יאלאס</Name></DirectoryEntry><DirectoryEntry><Name>דוד יוד</Name><Telephone>02-9916321</Telephone><Telephone>052-7616169</Telephone></DirectoryEntry><DirectoryEntry><Name>דב יוסקוביץ</Name><Telephone>03-5704599</Telephone><Telephone>052-7113303</Telephone></DirectoryEntry><DirectoryEntry><Name>דב מנחם יוסקוביץ</Name><Telephone>03-6193372</Telephone><Telephone>053-3161933</Telephone></DirectoryEntry><DirectoryEntry><Name>דוד יוסקוביץ</Name><Telephone>050 4105376</Telephone><Telephone>050-4105367</Telephone></DirectoryEntry><DirectoryEntry><Name>דוד ירט</Name><Telephone>03-6771272</Telephone><Telephone>054-8449000</Telephone></DirectoryEntry><DirectoryEntry><Name>דוד שאול ישראלוביץ</Name><Telephone>055 6781121</Telephone></DirectoryEntry><DirectoryEntry><Name>דוד כהן</Name><Telephone>055 6744039</Telephone></DirectoryEntry><DirectoryEntry><Name>דב כהנא</Name><Telephone>02-5387542</Telephone></DirectoryEntry><DirectoryEntry><Name>דוד כהנא</Name><Telephone>058 3298299</Telephone><Telephone>054-8431102</Telephone></DirectoryEntry><DirectoryEntry><Name>דב יונה כץ</Name><Telephone>055 6755260</Telephone></DirectoryEntry><DirectoryEntry><Name>דוד כץ</Name><Telephone>053 4190018</Telephone><Telephone>055-6775386</Telephone></DirectoryEntry><DirectoryEntry><Name>דוד כץ</Name><Telephone>03-5603502</Telephone><Telephone>053-3186391</Telephone></DirectoryEntry><DirectoryEntry><Name>דוד יהודה כרמל</Name><Telephone>02-5372718</Telephone></DirectoryEntry><DirectoryEntry><Name>דוד ישכר לב</Name><Telephone>052-7167837</Telephone><Telephone>054-8487590</Telephone></DirectoryEntry><DirectoryEntry><Name>דוד אריה לבל</Name><Telephone>08-8676047</Telephone><Telephone>053-3186760</Telephone></DirectoryEntry><DirectoryEntry><Name>דוד לבקוביץ</Name><Telephone>055 6730513</Telephone><Telephone>058-3221423</Telephone></DirectoryEntry><DirectoryEntry><Name>דוד דב לבקוביץ</Name><Telephone>052-7172039</Telephone><Telephone>054-8427462</Telephone></DirectoryEntry><DirectoryEntry><Name>דוד דב לבקוביץ</Name><Telephone>02-5001615</Telephone><Telephone>053-3101615</Telephone></DirectoryEntry><DirectoryEntry><Name>דוד יצחק לבקוביץ</Name><Telephone>03-5747326</Telephone><Telephone>054-3972748</Telephone></DirectoryEntry><DirectoryEntry><Name>דוד בועז לודמיר</Name><Telephone>02-5379877</Telephone><Telephone>054-8435628</Telephone></DirectoryEntry><DirectoryEntry><Name>דב בעריש לוי</Name><Telephone>08-8550188</Telephone><Telephone>050-4131013</Telephone></DirectoryEntry><DirectoryEntry><Name>דוד לוי</Name><Telephone>052-7180300</Telephone></DirectoryEntry><DirectoryEntry><Name>דוד לוי</Name><Telephone>08-8541188</Telephone><Telephone>052-7690209</Telephone></DirectoryEntry><DirectoryEntry><Name>דוד לוי</Name><Telephone>08-8655623</Telephone><Telephone>050-4144133</Telephone></DirectoryEntry><DirectoryEntry><Name>דוד לוי</Name></DirectoryEntry><DirectoryEntry><Name>דוד לוי</Name><Telephone>02-5372531</Telephone><Telephone>053-3150558</Telephone></DirectoryEntry><DirectoryEntry><Name>דוד לוי</Name><Telephone>02-5004559</Telephone><Telephone>053-3123112</Telephone></DirectoryEntry><DirectoryEntry><Name>דוד לוי</Name><Telephone>054 8498349</Telephone></DirectoryEntry><DirectoryEntry><Name>דוד נחמן לוי</Name><Telephone>053 3100360</Telephone><Telephone>053-3123100</Telephone></DirectoryEntry><DirectoryEntry><Name>דוד צבי לוי</Name><Telephone>02-5380370</Telephone><Telephone>053-3180388</Telephone></DirectoryEntry><DirectoryEntry><Name>דן לוי</Name><Telephone>08-8555843</Telephone></DirectoryEntry><DirectoryEntry><Name>דניאל לוי</Name><Telephone>03-5708074</Telephone></DirectoryEntry><DirectoryEntry><Name>דוד לוינגר</Name><Telephone>08-8645528</Telephone></DirectoryEntry><DirectoryEntry><Name>דוד לוינזון</Name><Telephone>02-5825453</Telephone><Telephone>052-7134347</Telephone></DirectoryEntry><DirectoryEntry><Name>דוד לוינזון</Name><Telephone>054-5900776</Telephone></DirectoryEntry><DirectoryEntry><Name>דוד לוינטל</Name><Telephone>03-6184895</Telephone><Telephone>050-4114070</Telephone></DirectoryEntry><DirectoryEntry><Name>דוד לוסטיג</Name><Telephone>08-8543140</Telephone><Telephone>054-8400900</Telephone></DirectoryEntry><DirectoryEntry><Name>דוד לוק</Name><Telephone>053-3140893</Telephone></DirectoryEntry><DirectoryEntry><Name>דוד יהודה לוק</Name><Telephone>03-6475641</Telephone><Telephone>053-3147565</Telephone></DirectoryEntry><DirectoryEntry><Name>דניאל חיים לזנובסקי</Name><Telephone>02-9997398</Telephone><Telephone>050-4174712</Telephone></DirectoryEntry><DirectoryEntry><Name>דב ברכיה ליברמן</Name><Telephone>053-3114916</Telephone></DirectoryEntry><DirectoryEntry><Name>דוד ליברמן</Name><Telephone>08-8558445</Telephone><Telephone>052-7636737</Telephone></DirectoryEntry><DirectoryEntry><Name>דוד ליברמן</Name><Telephone>052-7155559</Telephone></DirectoryEntry><DirectoryEntry><Name>דניאל אהרן ליברמן</Name><Telephone>03-5708391</Telephone><Telephone>054-8457083</Telephone></DirectoryEntry><DirectoryEntry><Name>דוד ליזרוביץ</Name><Telephone>08-8640377</Telephone><Telephone>050-4144000</Telephone></DirectoryEntry><DirectoryEntry><Name>דוד ליזרוביץ</Name><Telephone>052-7692821</Telephone></DirectoryEntry><DirectoryEntry><Name>דוד ישעיהו ליטמן</Name><Telephone>02-5023137</Telephone></DirectoryEntry><DirectoryEntry><Name>דוד אהרן ליכטנשטיין</Name><Telephone>02-5717147</Telephone><Telephone>050-4112120</Telephone></DirectoryEntry><DirectoryEntry><Name>דוב בעריש ליכטשיין</Name></DirectoryEntry><DirectoryEntry><Name>דבורה ליפקה-טרויבע</Name><Telephone>02-6235681</Telephone></DirectoryEntry><DirectoryEntry><Name>דוד ליצמן</Name><Telephone>03-5784211</Telephone><Telephone>053-3184184</Telephone></DirectoryEntry><DirectoryEntry><Name>דוד למברגר</Name><Telephone>08 8025552</Telephone></DirectoryEntry><DirectoryEntry><Name>דב לנדאו</Name><Telephone>02-6520426</Telephone><Telephone>050-4100701</Telephone></DirectoryEntry><DirectoryEntry><Name>דב בעריש לנדאו</Name><Telephone>02-5802855</Telephone><Telephone>054-3970631</Telephone></DirectoryEntry><DirectoryEntry><Name>דבורה לנדאו</Name><Telephone>08-6817432</Telephone><Telephone>053-3123400</Telephone></DirectoryEntry><DirectoryEntry><Name>דוד זאב לנצ'בסקי</Name><Telephone>08-8657737</Telephone><Telephone>053-3186577</Telephone></DirectoryEntry><DirectoryEntry><Name>דב בער לפה</Name><Telephone>08-8647741</Telephone><Telephone>050-4112250</Telephone></DirectoryEntry><DirectoryEntry><Name>דניאל לפה</Name></DirectoryEntry><DirectoryEntry><Name>דוד ברוך מאיר</Name><Telephone>08-8033065</Telephone><Telephone>054-8429241</Telephone></DirectoryEntry><DirectoryEntry><Name>דוד דב מאלר</Name><Telephone>058 3270304</Telephone></DirectoryEntry><DirectoryEntry><Name>דוד צבי מגיד</Name><Telephone>055 6741035</Telephone></DirectoryEntry><DirectoryEntry><Name>דוד מוזס</Name><Telephone>08-8550588</Telephone><Telephone>053-3172000</Telephone></DirectoryEntry><DirectoryEntry><Name>דב מונדרי</Name><Telephone>08 8001019</Telephone></DirectoryEntry><DirectoryEntry><Name>דוד דב מונדרי</Name><Telephone>03-6168715</Telephone><Telephone>053-3157035</Telephone></DirectoryEntry><DirectoryEntry><Name>דוד משה מונדרי</Name><Telephone>08-8033042</Telephone></DirectoryEntry><DirectoryEntry><Name>דוד מוסבאכר</Name><Telephone>02-5001352</Telephone><Telephone>053-3112106</Telephone></DirectoryEntry><DirectoryEntry><Name>דוד חיים מוסבאכר</Name><Telephone>08-8046024</Telephone></DirectoryEntry><DirectoryEntry><Name>דב בער מורגנשטרן</Name><Telephone>02-5001060</Telephone><Telephone>052-7166656</Telephone></DirectoryEntry><DirectoryEntry><Name>דב בעריש מורגנשטרן</Name><Telephone>055 6730916</Telephone></DirectoryEntry><DirectoryEntry><Name>דוד מורגנשטרן</Name><Telephone>03-5701084</Telephone><Telephone>053-3116610</Telephone></DirectoryEntry><DirectoryEntry><Name>דב אריה מושקוביץ</Name><Telephone>08-8039041</Telephone><Telephone>052-7169555</Telephone></DirectoryEntry><DirectoryEntry><Name>דוד יהודה מושקוביץ</Name><Telephone>03-9093417</Telephone><Telephone>053-3101460</Telephone></DirectoryEntry><DirectoryEntry><Name>דניאל מתתיהו מינץ</Name></DirectoryEntry><DirectoryEntry><Name>דוד יואל מינקה</Name><Telephone>052-7616226</Telephone></DirectoryEntry><DirectoryEntry><Name>דבורה מלאך</Name><Telephone>02-5389640</Telephone></DirectoryEntry><DirectoryEntry><Name>דב בעריש מנדל</Name><Telephone>08-8642550</Telephone><Telephone>050-4187898</Telephone></DirectoryEntry><DirectoryEntry><Name>דוד מנדל</Name><Telephone>03-5705197</Telephone></DirectoryEntry><DirectoryEntry><Name>דוד אברהם מנדלבוים</Name><Telephone>03-5705437</Telephone><Telephone>053-3110057</Telephone></DirectoryEntry><DirectoryEntry><Name>דוד מנדרזיצקי</Name><Telephone>050-4141118</Telephone></DirectoryEntry><DirectoryEntry><Name>דוד מפר</Name><Telephone>02-5328540</Telephone><Telephone>054-8430806</Telephone></DirectoryEntry><DirectoryEntry><Name>דוד יהודה מרגליות</Name><Telephone>02-5388458</Telephone></DirectoryEntry><DirectoryEntry><Name>דניאל חיים מרגלית</Name><Telephone>08-8667654</Telephone><Telephone>050-4165401</Telephone></DirectoryEntry><DirectoryEntry><Name>דוד מרמרוש</Name><Telephone>02-8030010</Telephone></DirectoryEntry><DirectoryEntry><Name>דוד נוסבוים</Name><Telephone>052-7686309</Telephone></DirectoryEntry><DirectoryEntry><Name>דוד נוסבוים</Name><Telephone>08-8001165</Telephone></DirectoryEntry><DirectoryEntry><Name>דוד חיים נוסבוים</Name><Telephone>052-7667936</Telephone></DirectoryEntry><DirectoryEntry><Name>דב בער ניומן</Name><Telephone>02-9910897</Telephone><Telephone>052-7148881</Telephone></DirectoryEntry><DirectoryEntry><Name>דב בער ניימן</Name><Telephone>03-6165736</Telephone></DirectoryEntry><DirectoryEntry><Name>דב בער נפרשטק</Name><Telephone>08-8001119</Telephone></DirectoryEntry><DirectoryEntry><Name>דב בער נפרשטק</Name><Telephone>03 5751522</Telephone></DirectoryEntry><DirectoryEntry><Name>דב נתנזון</Name></DirectoryEntry><DirectoryEntry><Name>דוד סדובסקי</Name><Telephone>03-5701708</Telephone></DirectoryEntry><DirectoryEntry><Name>דב בנימין סוכצ'בסקי</Name><Telephone>08-8661353</Telephone><Telephone>050-4100055</Telephone></DirectoryEntry><DirectoryEntry><Name>דוד סולניק</Name><Telephone>08-8665386</Telephone><Telephone>052-7690130</Telephone></DirectoryEntry><DirectoryEntry><Name>דניאל סנקביץ</Name><Telephone>03-5798333</Telephone><Telephone>052-7613355</Telephone></DirectoryEntry><DirectoryEntry><Name>דוד יהודה ספיר</Name><Telephone>054 8458806</Telephone></DirectoryEntry><DirectoryEntry><Name>דוד אהרן סקולסקי</Name><Telephone>03-6197948</Telephone><Telephone>050-4101380</Telephone></DirectoryEntry><DirectoryEntry><Name>דוד חיים ערערא</Name><Telephone>02-5867330</Telephone></DirectoryEntry><DirectoryEntry><Name>דב פאלוך</Name><Telephone>03-6160169</Telephone><Telephone>053-3102772</Telephone></DirectoryEntry><DirectoryEntry><Name>דוד פאלוך</Name></DirectoryEntry><DirectoryEntry><Name>דוד יוסף פאלוך</Name><Telephone>03-5797333</Telephone><Telephone>050-4152110</Telephone></DirectoryEntry><DirectoryEntry><Name>דוד פוזנר</Name><Telephone>08-9959089</Telephone><Telephone>053-3131911</Telephone></DirectoryEntry><DirectoryEntry><Name>דוד יוסף פוירשטיין</Name><Telephone>03-5706749</Telephone><Telephone>053-3126748</Telephone></DirectoryEntry><DirectoryEntry><Name>דב אריה פולצ'ק</Name><Telephone>053 3135844</Telephone></DirectoryEntry><DirectoryEntry><Name>דב דוד בנימין פומרנץ</Name><Telephone>08-8534093</Telephone></DirectoryEntry><DirectoryEntry><Name>דוד שלמה פיטרקובסקי</Name><Telephone>04-8642623</Telephone><Telephone>053-3101200</Telephone></DirectoryEntry><DirectoryEntry><Name>דוד פינץ</Name><Telephone>03-5469263</Telephone></DirectoryEntry><DirectoryEntry><Name>דוד פינקלשטיין</Name><Telephone>02-9914804</Telephone><Telephone>052-7608389</Telephone></DirectoryEntry><DirectoryEntry><Name>דוד פלד</Name><Telephone>02-9911541</Telephone><Telephone>052-7660096</Telephone></DirectoryEntry><DirectoryEntry><Name>דוד פלד</Name><Telephone>052 7669340</Telephone><Telephone>052-7669236</Telephone></DirectoryEntry><DirectoryEntry><Name>דוד חיים פלדינגר</Name><Telephone>08-8042009</Telephone><Telephone>053-3140213</Telephone></DirectoryEntry><DirectoryEntry><Name>דב בער פלדמן</Name><Telephone>02-5375830</Telephone></DirectoryEntry><DirectoryEntry><Name>דוד פלדמן</Name><Telephone>04-8667176</Telephone><Telephone>053-3135050</Telephone></DirectoryEntry><DirectoryEntry><Name>דוד פלוטשעניק</Name><Telephone>02-5002284</Telephone><Telephone>054-8454647</Telephone></DirectoryEntry><DirectoryEntry><Name>דוד נתן פלוטשעניק</Name><Telephone>08-8646736</Telephone><Telephone>052-7636838</Telephone></DirectoryEntry><DirectoryEntry><Name>דוד פלוסברג</Name><Telephone>058 3286368</Telephone></DirectoryEntry><DirectoryEntry><Name>דוד פנחס פלקסר</Name><Telephone>055-6772516</Telephone><Telephone>058-3245758</Telephone></DirectoryEntry><DirectoryEntry><Name>דוד פלר</Name><Telephone>03-5709778</Telephone><Telephone>052-7163626</Telephone></DirectoryEntry><DirectoryEntry><Name>דוד פסח</Name><Telephone>050-4188199</Telephone><Telephone>050-4188199</Telephone></DirectoryEntry><DirectoryEntry><Name>דבורה פרום</Name><Telephone>03-5794336</Telephone></DirectoryEntry><DirectoryEntry><Name>דוד פרומן</Name></DirectoryEntry><DirectoryEntry><Name>דוד פריד</Name><Telephone>03-6497682</Telephone><Telephone>053-3113644</Telephone></DirectoryEntry><DirectoryEntry><Name>דוד אברהם פרידברג</Name><Telephone>02-5387264</Telephone><Telephone>053-3163431</Telephone></DirectoryEntry><DirectoryEntry><Name>דב פרידמן</Name><Telephone>08-8060888</Telephone><Telephone>054-8494719</Telephone></DirectoryEntry><DirectoryEntry><Name>דוד פרידמן</Name><Telephone>077-4502065</Telephone><Telephone>052-7663960</Telephone></DirectoryEntry><DirectoryEntry><Name>דוד פרידמן</Name><Telephone>055 6727068</Telephone></DirectoryEntry><DirectoryEntry><Name>דוד מאיר פרידמן</Name><Telephone>03-8070055</Telephone></DirectoryEntry><DirectoryEntry><Name>דוד מרדכי פרידמן</Name><Telephone>02-9990694</Telephone><Telephone>053-3190694</Telephone></DirectoryEntry><DirectoryEntry><Name>דוד משה פרידמן</Name><Telephone>02-5817617</Telephone><Telephone>050-4122622</Telephone></DirectoryEntry><DirectoryEntry><Name>דוד פריי</Name><Telephone>053-3156558</Telephone></DirectoryEntry><DirectoryEntry><Name>דוד אהרן פרייא</Name><Telephone>08 8039068</Telephone></DirectoryEntry><DirectoryEntry><Name>דוד פרייליך</Name></DirectoryEntry><DirectoryEntry><Name>דוד פרנבך</Name><Telephone>08 9102112</Telephone><Telephone>052-7634812</Telephone></DirectoryEntry><DirectoryEntry><Name>דבורה פרנקל</Name><Telephone>08-8001290</Telephone><Telephone>053-3118955</Telephone></DirectoryEntry><DirectoryEntry><Name>דוד אריה לייב פרסטר</Name></DirectoryEntry><DirectoryEntry><Name>דוד יהודה פרץ</Name><Telephone>02-5400841</Telephone></DirectoryEntry><DirectoryEntry><Name>דבורה גיטל פרקל</Name><Telephone>04-6938259</Telephone></DirectoryEntry><DirectoryEntry><Name>דב זאב ישכר פשיגורסקי</Name></DirectoryEntry><DirectoryEntry><Name>דוד פשיגורסקי</Name><Telephone>077-6205250</Telephone><Telephone>052-7688734</Telephone></DirectoryEntry><DirectoryEntry><Name>דוד גודל ציטרנבוים</Name><Telephone>03-6775443</Telephone><Telephone>054-8441400</Telephone></DirectoryEntry><DirectoryEntry><Name>דב בעריש קאופמן</Name><Telephone>02-8067004</Telephone></DirectoryEntry><DirectoryEntry><Name>דוד ירחמיאל קוזלובסקי</Name><Telephone>052-7662663</Telephone></DirectoryEntry><DirectoryEntry><Name>דוד קוזליק</Name><Telephone>077-2400154</Telephone><Telephone>053-3186778</Telephone></DirectoryEntry><DirectoryEntry><Name>דב קונסקי</Name><Telephone>03 6190681</Telephone></DirectoryEntry><DirectoryEntry><Name>דוד קופל</Name></DirectoryEntry><DirectoryEntry><Name>דוד קופמן</Name><Telephone>02-8020009</Telephone></DirectoryEntry><DirectoryEntry><Name>דוד שלמה שמעון קופמן</Name><Telephone>08-8649902</Telephone><Telephone>052-7628649</Telephone></DirectoryEntry><DirectoryEntry><Name>דן קופרברג</Name><Telephone>08-9975035</Telephone><Telephone>053-3103131</Telephone></DirectoryEntry><DirectoryEntry><Name>דניאל קופרמן</Name><Telephone>053-3120515</Telephone></DirectoryEntry><DirectoryEntry><Name>דוד קורנגוט</Name><Telephone>08 8026665</Telephone><Telephone>053-3170244</Telephone></DirectoryEntry><DirectoryEntry><Name>דן מרדכי קושמרסקי</Name></DirectoryEntry><DirectoryEntry><Name>דב קיהן</Name><Telephone>077-9102219</Telephone><Telephone>050-4150380</Telephone></DirectoryEntry><DirectoryEntry><Name>דוד יוסף קירשנבוים</Name><Telephone>08-8647740</Telephone><Telephone>05331-47740</Telephone></DirectoryEntry><DirectoryEntry><Name>דב זאב ישכר קלוגמן</Name><Telephone>03-5366961</Telephone><Telephone>050-4166167</Telephone></DirectoryEntry><DirectoryEntry><Name>דב קליין</Name><Telephone>052-7604422</Telephone></DirectoryEntry><DirectoryEntry><Name>דוד קליין</Name></DirectoryEntry><DirectoryEntry><Name>דוד קליין</Name><Telephone>08-8657083</Telephone></DirectoryEntry><DirectoryEntry><Name>דוד קליינלרר</Name><Telephone>08-8542624</Telephone><Telephone>053-3107790</Telephone></DirectoryEntry><DirectoryEntry><Name>דוד אורי קליקשטיין</Name><Telephone>02-6282950</Telephone></DirectoryEntry><DirectoryEntry><Name>דוד קלפהולץ</Name><Telephone>08-8001125</Telephone></DirectoryEntry><DirectoryEntry><Name>דוד קלר</Name></DirectoryEntry><DirectoryEntry><Name>דוד בועז קמיונקה</Name><Telephone>02-5717825</Telephone><Telephone>054-8598696</Telephone></DirectoryEntry><DirectoryEntry><Name>דוד מאיר קמפי</Name><Telephone>08-8550651</Telephone><Telephone>052-7669010</Telephone></DirectoryEntry><DirectoryEntry><Name>דוד קמפינסקי</Name><Telephone>02-5376049</Telephone><Telephone>052-7659849</Telephone></DirectoryEntry><DirectoryEntry><Name>דב אליעזר קפלר</Name><Telephone>02-5860096</Telephone></DirectoryEntry><DirectoryEntry><Name>דוד קפלר</Name><Telephone>02-5874198</Telephone><Telephone>052-7116862</Telephone></DirectoryEntry><DirectoryEntry><Name>דוד קפלר</Name><Telephone>03-6162216</Telephone><Telephone>050-4146632</Telephone></DirectoryEntry><DirectoryEntry><Name>דוד קפלר</Name><Telephone>08-8033533</Telephone><Telephone>052-7156049</Telephone></DirectoryEntry><DirectoryEntry><Name>דב קרויזר</Name><Telephone>050 4191190</Telephone></DirectoryEntry><DirectoryEntry><Name>דוד קרול</Name><Telephone>052-7183600</Telephone></DirectoryEntry><DirectoryEntry><Name>דוד משה קרמינר</Name><Telephone>02-9917824</Telephone><Telephone>053-3117824</Telephone></DirectoryEntry><DirectoryEntry><Name>דוד שלום ראדז'יק</Name><Telephone>08-6603517</Telephone><Telephone>058-3285955</Telephone></DirectoryEntry><DirectoryEntry><Name>דוד רדז'מינסקי</Name><Telephone>08-8675077</Telephone><Telephone>053-3167500</Telephone></DirectoryEntry><DirectoryEntry><Name>דב רובינשטיין</Name><Telephone>08-8042142</Telephone></DirectoryEntry><DirectoryEntry><Name>דוד רובינשטיין</Name><Telephone>03-6162037</Telephone><Telephone>053-3154592</Telephone></DirectoryEntry><DirectoryEntry><Name>דוד משה רובינשטיין</Name></DirectoryEntry><DirectoryEntry><Name>דניאל רובינשטיין</Name><Telephone>052-7607471</Telephone></DirectoryEntry><DirectoryEntry><Name>דניאל רוזן</Name><Telephone>08-8660655</Telephone><Telephone>052-7129129</Telephone></DirectoryEntry><DirectoryEntry><Name>דב בער רוזנבוים</Name><Telephone>08-8002229</Telephone></DirectoryEntry><DirectoryEntry><Name>דבורה מלכה רוזנברג</Name><Telephone>02-5375242</Telephone><Telephone>054-8426462</Telephone></DirectoryEntry><DirectoryEntry><Name>דוד יהושע רוזנוולד</Name><Telephone>055-6732255</Telephone></DirectoryEntry><DirectoryEntry><Name>דוד יהושע רוזנוולד</Name><Telephone>053 3138148</Telephone></DirectoryEntry><DirectoryEntry><Name>דוד רוזנווסר</Name><Telephone>03-8002727</Telephone><Telephone>054-8487272</Telephone></DirectoryEntry><DirectoryEntry><Name>דוד רוזנווסר</Name><Telephone>054-8461705</Telephone><Telephone>054-8461705</Telephone></DirectoryEntry><DirectoryEntry><Name>דוד רוזנטל</Name><Telephone>08-9797804</Telephone><Telephone>053-3109181</Telephone></DirectoryEntry><DirectoryEntry><Name>דוד אהרן רוזנטל</Name><Telephone>08-8043064</Telephone></DirectoryEntry><DirectoryEntry><Name>דוד צבי רוזנטל</Name><Telephone>08-8664396</Telephone><Telephone>050-4122714</Telephone></DirectoryEntry><DirectoryEntry><Name>דוד רוזנפלד</Name><Telephone>02-5715243</Telephone></DirectoryEntry><DirectoryEntry><Name>דוד יצחק רוזנפלד</Name><Telephone>050 4115920</Telephone></DirectoryEntry><DirectoryEntry><Name>דב מרדכי רוזנשטרוך</Name><Telephone>08-8656057</Telephone><Telephone>052-7621988</Telephone></DirectoryEntry><DirectoryEntry><Name>דוב בער זבולון רוטנברג</Name><Telephone>02-5002028</Telephone></DirectoryEntry><DirectoryEntry><Name>דוד רוטנברג</Name><Telephone>053-3192210</Telephone></DirectoryEntry><DirectoryEntry><Name>דוד רוטנברג</Name><Telephone>054-8482125</Telephone></DirectoryEntry><DirectoryEntry><Name>דוד רוטר</Name><Telephone>03-5794245</Telephone><Telephone>053-3180337</Telephone></DirectoryEntry><DirectoryEntry><Name>דוד רייז</Name><Telephone>058 3230396</Telephone></DirectoryEntry><DirectoryEntry><Name>דוד זאב רייך</Name></DirectoryEntry><DirectoryEntry><Name>דוד רייכברד</Name><Telephone>03-5792938</Telephone><Telephone>052-7177795</Telephone></DirectoryEntry><DirectoryEntry><Name>דניאל רייכברד</Name><Telephone>03-5792735</Telephone><Telephone>054-8448503</Telephone></DirectoryEntry><DirectoryEntry><Name>דבורה רייס</Name><Telephone>053-3113236</Telephone></DirectoryEntry><DirectoryEntry><Name>דוד שלמה רינגל</Name><Telephone>02-6520567</Telephone><Telephone>052-7624777</Telephone></DirectoryEntry><DirectoryEntry><Name>דוד יהושע רכניצר</Name><Telephone>055 6708550</Telephone><Telephone>054-8535781</Telephone></DirectoryEntry><DirectoryEntry><Name>דוד רענן</Name><Telephone>04-8665769</Telephone><Telephone>052-7619170</Telephone></DirectoryEntry><DirectoryEntry><Name>דוד רפלוביץ</Name><Telephone>08-6869806</Telephone><Telephone>052-7664044</Telephone></DirectoryEntry><DirectoryEntry><Name>דוד שובקס</Name><Telephone>02-6273904</Telephone></DirectoryEntry><DirectoryEntry><Name>דוד שוורץ</Name><Telephone>054-8465580</Telephone></DirectoryEntry><DirectoryEntry><Name>דוד יצחק שוורץ</Name></DirectoryEntry><DirectoryEntry><Name>דוד יצחק שוורץ</Name></DirectoryEntry><DirectoryEntry><Name>דוד מאיר שוורץ</Name><Telephone>08-8010040</Telephone><Telephone>052-7626562</Telephone></DirectoryEntry><DirectoryEntry><Name>דוד מאיר שוורץ</Name><Telephone>08-8033062</Telephone><Telephone>050-4182014</Telephone></DirectoryEntry><DirectoryEntry><Name>דוד משה שוורצמן</Name><Telephone>02-5812157</Telephone></DirectoryEntry><DirectoryEntry><Name>דוד שוירץ</Name><Telephone>08-8001302</Telephone></DirectoryEntry><DirectoryEntry><Name>דוד שוירץ</Name></DirectoryEntry><DirectoryEntry><Name>דוד שוירץ</Name></DirectoryEntry><DirectoryEntry><Name>דוד זושא שוירץ</Name><Telephone>08-8653469</Telephone><Telephone>053-3145236</Telephone></DirectoryEntry><DirectoryEntry><Name>דוד שלמה שור</Name><Telephone>02-5820775</Telephone><Telephone>052-7639900</Telephone></DirectoryEntry><DirectoryEntry><Name>דוד נתן שחורי</Name><Telephone>08-6816416</Telephone><Telephone>052-7640567</Telephone></DirectoryEntry><DirectoryEntry><Name>דב בעריש שטיינברג</Name><Telephone>02-5324528</Telephone><Telephone>053-3151500</Telephone></DirectoryEntry><DirectoryEntry><Name>דוד שטיינברג</Name></DirectoryEntry><DirectoryEntry><Name>דוד שטיינהרט</Name><Telephone>03-6497124</Telephone><Telephone>050-4132824</Telephone></DirectoryEntry><DirectoryEntry><Name>דניאל יוסף שטינמץ</Name></DirectoryEntry><DirectoryEntry><Name>דוד צבי שטיפנהולץ</Name><Telephone>03-6165451</Telephone><Telephone>052-7151144</Telephone></DirectoryEntry><DirectoryEntry><Name>דוד שטיצברג</Name><Telephone>055 6768955</Telephone></DirectoryEntry><DirectoryEntry><Name>דוד שידלובסקי</Name><Telephone>03-5703781</Telephone></DirectoryEntry><DirectoryEntry><Name>דב שמחה שיינפלד</Name></DirectoryEntry><DirectoryEntry><Name>דוד יהושע שיינפלד</Name><Telephone>02-5383394</Telephone></DirectoryEntry><DirectoryEntry><Name>דוד שמעון שיינפלד</Name><Telephone>08-8001300</Telephone><Telephone>053-3106380</Telephone></DirectoryEntry><DirectoryEntry><Name>דב שינובר</Name><Telephone>03-6180108</Telephone><Telephone>050-2044075</Telephone></DirectoryEntry><DirectoryEntry><Name>דוד שינשניידר</Name></DirectoryEntry><DirectoryEntry><Name>דוד צבי זאב שינשניידר</Name><Telephone>08-8641767</Telephone><Telephone>052-7600402</Telephone></DirectoryEntry><DirectoryEntry><Name>דוד שמחה בונם שינשניידר</Name><Telephone>02-8000092</Telephone></DirectoryEntry><DirectoryEntry><Name>דב שכטר</Name></DirectoryEntry><DirectoryEntry><Name>דוד שכטר</Name><Telephone>02-5374684</Telephone><Telephone>050-4101006</Telephone></DirectoryEntry><DirectoryEntry><Name>דניאל שלום</Name><Telephone>02-5879889</Telephone></DirectoryEntry><DirectoryEntry><Name>דוד אהרן שלסר</Name><Telephone>03-6169744</Telephone><Telephone>052-7190031</Telephone></DirectoryEntry><DirectoryEntry><Name>דוד אהרן שלסר</Name><Telephone>08-8043032</Telephone></DirectoryEntry><DirectoryEntry><Name>דב בער שמידט</Name><Telephone>02-5372770</Telephone><Telephone>052-7133737</Telephone></DirectoryEntry><DirectoryEntry><Name>דב בער שמידט</Name></DirectoryEntry><DirectoryEntry><Name>דבורה שנור</Name><Telephone>02 5381334</Telephone></DirectoryEntry><DirectoryEntry><Name>דוד שנעבאלג</Name><Telephone>02-5824854</Telephone></DirectoryEntry><DirectoryEntry><Name>דוד משה שפיץ</Name><Telephone>03-5708065</Telephone></DirectoryEntry><DirectoryEntry><Name>דב מאיר שפירא</Name><Telephone>08-8646985</Telephone><Telephone>052-7610195</Telephone></DirectoryEntry><DirectoryEntry><Name>דוד שפירא</Name><Telephone>02-5815921</Telephone><Telephone>054-5391718</Telephone></DirectoryEntry><DirectoryEntry><Name>דוד חיים שפירא</Name><Telephone>03-6186201</Telephone><Telephone>053-3127725</Telephone></DirectoryEntry><DirectoryEntry><Name>דוד שפסל</Name><Telephone>055 6774880</Telephone></DirectoryEntry><DirectoryEntry><Name>דוד שפרנוביץ</Name><Telephone>08-8650494</Telephone><Telephone>053-3131505</Telephone></DirectoryEntry><DirectoryEntry><Name>דוד אלכסנדר שר</Name></DirectoryEntry><DirectoryEntry><Name>דוד שמאי שרייבר</Name><Telephone>053 4166973</Telephone></DirectoryEntry><DirectoryEntry><Name>דוד שרייבר-ליבר</Name><Telephone>02-6528604</Telephone><Telephone>052-7619833</Telephone></DirectoryEntry><DirectoryEntry><Name>דוד תיק</Name><Telephone>03-9089269</Telephone><Telephone>050-4166799</Telephone></DirectoryEntry><DirectoryEntry><Name>דוד תפילינסקי</Name><Telephone>02-5806427</Telephone></DirectoryEntry></YealinkIPPhoneDirectory>