<?xml version='1.0' encoding='utf-8'?>
<YealinkIPPhoneDirectory><DirectoryEntry><Name>הינדא איזבי</Name><Telephone>02-5402440</Telephone></DirectoryEntry><DirectoryEntry><Name>הלל פישל אלברט</Name><Telephone>02-5822720</Telephone><Telephone>052-7639179</Telephone></DirectoryEntry><DirectoryEntry><Name>הניה אלתר</Name><Telephone>03-5170848</Telephone></DirectoryEntry><DirectoryEntry><Name>הדסה רחל אנגלמן</Name><Telephone>08-8648647</Telephone><Telephone>052-7606903</Telephone></DirectoryEntry><DirectoryEntry><Name>הניה בילה ארליך</Name><Telephone>02-5372357</Telephone><Telephone>053-3138812</Telephone></DirectoryEntry><DirectoryEntry><Name>הדסה בדנר</Name><Telephone>04-6930768</Telephone></DirectoryEntry><DirectoryEntry><Name>הלל בירנשטוק</Name><Telephone>08-6603246</Telephone><Telephone>052-7141097</Telephone></DirectoryEntry><DirectoryEntry><Name>הענה רחל גוטליב</Name><Telephone>08-8641928</Telephone><Telephone>052-7122387</Telephone></DirectoryEntry><DirectoryEntry><Name>הדסה הרצוג</Name><Telephone>02-5387619</Telephone><Telephone>052-7617738</Telephone></DirectoryEntry><DirectoryEntry><Name>הלל טבק</Name><Telephone>9994635</Telephone><Telephone>05041-94635</Telephone></DirectoryEntry><DirectoryEntry><Name>הינדה טייטלבוים</Name><Telephone>03-5711669</Telephone></DirectoryEntry><DirectoryEntry><Name>הנדל צפורה כהן</Name><Telephone>03-6180676</Telephone><Telephone>052-7618067</Telephone></DirectoryEntry><DirectoryEntry><Name>הניה חנה ליהמן</Name><Telephone>03-5781305</Telephone><Telephone>053-3125221</Telephone></DirectoryEntry><DirectoryEntry><Name>העניך אליעזר ליצמן</Name><Telephone>08-8001274</Telephone></DirectoryEntry><DirectoryEntry><Name>הרשל מגיד</Name><Telephone>416-7856096</Telephone></DirectoryEntry><DirectoryEntry><Name>הלל מדלוב</Name><Telephone>02-6519285</Telephone></DirectoryEntry><DirectoryEntry><Name>הדסה רבקה מילשטיין</Name><Telephone>077-5383551</Telephone></DirectoryEntry><DirectoryEntry><Name>הענא ניימן</Name><Telephone>02-5372418</Telephone></DirectoryEntry><DirectoryEntry><Name>הינדא לאה סלומיאנסקי</Name><Telephone>02-5388121</Telephone></DirectoryEntry><DirectoryEntry><Name>הרשל פויגל</Name><Telephone>03-6493151</Telephone><Telephone>052-7649315</Telephone></DirectoryEntry><DirectoryEntry><Name>הרשל פסטג</Name><Telephone>02-5374094</Telephone><Telephone>053-3133414</Telephone></DirectoryEntry><DirectoryEntry><Name>הינדה קליין</Name><Telephone>02-5382045</Telephone></DirectoryEntry><DirectoryEntry><Name>הלנה קרמר</Name><Telephone>03-6189849</Telephone></DirectoryEntry><DirectoryEntry><Name>הדסה קרנבייסר</Name><Telephone>03-6185873</Telephone><Telephone>053-3171987</Telephone></DirectoryEntry><DirectoryEntry><Name>הערשי רייך</Name><Telephone>03-6191172</Telephone><Telephone>05041-01072</Telephone></DirectoryEntry><DirectoryEntry><Name>הדסה חנה שטרויסברג</Name><Telephone>054-8400273</Telephone></DirectoryEntry></YealinkIPPhoneDirectory>