<?xml version='1.0' encoding='utf-8'?>
<YealinkIPPhoneDirectory><DirectoryEntry><Name>זליג אונגר</Name><Telephone>03-6184561</Telephone></DirectoryEntry><DirectoryEntry><Name>זאב אופנהיים</Name></DirectoryEntry><DirectoryEntry><Name>זכריה משה אופנהיים</Name></DirectoryEntry><DirectoryEntry><Name>זעליג אירנשטיין</Name><Telephone>08-8654029</Telephone></DirectoryEntry><DirectoryEntry><Name>זאב דב אלבוים</Name><Telephone>02-6246894</Telephone><Telephone>052-7110264</Telephone></DirectoryEntry><DirectoryEntry><Name>זיסל חמדה אלברשטיין</Name><Telephone>03-5747958</Telephone><Telephone>054-8486301</Telephone></DirectoryEntry><DirectoryEntry><Name>זאב אספיס</Name><Telephone>08-8655840</Telephone><Telephone>053-3186558</Telephone></DirectoryEntry><DirectoryEntry><Name>זאב בוקשפן</Name><Telephone>03-6769776</Telephone></DirectoryEntry><DirectoryEntry><Name>זהבה בינקה</Name><Telephone>02-5380667</Telephone><Telephone>053-3153806</Telephone></DirectoryEntry><DirectoryEntry><Name>זאב בלושטיין</Name><Telephone>053 3183401</Telephone></DirectoryEntry><DirectoryEntry><Name>זאב בליז'ינסקי</Name><Telephone>052-7149153</Telephone></DirectoryEntry><DirectoryEntry><Name>זאב בנט</Name><Telephone>02-5004159</Telephone><Telephone>053-3193681</Telephone></DirectoryEntry><DirectoryEntry><Name>זאב אהרן בראון</Name><Telephone>03-6186806</Telephone></DirectoryEntry><DirectoryEntry><Name>זלמן יעקב ברוינר</Name><Telephone>08-8043050</Telephone><Telephone>052-7600405</Telephone></DirectoryEntry><DirectoryEntry><Name>זאב ברייטשטיין</Name><Telephone>02-9924846</Telephone><Telephone>053-3119088</Telephone></DirectoryEntry><DirectoryEntry><Name>זאב ברייטשטיין</Name><Telephone>052-7620520</Telephone></DirectoryEntry><DirectoryEntry><Name>זלמן יעקב ברלינסקי</Name></DirectoryEntry><DirectoryEntry><Name>זלמן ברלינר</Name><Telephone>03-5704088</Telephone></DirectoryEntry><DirectoryEntry><Name>זאב ברקוביץ</Name><Telephone>03-6197759</Telephone></DirectoryEntry><DirectoryEntry><Name>זאב גוטליב</Name><Telephone>08-8560095</Telephone></DirectoryEntry><DirectoryEntry><Name>זאב גוטסמן</Name><Telephone>08-8001171</Telephone><Telephone>050-4183749</Telephone></DirectoryEntry><DirectoryEntry><Name>זלמן גולדווסר</Name><Telephone>03-6773339</Telephone><Telephone>054-8425185</Telephone></DirectoryEntry><DirectoryEntry><Name>זאב גולדרייך</Name><Telephone>03-6190053</Telephone></DirectoryEntry><DirectoryEntry><Name>זליג אלימלך גפן</Name><Telephone>058 3294015</Telephone></DirectoryEntry><DirectoryEntry><Name>זאב גרוס</Name><Telephone>08-8544074</Telephone><Telephone>052-7179189</Telephone></DirectoryEntry><DirectoryEntry><Name>זאב צבי גרוס</Name><Telephone>02-5380289</Telephone></DirectoryEntry><DirectoryEntry><Name>זלמן גרינצייג</Name><Telephone>02-5381413</Telephone><Telephone>053-3110077</Telephone></DirectoryEntry><DirectoryEntry><Name>זכריה דייויס</Name><Telephone>077-5579095</Telephone><Telephone>052-7697791</Telephone></DirectoryEntry><DirectoryEntry><Name>זאב הופשטיין</Name><Telephone>03-6197980</Telephone><Telephone>052-7671465</Telephone></DirectoryEntry><DirectoryEntry><Name>זאב ישראל נח הירש</Name><Telephone>077-2040615</Telephone><Telephone>052-7620960</Telephone></DirectoryEntry><DirectoryEntry><Name>זאב יהודה וידיסלבסקי</Name><Telephone>5703928</Telephone><Telephone>052-7147622</Telephone></DirectoryEntry><DirectoryEntry><Name>זאב וולף וייס</Name><Telephone>08-8661737</Telephone><Telephone>054-8478617</Telephone></DirectoryEntry><DirectoryEntry><Name>זאב אליהו וילהלם</Name></DirectoryEntry><DirectoryEntry><Name>זאב יעקב וילר</Name><Telephone>052-7656647</Telephone></DirectoryEntry><DirectoryEntry><Name>זאב וינרייך</Name></DirectoryEntry><DirectoryEntry><Name>זאב וינרייך</Name><Telephone>02-6508045</Telephone><Telephone>052-7167910</Telephone></DirectoryEntry><DirectoryEntry><Name>זאב ולצר</Name><Telephone>03-9313461</Telephone></DirectoryEntry><DirectoryEntry><Name>זיסמן ורשואר</Name><Telephone>077-2400322</Telephone></DirectoryEntry><DirectoryEntry><Name>זלמן משה זיגלבוים</Name></DirectoryEntry><DirectoryEntry><Name>זאב זייברט</Name><Telephone>04-8678533</Telephone><Telephone>052-7616010</Telephone></DirectoryEntry><DirectoryEntry><Name>זאב זילברשטיין</Name><Telephone>08-8020032</Telephone><Telephone>053-4108352</Telephone></DirectoryEntry><DirectoryEntry><Name>זאב זילברשטיין</Name><Telephone>02-9921224</Telephone><Telephone>052-7622028</Telephone></DirectoryEntry><DirectoryEntry><Name>זאב זילברשטיין</Name><Telephone>03 6199253</Telephone><Telephone>053-3140403</Telephone></DirectoryEntry><DirectoryEntry><Name>זאב זילברשטיין</Name><Telephone>02-5000833</Telephone></DirectoryEntry><DirectoryEntry><Name>זאב זילברשטיין</Name></DirectoryEntry><DirectoryEntry><Name>זאב זילברשטיין</Name><Telephone>08-6602614</Telephone><Telephone>053-3136677</Telephone></DirectoryEntry><DirectoryEntry><Name>זאב נחום זילברשטיין</Name><Telephone>08-8679224</Telephone></DirectoryEntry><DirectoryEntry><Name>זאב חסידה</Name><Telephone>08-9971135</Telephone></DirectoryEntry><DirectoryEntry><Name>זיסמן מיכאל טייטל</Name><Telephone>03-6194557</Telephone><Telephone>050-4113884</Telephone></DirectoryEntry><DirectoryEntry><Name>זאב מנחם טינקלרויט</Name><Telephone>08-8642706</Telephone><Telephone>054-8422705</Telephone></DirectoryEntry><DirectoryEntry><Name>זאב טפלר</Name></DirectoryEntry><DirectoryEntry><Name>זאב טראובה</Name><Telephone>02-5401557</Telephone><Telephone>053-3151719</Telephone></DirectoryEntry><DirectoryEntry><Name>זיסל יבלונסקי</Name><Telephone>03-9691360</Telephone></DirectoryEntry><DirectoryEntry><Name>זאב יוסקוביץ</Name><Telephone>03-6195590</Telephone><Telephone>05331-51045</Telephone></DirectoryEntry><DirectoryEntry><Name>זלמן צבי יוסקוביץ</Name><Telephone>03-6183132</Telephone><Telephone>050-4152330</Telephone></DirectoryEntry><DirectoryEntry><Name>זהבה ינקלביץ</Name><Telephone>03-6194711</Telephone></DirectoryEntry><DirectoryEntry><Name>זלמן משה ינקלביץ</Name><Telephone>08-8560466</Telephone><Telephone>050-4148345</Telephone></DirectoryEntry><DirectoryEntry><Name>זכריה כהן</Name><Telephone>03-6186497</Telephone><Telephone>053-3144018</Telephone></DirectoryEntry><DirectoryEntry><Name>זאב כץ</Name><Telephone>02-5820582</Telephone></DirectoryEntry><DirectoryEntry><Name>זאב ברוך כץ</Name><Telephone>08-8660898</Telephone><Telephone>050-4151454</Telephone></DirectoryEntry><DirectoryEntry><Name>זאב לוינטל</Name><Telephone>02-5022120</Telephone><Telephone>054-8455677</Telephone></DirectoryEntry><DirectoryEntry><Name>זאב צבי ליהמן</Name><Telephone>03-6191328</Telephone><Telephone>050-4151572</Telephone></DirectoryEntry><DirectoryEntry><Name>זעלקא צבי הרש ליטמן</Name><Telephone>08-8666823</Telephone></DirectoryEntry><DirectoryEntry><Name>זאב ליכטנשטיין</Name><Telephone>03-9094892</Telephone><Telephone>052-7625341</Telephone></DirectoryEntry><DirectoryEntry><Name>זאב אלימלך ליכטשיין</Name><Telephone>03-5790297</Telephone><Telephone>050-4176757</Telephone></DirectoryEntry><DirectoryEntry><Name>זאב שמעון ליכטשיין</Name><Telephone>02-9917954</Telephone><Telephone>052-7155502</Telephone></DirectoryEntry><DirectoryEntry><Name>זאב לפה</Name><Telephone>054-8469064</Telephone><Telephone>058-3220064</Telephone></DirectoryEntry><DirectoryEntry><Name>זלמן ברוך מונדרי</Name></DirectoryEntry><DirectoryEntry><Name>זאב שמעון מנלה</Name><Telephone>02 8040444</Telephone></DirectoryEntry><DirectoryEntry><Name>זאב מרקסון</Name><Telephone>055 6722851</Telephone></DirectoryEntry><DirectoryEntry><Name>זאב וולף נוימן</Name><Telephone>050 4158007</Telephone></DirectoryEntry><DirectoryEntry><Name>זאב נוישטט</Name><Telephone>08-8544546</Telephone><Telephone>054-8478337</Telephone></DirectoryEntry><DirectoryEntry><Name>זאב סוכצ'בסקי</Name><Telephone>02 8055070</Telephone><Telephone>055-6738270</Telephone></DirectoryEntry><DirectoryEntry><Name>זאב סורסקי</Name></DirectoryEntry><DirectoryEntry><Name>זאב ירחמיאל סלומיאנסקי</Name><Telephone>02-5003723</Telephone><Telephone>052-7160723</Telephone></DirectoryEntry><DirectoryEntry><Name>זאב פוזנר</Name><Telephone>08-8043065</Telephone></DirectoryEntry><DirectoryEntry><Name>זאב פיגה</Name><Telephone>02-8020042</Telephone><Telephone>052-7171413</Telephone></DirectoryEntry><DirectoryEntry><Name>זהבה פייבוש</Name><Telephone>03-6196546</Telephone></DirectoryEntry><DirectoryEntry><Name>זלמן פישר</Name><Telephone>03-6486221</Telephone><Telephone>052-8640842</Telephone></DirectoryEntry><DirectoryEntry><Name>זאב פסטג</Name><Telephone>077-4406510</Telephone><Telephone>05041-59537</Telephone></DirectoryEntry><DirectoryEntry><Name>זושא פפר</Name><Telephone>02-5818180</Telephone></DirectoryEntry><DirectoryEntry><Name>זאב פריינד</Name><Telephone>02-6426207</Telephone><Telephone>052-7184155</Telephone></DirectoryEntry><DirectoryEntry><Name>זכריה פרנק</Name><Telephone>03-6160246</Telephone><Telephone>054-8430470</Telephone></DirectoryEntry><DirectoryEntry><Name>זאב פרנקל</Name><Telephone>02-6523491</Telephone><Telephone>052-7688133</Telephone></DirectoryEntry><DirectoryEntry><Name>זאב פרנקל</Name></DirectoryEntry><DirectoryEntry><Name>זאב דב קאהן</Name><Telephone>02-8000212</Telephone></DirectoryEntry><DirectoryEntry><Name>זאב קוזק</Name><Telephone>08-8527646</Telephone></DirectoryEntry><DirectoryEntry><Name>זושא בן ציון קולודני</Name><Telephone>077-4551051</Telephone><Telephone>058-3232963</Telephone></DirectoryEntry><DirectoryEntry><Name>זאב קונופניצקי</Name><Telephone>03-6192010</Telephone><Telephone>053-3192010</Telephone></DirectoryEntry><DirectoryEntry><Name>זלמן יעקב קורלנסקי</Name><Telephone>058-3210675</Telephone></DirectoryEntry><DirectoryEntry><Name>זלמן יעקב קורלנסקי</Name><Telephone>073 7270250</Telephone><Telephone>052-7152693</Telephone></DirectoryEntry><DirectoryEntry><Name>זלמן יעקב קורלנסקי</Name><Telephone>08 8060888</Telephone></DirectoryEntry><DirectoryEntry><Name>זלמן יעקב קורלנסקי</Name><Telephone>08-8001216</Telephone></DirectoryEntry><DirectoryEntry><Name>זאב קלופמן</Name><Telephone>02-5387379</Telephone><Telephone>050-4122806</Telephone></DirectoryEntry><DirectoryEntry><Name>זאב דב קליין</Name><Telephone>052 7606441</Telephone></DirectoryEntry><DirectoryEntry><Name>זאב קליינהנדלר</Name><Telephone>02-9994792</Telephone></DirectoryEntry><DirectoryEntry><Name>זאב קמיונקה</Name><Telephone>055 6769716</Telephone><Telephone>055-6769719</Telephone></DirectoryEntry><DirectoryEntry><Name>זאב קמינסקי</Name><Telephone>052-7671565</Telephone></DirectoryEntry><DirectoryEntry><Name>זושא קסירר</Name></DirectoryEntry><DirectoryEntry><Name>זלוטא ראנד</Name><Telephone>08-8679020</Telephone></DirectoryEntry><DirectoryEntry><Name>זאב רבינוביץ</Name><Telephone>08-9107847</Telephone><Telephone>052-7140737</Telephone></DirectoryEntry><DirectoryEntry><Name>זלמן משה רובינשטיין</Name><Telephone>052 7685556</Telephone></DirectoryEntry><DirectoryEntry><Name>זלמן יעקב רוזמרין</Name><Telephone>077-5431668</Telephone><Telephone>052-7696850</Telephone></DirectoryEntry><DirectoryEntry><Name>זאב רוזנפלד</Name><Telephone>08-8000686</Telephone><Telephone>054-8493058</Telephone></DirectoryEntry><DirectoryEntry><Name>זעליג יוסף רוטבלט</Name><Telephone>02-5004684</Telephone><Telephone>054-8452734</Telephone></DirectoryEntry><DirectoryEntry><Name>זהבה רושצקי</Name><Telephone>03-6184776</Telephone></DirectoryEntry><DirectoryEntry><Name>זאב שלום רייס</Name><Telephone>03 5607212</Telephone><Telephone>053-3111103</Telephone></DirectoryEntry><DirectoryEntry><Name>זעליג שטיצברג</Name><Telephone>055 6721720</Telephone></DirectoryEntry><DirectoryEntry><Name>זכריה שניידר</Name></DirectoryEntry><DirectoryEntry><Name>זאב שצ'רנסקי</Name></DirectoryEntry></YealinkIPPhoneDirectory>