<?xml version='1.0' encoding='utf-8'?>
<YealinkIPPhoneDirectory><DirectoryEntry><Name>חיים אלישע אבוביץ</Name><Telephone>052-7174100</Telephone><Telephone>050-4141237</Telephone></DirectoryEntry><DirectoryEntry><Name>חיים הערש אבוביץ</Name><Telephone>054 8551040</Telephone></DirectoryEntry><DirectoryEntry><Name>חיים יהודה צבי אבוביץ</Name><Telephone>052 7638967</Telephone></DirectoryEntry><DirectoryEntry><Name>חיים צבי אבוביץ</Name><Telephone>08-6812358</Telephone></DirectoryEntry><DirectoryEntry><Name>חנוך חיים דב אבוביץ</Name><Telephone>08-8640345</Telephone><Telephone>052-7623232</Telephone></DirectoryEntry><DirectoryEntry><Name>חיים צבי אברמוביץ</Name><Telephone>08-8666347</Telephone><Telephone>054-8484727</Telephone></DirectoryEntry><DirectoryEntry><Name>חיים שרגא פייביל אברמוביץ</Name><Telephone>052-7612112</Telephone><Telephone>052-7111244</Telephone></DirectoryEntry><DirectoryEntry><Name>חיים אברמצ'יק</Name><Telephone>08-8035025</Telephone><Telephone>052-7699981</Telephone></DirectoryEntry><DirectoryEntry><Name>חיים ישראל אברמצ'יק</Name><Telephone>03-6763259</Telephone><Telephone>053-3156351</Telephone></DirectoryEntry><DirectoryEntry><Name>חיים משה אברמצ'יק</Name><Telephone>02-5823674</Telephone></DirectoryEntry><DirectoryEntry><Name>חיים אדלר</Name><Telephone>02-5671912</Telephone><Telephone>052-2654511</Telephone></DirectoryEntry><DirectoryEntry><Name>חיים יצחק אדלר</Name><Telephone>052-7641976</Telephone></DirectoryEntry><DirectoryEntry><Name>חיים צבי אדלר</Name><Telephone>08-8654683</Telephone><Telephone>052-7634683</Telephone></DirectoryEntry><DirectoryEntry><Name>חיים אולבסקי</Name><Telephone>058 3270117</Telephone></DirectoryEntry><DirectoryEntry><Name>חוה אולשטיין</Name><Telephone>03-5791683</Telephone></DirectoryEntry><DirectoryEntry><Name>חיים ישראל אוסטרי</Name><Telephone>02-5711282</Telephone><Telephone>05276-25331</Telephone></DirectoryEntry><DirectoryEntry><Name>חיים צבי אוסלנדר</Name><Telephone>02-9919670</Telephone></DirectoryEntry><DirectoryEntry><Name>חיים אופנהיים</Name></DirectoryEntry><DirectoryEntry><Name>חיים שלום אורבך</Name><Telephone>08-8540872</Telephone><Telephone>052-7186533</Telephone></DirectoryEntry><DirectoryEntry><Name>חיים שלום אורבך</Name><Telephone>055-6705958</Telephone></DirectoryEntry><DirectoryEntry><Name>חיים אלעזר אורזל</Name><Telephone>03-5703896</Telephone><Telephone>054-8449081</Telephone></DirectoryEntry><DirectoryEntry><Name>חנוך אורזל</Name><Telephone>03-6193686</Telephone><Telephone>053-3113680</Telephone></DirectoryEntry><DirectoryEntry><Name>חיים אלעזר אורנבך</Name><Telephone>718-4354337</Telephone></DirectoryEntry><DirectoryEntry><Name>חיים אליעזר איבנבוים</Name><Telephone>058 3241903</Telephone><Telephone>052-7655443</Telephone></DirectoryEntry><DirectoryEntry><Name>חיים מאיר איבנבוים</Name><Telephone>08-8654270</Telephone><Telephone>054-8448037</Telephone></DirectoryEntry><DirectoryEntry><Name>חיים ראובן איבנבוים</Name><Telephone>02-8000156</Telephone><Telephone>058-3284006</Telephone></DirectoryEntry><DirectoryEntry><Name>חיה איזנברג</Name><Telephone>08-8657072</Telephone><Telephone>050-4101690</Telephone></DirectoryEntry><DirectoryEntry><Name>חנוך איזנברג</Name><Telephone>08-8655011</Telephone><Telephone>052-7620570</Telephone></DirectoryEntry><DirectoryEntry><Name>חיים איזראעל</Name><Telephone>04-8010018</Telephone><Telephone>058-3210018</Telephone></DirectoryEntry><DirectoryEntry><Name>חיים אייגר</Name><Telephone>03-6168171</Telephone><Telephone>054-8538500</Telephone></DirectoryEntry><DirectoryEntry><Name>חיים אייגר</Name><Telephone>054-8433998</Telephone></DirectoryEntry><DirectoryEntry><Name>חיים יוסף אייגר</Name><Telephone>053 3119087</Telephone><Telephone>053-3179087</Telephone></DirectoryEntry><DirectoryEntry><Name>חיים איידלמן</Name></DirectoryEntry><DirectoryEntry><Name>חנוך איידלמן</Name><Telephone>08-9956095</Telephone><Telephone>053-3106610</Telephone></DirectoryEntry><DirectoryEntry><Name>חיים יצחק איידלס</Name><Telephone>03-6182948</Telephone></DirectoryEntry><DirectoryEntry><Name>חיים יצחק איידלס</Name><Telephone>03-5234145</Telephone><Telephone>050-3100904</Telephone></DirectoryEntry><DirectoryEntry><Name>חיים דן איינפלד</Name><Telephone>08-8001312</Telephone><Telephone>052-7124564</Telephone></DirectoryEntry><DirectoryEntry><Name>חיים אלימלך אירנשטיין</Name><Telephone>08-8001237</Telephone></DirectoryEntry><DirectoryEntry><Name>חיים יצחק אירנשטיין</Name><Telephone>08-8641922</Telephone><Telephone>050-4143534</Telephone></DirectoryEntry><DirectoryEntry><Name>חנוך אירנשטיין</Name><Telephone>03-5790008</Telephone><Telephone>052-7663014</Telephone></DirectoryEntry><DirectoryEntry><Name>חנוך אירנשטיין</Name><Telephone>03-5329104</Telephone></DirectoryEntry><DirectoryEntry><Name>חנוך אירנשטיין</Name><Telephone>02-5389001</Telephone><Telephone>054-8467687</Telephone></DirectoryEntry><DirectoryEntry><Name>חנוך העניך אירנשטיין</Name><Telephone>08-8642544</Telephone><Telephone>053-3186005</Telephone></DirectoryEntry><DirectoryEntry><Name>חנוך העניך אירנשטיין</Name><Telephone>08-8652080</Telephone><Telephone>052-7622001</Telephone></DirectoryEntry><DirectoryEntry><Name>חנוך העניך אירנשטיין</Name><Telephone>053-3130034</Telephone></DirectoryEntry><DirectoryEntry><Name>חנוך העניך אירנשטיין</Name><Telephone>058 3247004</Telephone><Telephone>050-4175583</Telephone></DirectoryEntry><DirectoryEntry><Name>חנוך העניך אירנשטיין</Name><Telephone>054 8422764</Telephone><Telephone>055-6784935</Telephone></DirectoryEntry><DirectoryEntry><Name>חנוך העניך אירנשטיין</Name><Telephone>03-5330575</Telephone><Telephone>054-2204220</Telephone></DirectoryEntry><DirectoryEntry><Name>חנוך העניך אירנשטיין</Name><Telephone>02-8020065</Telephone><Telephone>053-3115736</Telephone></DirectoryEntry><DirectoryEntry><Name>חיים יעקב יוסף אלבוים</Name></DirectoryEntry><DirectoryEntry><Name>חיים מרדכי אלבוים</Name><Telephone>02-9994931</Telephone><Telephone>052-7641550</Telephone></DirectoryEntry><DirectoryEntry><Name>חנוך העניך אלבוים</Name></DirectoryEntry><DirectoryEntry><Name>חיים אלברט</Name><Telephone>055 6731375</Telephone></DirectoryEntry><DirectoryEntry><Name>חיים מאיר אלברט</Name><Telephone>03-6199102</Telephone><Telephone>052-7659102</Telephone></DirectoryEntry><DirectoryEntry><Name>חנוך דוד אלברט</Name><Telephone>08-8043006</Telephone></DirectoryEntry><DirectoryEntry><Name>חוה שרה אלתר</Name><Telephone>02-5380707</Telephone></DirectoryEntry><DirectoryEntry><Name>חיים אלעזר אלתר</Name><Telephone>02-5808978</Telephone></DirectoryEntry><DirectoryEntry><Name>חיים אלעזר אלתר</Name><Telephone>077-7168603</Telephone><Telephone>050-4123342</Telephone></DirectoryEntry><DirectoryEntry><Name>חיים דב אלתר</Name><Telephone>058 3203260</Telephone></DirectoryEntry><DirectoryEntry><Name>חנוך אלתר</Name><Telephone>08-8640291</Telephone><Telephone>050-4101048</Telephone></DirectoryEntry><DirectoryEntry><Name>חנוך דוד אלתר</Name><Telephone>03-6850776</Telephone><Telephone>053-3155160</Telephone></DirectoryEntry><DirectoryEntry><Name>חנוך העניך אלתר</Name></DirectoryEntry><DirectoryEntry><Name>חנוך חיים אלתר</Name><Telephone>03-9092161</Telephone><Telephone>052-7152925</Telephone></DirectoryEntry><DirectoryEntry><Name>חיים חנוך אנגלנדר</Name><Telephone>08-8556905</Telephone><Telephone>053-3107969</Telephone></DirectoryEntry><DirectoryEntry><Name>חיה ראדה יהודית אספיס</Name><Telephone>053 3177053</Telephone></DirectoryEntry><DirectoryEntry><Name>חיים אלימלך אספיס</Name></DirectoryEntry><DirectoryEntry><Name>חיים חנוך ארליך</Name><Telephone>053 3157071</Telephone></DirectoryEntry><DirectoryEntry><Name>חיים מאיר ארנסטר</Name><Telephone>02-9952550</Telephone></DirectoryEntry><DirectoryEntry><Name>חיים צבי ארנרייך</Name><Telephone>052-7168188</Telephone></DirectoryEntry><DirectoryEntry><Name>חנוך דב ארנרייך</Name><Telephone>02-5385551</Telephone><Telephone>052-7614363</Telephone></DirectoryEntry><DirectoryEntry><Name>חנניה יום טוב ל אשכנזי</Name><Telephone>052 7101498</Telephone></DirectoryEntry><DirectoryEntry><Name>חנה בודה</Name><Telephone>03-5703753</Telephone></DirectoryEntry><DirectoryEntry><Name>חיים דוד בוים</Name><Telephone>03-5793556</Telephone><Telephone>052-7168338</Telephone></DirectoryEntry><DirectoryEntry><Name>חזקיהו בוך</Name><Telephone>055 6782447</Telephone><Telephone>055-6781343</Telephone></DirectoryEntry><DirectoryEntry><Name>חיים בורנשטיין</Name><Telephone>03-9170342</Telephone><Telephone>050-4152036</Telephone></DirectoryEntry><DirectoryEntry><Name>חוה ביבלה</Name><Telephone>03-5706921</Telephone><Telephone>053-3124775</Telephone></DirectoryEntry><DirectoryEntry><Name>חיים בייטנר</Name><Telephone>03-6296131</Telephone></DirectoryEntry><DirectoryEntry><Name>חיים יעקב ביננפלד</Name><Telephone>052-7112783</Telephone></DirectoryEntry><DirectoryEntry><Name>חיים יהודה ביננשטוק</Name></DirectoryEntry><DirectoryEntry><Name>חנוך מאיר בינקה</Name><Telephone>03-6499654</Telephone><Telephone>052-7167876</Telephone></DirectoryEntry><DirectoryEntry><Name>חיים שלום בירנהאק</Name></DirectoryEntry><DirectoryEntry><Name>חיים בירנשטוק</Name><Telephone>055 6773937</Telephone><Telephone>058-3276050</Telephone></DirectoryEntry><DirectoryEntry><Name>חיים שמעון בלוטניק</Name></DirectoryEntry><DirectoryEntry><Name>חיה מרים בלזם</Name><Telephone>03-6196965</Telephone></DirectoryEntry><DirectoryEntry><Name>חנוך העניך דוד בליז'ינסקי</Name><Telephone>04-8029002</Telephone><Telephone>053-3166600</Telephone></DirectoryEntry><DirectoryEntry><Name>חיים ראובן בלסבלג</Name><Telephone>03-9093658</Telephone><Telephone>053-3192292</Telephone></DirectoryEntry><DirectoryEntry><Name>חיים מנחם מנס בן שם</Name></DirectoryEntry><DirectoryEntry><Name>חנה דרייזל בנט</Name><Telephone>02-5385011</Telephone></DirectoryEntry><DirectoryEntry><Name>חיים בניש</Name><Telephone>03-5703821</Telephone><Telephone>052-7621977</Telephone></DirectoryEntry><DirectoryEntry><Name>חיים פינחס בניש</Name><Telephone>04-8644262</Telephone><Telephone>052-7606055</Telephone></DirectoryEntry><DirectoryEntry><Name>חנה בלהה בניש</Name><Telephone>03-6194437</Telephone><Telephone>052-7123916</Telephone></DirectoryEntry><DirectoryEntry><Name>חיים אלימלך בנצלוביץ</Name></DirectoryEntry><DirectoryEntry><Name>חיים מרדכי בעק</Name><Telephone>053 4110101</Telephone></DirectoryEntry><DirectoryEntry><Name>חיה בר</Name><Telephone>02-6569427</Telephone></DirectoryEntry><DirectoryEntry><Name>חיים דן בראון</Name><Telephone>052-7623533</Telephone></DirectoryEntry><DirectoryEntry><Name>חיה רחל ברגמן</Name><Telephone>08-6788631</Telephone></DirectoryEntry><DirectoryEntry><Name>חיה שרה ברגמן</Name><Telephone>02-5371768</Telephone><Telephone>05041-94066</Telephone></DirectoryEntry><DirectoryEntry><Name>חיים ברגמן</Name><Telephone>03-8000130</Telephone></DirectoryEntry><DirectoryEntry><Name>חיים יהודה ברגמן</Name><Telephone>08-6788631</Telephone></DirectoryEntry><DirectoryEntry><Name>חנה ברגמן</Name><Telephone>02-5386766</Telephone></DirectoryEntry><DirectoryEntry><Name>חיים שלום ברודבקר</Name><Telephone>03-6182729</Telephone><Telephone>050-4101882</Telephone></DirectoryEntry><DirectoryEntry><Name>חנוך העניך ברודבקר</Name><Telephone>03-6198483</Telephone><Telephone>054-8542783</Telephone></DirectoryEntry><DirectoryEntry><Name>חנוך העניך ברודבקר</Name><Telephone>03-6495642</Telephone><Telephone>052-7649562</Telephone></DirectoryEntry><DirectoryEntry><Name>חיים ברודז'ק</Name><Telephone>08-8533994</Telephone><Telephone>052-7622280</Telephone></DirectoryEntry><DirectoryEntry><Name>חנוך העניך ברוידא</Name><Telephone>052 7190901</Telephone></DirectoryEntry><DirectoryEntry><Name>חיים אהרן ברוינר</Name><Telephone>053 4183168</Telephone><Telephone>055-6731664</Telephone></DirectoryEntry><DirectoryEntry><Name>חיים יוסף ברוינר</Name><Telephone>077-4252125</Telephone><Telephone>050-4188787</Telephone></DirectoryEntry><DirectoryEntry><Name>חיים שאול ברוינר</Name><Telephone>03-8070900</Telephone></DirectoryEntry><DirectoryEntry><Name>חיים שמואל ברוינר</Name><Telephone>050-4152292</Telephone></DirectoryEntry><DirectoryEntry><Name>חיים מאיר ברזובסקי</Name></DirectoryEntry><DirectoryEntry><Name>חיים יוסף ברזל</Name></DirectoryEntry><DirectoryEntry><Name>חיים ישכר ברייטשטיין</Name><Telephone>03-5707475</Telephone><Telephone>050-4186630</Telephone></DirectoryEntry><DirectoryEntry><Name>חיים אהרן יחיאל ברין</Name><Telephone>02-5003470</Telephone><Telephone>050-4156600</Telephone></DirectoryEntry><DirectoryEntry><Name>חנה מאשה בריסטובסקי</Name><Telephone>03-5230628</Telephone><Telephone>053-3177279</Telephone></DirectoryEntry><DirectoryEntry><Name>חיים אלימלך ברלינסקי</Name><Telephone>08-8008200</Telephone></DirectoryEntry><DirectoryEntry><Name>חנוך העניך ברלינסקי</Name><Telephone>08-8558372</Telephone><Telephone>053-3158372</Telephone></DirectoryEntry><DirectoryEntry><Name>חנוך העניך ברנד</Name></DirectoryEntry><DirectoryEntry><Name>חיים יהודה ברנט</Name><Telephone>02-5386154</Telephone><Telephone>053-3100570</Telephone></DirectoryEntry><DirectoryEntry><Name>חיים ברסלר</Name></DirectoryEntry><DirectoryEntry><Name>חיים אריה ברסלר</Name><Telephone>053 3129992</Telephone></DirectoryEntry><DirectoryEntry><Name>חיים אריה ברסלר</Name><Telephone>02-8020061</Telephone><Telephone>052-7127065</Telephone></DirectoryEntry><DirectoryEntry><Name>חיים אריה ברסלר</Name><Telephone>052-7692512</Telephone></DirectoryEntry><DirectoryEntry><Name>חיים אריה ברסלר</Name><Telephone>03-5782710</Telephone><Telephone>052-7687297</Telephone></DirectoryEntry><DirectoryEntry><Name>חיים אריה ברסלר</Name></DirectoryEntry><DirectoryEntry><Name>חנוך שמחה ברסלר</Name><Telephone>02-9918361</Telephone><Telephone>053-3179443</Telephone></DirectoryEntry><DirectoryEntry><Name>חנניה ברסלר</Name><Telephone>03-6760794</Telephone><Telephone>052-7638537</Telephone></DirectoryEntry><DirectoryEntry><Name>חיים יעקב ברסקי</Name><Telephone>08-8670769</Telephone><Telephone>050-4141163</Telephone></DirectoryEntry><DirectoryEntry><Name>חנוך העניך ברסקי</Name><Telephone>02-5002630</Telephone><Telephone>050-4141162</Telephone></DirectoryEntry><DirectoryEntry><Name>חיים יצחק ברקוביץ</Name><Telephone>058 3250050</Telephone></DirectoryEntry><DirectoryEntry><Name>חנוך העניך ברקוביץ</Name><Telephone>04-6938576</Telephone><Telephone>053-3181987</Telephone></DirectoryEntry><DirectoryEntry><Name>חנוך העניך ברקוביץ</Name><Telephone>055 6730914</Telephone><Telephone>055-6751287</Telephone></DirectoryEntry><DirectoryEntry><Name>חנוך העניך גבריאלוב</Name><Telephone>03-5708104</Telephone><Telephone>053-3108106</Telephone></DirectoryEntry><DirectoryEntry><Name>חוה גוטליב</Name><Telephone>03-6192870</Telephone></DirectoryEntry><DirectoryEntry><Name>חיים גוטליב</Name><Telephone>02-9910375</Telephone><Telephone>053-3110375</Telephone></DirectoryEntry><DirectoryEntry><Name>חיים גוטליב</Name><Telephone>02-5384696</Telephone></DirectoryEntry><DirectoryEntry><Name>חיים אליעזר גוטליב</Name><Telephone>08-8033012</Telephone></DirectoryEntry><DirectoryEntry><Name>חיים יוסף גוטליב</Name><Telephone>02-6518925</Telephone><Telephone>052-8659845</Telephone></DirectoryEntry><DirectoryEntry><Name>חיים מרדכי יוסף גוטליב</Name><Telephone>08-8562168</Telephone><Telephone>052-7625855</Telephone></DirectoryEntry><DirectoryEntry><Name>חיים פנחס גוטליב</Name><Telephone>03-5783057</Telephone><Telephone>050-4128216</Telephone></DirectoryEntry><DirectoryEntry><Name>חיים משה גוטמן</Name><Telephone>02-5826143</Telephone><Telephone>053-3146143</Telephone></DirectoryEntry><DirectoryEntry><Name>חיים משה צבי גוטמן</Name><Telephone>077-7815951</Telephone><Telephone>050-4141518</Telephone></DirectoryEntry><DirectoryEntry><Name>חיים צבי גוטמן</Name><Telephone>03-5703102</Telephone><Telephone>053-3165993</Telephone></DirectoryEntry><DirectoryEntry><Name>חיים גוטסמן</Name><Telephone>08 8035554</Telephone></DirectoryEntry><DirectoryEntry><Name>חיים גוטסמן</Name><Telephone>08-8642900</Telephone><Telephone>052-7165193</Telephone></DirectoryEntry><DirectoryEntry><Name>חיים אביגדור לייביש גוטסמן</Name><Telephone>03-6779005</Telephone><Telephone>053-3179005</Telephone></DirectoryEntry><DirectoryEntry><Name>חיים דב גולדבלט</Name><Telephone>02-5382556</Telephone><Telephone>052-7692005</Telephone></DirectoryEntry><DirectoryEntry><Name>חיים בנימין גולדברג</Name><Telephone>08-6815693</Telephone><Telephone>052-7611808</Telephone></DirectoryEntry><DirectoryEntry><Name>חיים דוד שמעון גולדברג</Name><Telephone>08-8668960</Telephone><Telephone>050-4168960</Telephone></DirectoryEntry><DirectoryEntry><Name>חיים צבי יוסף גולדברג</Name><Telephone>08-6817452</Telephone><Telephone>054-8419353</Telephone></DirectoryEntry><DirectoryEntry><Name>חיים דב גולדווסר</Name><Telephone>08-8001062</Telephone><Telephone>053-3118184</Telephone></DirectoryEntry><DirectoryEntry><Name>חיים דב גולדנברג</Name><Telephone>08-9104094</Telephone></DirectoryEntry><DirectoryEntry><Name>חנינא יוסף גולדנברג</Name></DirectoryEntry><DirectoryEntry><Name>חיים פתחיה גולדפלם</Name><Telephone>02-5023832</Telephone><Telephone>053-3112045</Telephone></DirectoryEntry><DirectoryEntry><Name>חיים שמואל גולדקנופף</Name><Telephone>03-5701971</Telephone><Telephone>050-4133101</Telephone></DirectoryEntry><DirectoryEntry><Name>חיים שרגא גולדשטיין</Name><Telephone>08-8550934</Telephone><Telephone>052-7690950</Telephone></DirectoryEntry><DirectoryEntry><Name>חנה הנדל גולדשטיין</Name><Telephone>03-5792380</Telephone><Telephone>053-3192381</Telephone></DirectoryEntry><DirectoryEntry><Name>חיה גורט</Name><Telephone>03-5240466</Telephone></DirectoryEntry><DirectoryEntry><Name>חיים גורט</Name><Telephone>03-6746654</Telephone><Telephone>054-5770062</Telephone></DirectoryEntry><DirectoryEntry><Name>חיה חוה אסתר גורמן</Name><Telephone>08-8543367</Telephone><Telephone>052-7603367</Telephone></DirectoryEntry><DirectoryEntry><Name>חנניה יו"ט ליפא גינזבורג</Name><Telephone>054 8425690</Telephone></DirectoryEntry><DirectoryEntry><Name>חיים נטע גירש</Name><Telephone>02-5817956</Telephone><Telephone>052-7647956</Telephone></DirectoryEntry><DirectoryEntry><Name>חיים נטע גירש</Name><Telephone>03-6482571</Telephone><Telephone>052-7635043</Telephone></DirectoryEntry><DirectoryEntry><Name>חנוך העניך גלברט</Name><Telephone>08-8647726</Telephone><Telephone>054-8449529</Telephone></DirectoryEntry><DirectoryEntry><Name>חיים חנוך העניך גלובינסקי</Name><Telephone>02-6519324</Telephone><Telephone>052-7139966</Telephone></DirectoryEntry><DirectoryEntry><Name>חנוך מאיר גלובינסקי</Name><Telephone>02-5373297</Telephone><Telephone>052-7665578</Telephone></DirectoryEntry><DirectoryEntry><Name>חנוך העניך גלזר</Name><Telephone>02-5375814</Telephone><Telephone>052-7132700</Telephone></DirectoryEntry><DirectoryEntry><Name>חיים חנוך גליקסברג</Name></DirectoryEntry><DirectoryEntry><Name>חנוך העניך גליקסברג</Name><Telephone>02 6788230</Telephone></DirectoryEntry><DirectoryEntry><Name>חנוך לייב גליקסברג</Name><Telephone>03-5791702</Telephone><Telephone>053-3111819</Telephone></DirectoryEntry><DirectoryEntry><Name>חיים קלמן גליקסון</Name><Telephone>02-9993772</Telephone><Telephone>052-7643772</Telephone></DirectoryEntry><DirectoryEntry><Name>חיים ראובן גליקסמן</Name></DirectoryEntry><DirectoryEntry><Name>חיים גלקופף</Name><Telephone>02-6525013</Telephone><Telephone>053-3131963</Telephone></DirectoryEntry><DirectoryEntry><Name>חיים ישראל גפני</Name><Telephone>08-8643012</Telephone><Telephone>05331-63016</Telephone></DirectoryEntry><DirectoryEntry><Name>חיים אליעזר גרוס</Name><Telephone>03 8052244</Telephone></DirectoryEntry><DirectoryEntry><Name>חיים חנוך העניך גרוס</Name><Telephone>08-8652831</Telephone><Telephone>052-7680531</Telephone></DirectoryEntry><DirectoryEntry><Name>חנוך לייב גרוס</Name><Telephone>077-5001136</Telephone><Telephone>052-7635764</Telephone></DirectoryEntry><DirectoryEntry><Name>חיים אהרן גרוסקופף</Name><Telephone>053-3107983</Telephone></DirectoryEntry><DirectoryEntry><Name>חיים מרדכי גרין</Name><Telephone>03-6195639</Telephone><Telephone>053-3166239</Telephone></DirectoryEntry><DirectoryEntry><Name>חיים גרינבוים</Name><Telephone>055 6728027</Telephone></DirectoryEntry><DirectoryEntry><Name>חיים גרינבוים</Name><Telephone>08-9100755</Telephone></DirectoryEntry><DirectoryEntry><Name>חנה גרינבוים</Name><Telephone>03-6290628</Telephone></DirectoryEntry><DirectoryEntry><Name>חיים גרינברג</Name><Telephone>058-3255512</Telephone></DirectoryEntry><DirectoryEntry><Name>חיים גרינוולד</Name><Telephone>08-8656322</Telephone><Telephone>053-3121847</Telephone></DirectoryEntry><DirectoryEntry><Name>חיים גרינפלד</Name><Telephone>02-5388654</Telephone><Telephone>052-7138865</Telephone></DirectoryEntry><DirectoryEntry><Name>חדוה גרינצייג</Name><Telephone>03-5700992</Telephone><Telephone>052-3831511</Telephone></DirectoryEntry><DirectoryEntry><Name>חיים ישראל גרינצייג</Name><Telephone>053-4103415</Telephone></DirectoryEntry><DirectoryEntry><Name>חיים גרנביץ</Name><Telephone>08-8652282</Telephone><Telephone>053-3106966</Telephone></DirectoryEntry><DirectoryEntry><Name>חנוך חיים גרנביץ</Name><Telephone>03-6187612</Telephone><Telephone>050-4152612</Telephone></DirectoryEntry><DirectoryEntry><Name>חנוך ישעי' גרנביץ</Name><Telephone>08-9455827</Telephone><Telephone>050-4128731</Telephone></DirectoryEntry><DirectoryEntry><Name>חיים בנימין גרשטנקורן</Name><Telephone>052 7612942</Telephone></DirectoryEntry><DirectoryEntry><Name>חיים עוזר גרשטנקורן</Name></DirectoryEntry><DirectoryEntry><Name>חיה שרה גשייד</Name><Telephone>08 8020036</Telephone></DirectoryEntry><DirectoryEntry><Name>חיים זאב גשייד</Name><Telephone>04-8666532</Telephone><Telephone>054-8596996</Telephone></DirectoryEntry><DirectoryEntry><Name>חננאל מנחם גשייד</Name><Telephone>03-9080132</Telephone></DirectoryEntry><DirectoryEntry><Name>חיים דויטש</Name><Telephone>03-6193173</Telephone></DirectoryEntry><DirectoryEntry><Name>חיים יוסף מאיר דויטש</Name><Telephone>08-8020163</Telephone></DirectoryEntry><DirectoryEntry><Name>חיים צבי דויטשר</Name><Telephone>02-9912022</Telephone><Telephone>054-8463008</Telephone></DirectoryEntry><DirectoryEntry><Name>חנוך העניך משה דויטשר</Name><Telephone>08-8660963</Telephone><Telephone>054-8410963</Telephone></DirectoryEntry><DirectoryEntry><Name>חיים אליהו דז'אלובסקי</Name><Telephone>02-5373905</Telephone><Telephone>053-3101072</Telephone></DirectoryEntry><DirectoryEntry><Name>חיים דב דז'אלובסקי</Name><Telephone>02-8077008</Telephone><Telephone>058-3230123</Telephone></DirectoryEntry><DirectoryEntry><Name>חיים שמעון דינקלס</Name><Telephone>077-2050706</Telephone><Telephone>052-7677378</Telephone></DirectoryEntry><DirectoryEntry><Name>חנוך יואל דיסקינד</Name><Telephone>052-7664228</Telephone><Telephone>052-7664228</Telephone></DirectoryEntry><DirectoryEntry><Name>חיים נחמיה דניאלצ'יק</Name><Telephone>03-6197975</Telephone><Telephone>054-8491500</Telephone></DirectoryEntry><DirectoryEntry><Name>חנוך העניך דניאלצ'יק</Name><Telephone>03-5705161</Telephone><Telephone>053-3100775</Telephone></DirectoryEntry><DirectoryEntry><Name>חנוך העניך דנציגר</Name><Telephone>08-6888655</Telephone><Telephone>053-3168886</Telephone></DirectoryEntry><DirectoryEntry><Name>חנה דפנר</Name><Telephone>02-5388528</Telephone></DirectoryEntry><DirectoryEntry><Name>חנוך העניך דרוק</Name><Telephone>08-8662289</Telephone><Telephone>054-8458050</Telephone></DirectoryEntry><DirectoryEntry><Name>חוה דרנגר</Name><Telephone>03-6185970</Telephone></DirectoryEntry><DirectoryEntry><Name>חיים דרנגר</Name><Telephone>053 4150505</Telephone></DirectoryEntry><DirectoryEntry><Name>חנוך דרנגר</Name><Telephone>02-9994705</Telephone><Telephone>050-4150132</Telephone></DirectoryEntry><DirectoryEntry><Name>חנוך העניך דרנגר</Name><Telephone>08 8001103</Telephone><Telephone>052-7645898</Telephone></DirectoryEntry><DirectoryEntry><Name>חיים הויזמן</Name><Telephone>058 3280817</Telephone></DirectoryEntry><DirectoryEntry><Name>חיים בנימין הולצמן</Name><Telephone>08-8648113</Telephone><Telephone>050-4189989</Telephone></DirectoryEntry><DirectoryEntry><Name>חיים צבי הולצמן</Name><Telephone>03-5709311</Telephone><Telephone>050-4133811</Telephone></DirectoryEntry><DirectoryEntry><Name>חיים שמחה הולצמן</Name><Telephone>08 8606686</Telephone></DirectoryEntry><DirectoryEntry><Name>חנוך הולצמן</Name><Telephone>02-9916640</Telephone></DirectoryEntry><DirectoryEntry><Name>חיים הורוביץ</Name><Telephone>02-5794233</Telephone><Telephone>054-8448550</Telephone></DirectoryEntry><DirectoryEntry><Name>חיים הורוביץ</Name><Telephone>08-8001085</Telephone></DirectoryEntry><DirectoryEntry><Name>חיים דב הורוביץ</Name><Telephone>08-8001013</Telephone></DirectoryEntry><DirectoryEntry><Name>חיים דב הורוביץ</Name></DirectoryEntry><DirectoryEntry><Name>חיים יעקב היידה</Name><Telephone>052-7655787</Telephone><Telephone>053-3100244</Telephone></DirectoryEntry><DirectoryEntry><Name>חיים מנחם הלברשטאם</Name><Telephone>03-6198074</Telephone><Telephone>05331-98075</Telephone></DirectoryEntry><DirectoryEntry><Name>חיים אריה הלפגוט</Name><Telephone>08-8558521</Telephone></DirectoryEntry><DirectoryEntry><Name>חיים צבי הלפגוט</Name><Telephone>02-6514941</Telephone></DirectoryEntry><DirectoryEntry><Name>חיים יעקב הלפרין</Name><Telephone>02-5372483</Telephone><Telephone>052-7123022</Telephone></DirectoryEntry><DirectoryEntry><Name>חיים המר</Name><Telephone>02-9924346</Telephone><Telephone>052-7667747</Telephone></DirectoryEntry><DirectoryEntry><Name>חנוך הנדל</Name><Telephone>02-6513027</Telephone></DirectoryEntry><DirectoryEntry><Name>חיים דוד הנדלס</Name><Telephone>08-8567430</Telephone></DirectoryEntry><DirectoryEntry><Name>חיים נחמן הרץ</Name><Telephone>03-5796453</Telephone><Telephone>053-3133200</Telephone></DirectoryEntry><DirectoryEntry><Name>חנוך יששכר הרץ</Name><Telephone>02-5375473</Telephone><Telephone>052-7627474</Telephone></DirectoryEntry><DirectoryEntry><Name>חיה הרצוג</Name></DirectoryEntry><DirectoryEntry><Name>חיים שמואל אהרן הרשברג</Name></DirectoryEntry><DirectoryEntry><Name>חיים משה הרשטיין</Name><Telephone>08-8662524</Telephone></DirectoryEntry><DirectoryEntry><Name>חנוך העניך הרשנבוים</Name><Telephone>03-6499683</Telephone><Telephone>054-8434007</Telephone></DirectoryEntry><DirectoryEntry><Name>חיה הרשקוביץ</Name><Telephone>03-6198618</Telephone></DirectoryEntry><DirectoryEntry><Name>חיים שמואל ישראל הרשקוביץ</Name><Telephone>055 6765617</Telephone></DirectoryEntry><DirectoryEntry><Name>חנה הרשקוביץ</Name><Telephone>04 6931306</Telephone></DirectoryEntry><DirectoryEntry><Name>חיים דב וגשל</Name><Telephone>08-8000567</Telephone></DirectoryEntry><DirectoryEntry><Name>חיים דוד וואלך</Name><Telephone>08-8644650</Telephone><Telephone>053-3144650</Telephone></DirectoryEntry><DirectoryEntry><Name>חיים יעקב וולף</Name><Telephone>03-5709104</Telephone><Telephone>052-7657798</Telephone></DirectoryEntry><DirectoryEntry><Name>חיים וולקין</Name></DirectoryEntry><DirectoryEntry><Name>חיים יעקב וורהפטיג</Name></DirectoryEntry><DirectoryEntry><Name>חנוך ויגדרוביץ</Name><Telephone>02-9919381</Telephone><Telephone>05276-24262</Telephone></DirectoryEntry><DirectoryEntry><Name>חוה רבקה וידיסלבסקי</Name><Telephone>08-9562573</Telephone><Telephone>052-7669560</Telephone></DirectoryEntry><DirectoryEntry><Name>חיים בנימין וידיסלבסקי</Name><Telephone>03-6789080</Telephone><Telephone>052-7671000</Telephone></DirectoryEntry><DirectoryEntry><Name>חיים דוד וידיסלבסקי</Name><Telephone>02-5401908</Telephone><Telephone>052-7134882</Telephone></DirectoryEntry><DirectoryEntry><Name>חנוך וידיסלבסקי</Name><Telephone>08-8664425</Telephone></DirectoryEntry><DirectoryEntry><Name>חנוך וידיסלבסקי</Name><Telephone>03-5700410</Telephone><Telephone>050-4122484</Telephone></DirectoryEntry><DirectoryEntry><Name>חנוך העניך וידיסלבסקי</Name><Telephone>08-8542051</Telephone><Telephone>052-7622700</Telephone></DirectoryEntry><DirectoryEntry><Name>חנוך העניך וידיסלבסקי</Name><Telephone>03-6192039</Telephone></DirectoryEntry><DirectoryEntry><Name>חיים זאב ויזל</Name><Telephone>02-9990972</Telephone></DirectoryEntry><DirectoryEntry><Name>חיים דן וייג</Name><Telephone>03-6182985</Telephone><Telephone>050-4110635</Telephone></DirectoryEntry><DirectoryEntry><Name>חיים שמעון וייזר</Name><Telephone>02-5810353</Telephone><Telephone>052-7610612</Telephone></DirectoryEntry><DirectoryEntry><Name>חיים יעקב וייל</Name><Telephone>02-5385678</Telephone><Telephone>052-7657002</Telephone></DirectoryEntry><DirectoryEntry><Name>חיה תחיה וייס</Name><Telephone>02-5382536</Telephone><Telephone>050-4132536</Telephone></DirectoryEntry><DirectoryEntry><Name>חיים יוסף אלחנן וייס</Name><Telephone>077-7173076</Telephone><Telephone>054-8433898</Telephone></DirectoryEntry><DirectoryEntry><Name>חיים אליעזר וייץ</Name><Telephone>08-8520828</Telephone><Telephone>053-3120829</Telephone></DirectoryEntry><DirectoryEntry><Name>חיים שלום וילהלם</Name><Telephone>08-8648629</Telephone></DirectoryEntry><DirectoryEntry><Name>חיים וינברג</Name><Telephone>02-5617015</Telephone></DirectoryEntry><DirectoryEntry><Name>חנוך העניך וינברגר</Name><Telephone>08-8033080</Telephone><Telephone>052-7680184</Telephone></DirectoryEntry><DirectoryEntry><Name>חיים וינגוט</Name><Telephone>058 3273091</Telephone></DirectoryEntry><DirectoryEntry><Name>חיים בן ציון וינגוט</Name><Telephone>04-6860072</Telephone><Telephone>055-6758282</Telephone></DirectoryEntry><DirectoryEntry><Name>חיים יצחק וינגוט</Name><Telephone>04-8010007</Telephone><Telephone>05832-74030</Telephone></DirectoryEntry><DirectoryEntry><Name>חיים דוד וינגרטן</Name><Telephone>03-6168620</Telephone><Telephone>052-7167484</Telephone></DirectoryEntry><DirectoryEntry><Name>חיים זאב וינגרטן</Name><Telephone>02-5381387</Telephone></DirectoryEntry><DirectoryEntry><Name>חנוך וינדרבוים</Name><Telephone>03 5797040</Telephone><Telephone>052-4269677</Telephone></DirectoryEntry><DirectoryEntry><Name>חיים יצחק וינרייך</Name><Telephone>04-6938401</Telephone><Telephone>053-3113776</Telephone></DirectoryEntry><DirectoryEntry><Name>חיים צבי וינרייך</Name><Telephone>03-8000180</Telephone><Telephone>054-8405566</Telephone></DirectoryEntry><DirectoryEntry><Name>חיים ישראל וינשטיין</Name></DirectoryEntry><DirectoryEntry><Name>חיים משה ויסברג</Name><Telephone>02-5389066</Telephone></DirectoryEntry><DirectoryEntry><Name>חיים בנימין וירניק</Name><Telephone>02-6512054</Telephone><Telephone>052-7608080</Telephone></DirectoryEntry><DirectoryEntry><Name>חיים בנימין וירניק</Name><Telephone>03-9092354</Telephone><Telephone>053-3180290</Telephone></DirectoryEntry><DirectoryEntry><Name>חוה וישניאק</Name><Telephone>03-5660653</Telephone></DirectoryEntry><DirectoryEntry><Name>חנוך ונגרובר</Name><Telephone>03-6874313</Telephone></DirectoryEntry><DirectoryEntry><Name>חיים ישראל וסרצוג</Name></DirectoryEntry><DirectoryEntry><Name>חנוך יוסף וסרצוג</Name><Telephone>03-6191123</Telephone><Telephone>053-3119114</Telephone></DirectoryEntry><DirectoryEntry><Name>חנוך יעקב וסרצוג</Name><Telephone>03-5791243</Telephone><Telephone>053-3101041</Telephone></DirectoryEntry><DirectoryEntry><Name>חיים נחמן וקס</Name><Telephone>02-5386275</Telephone><Telephone>053-3153862</Telephone></DirectoryEntry><DirectoryEntry><Name>חיים אליעזר וקסלמן</Name><Telephone>08-8562900</Telephone><Telephone>058-3203040</Telephone></DirectoryEntry><DirectoryEntry><Name>חיים ישראל וקסלמן</Name><Telephone>04-6936955</Telephone><Telephone>053-3131743</Telephone></DirectoryEntry><DirectoryEntry><Name>חנוך וקסלמן</Name><Telephone>08-8000035</Telephone><Telephone>053-3141128</Telephone></DirectoryEntry><DirectoryEntry><Name>חיים שלמה וקסלר</Name><Telephone>03-5703575</Telephone><Telephone>050-4120130</Telephone></DirectoryEntry><DirectoryEntry><Name>חיים שמחה בונם וקסשטוק</Name><Telephone>053 3168869</Telephone></DirectoryEntry><DirectoryEntry><Name>חנוך יצחק משה וקסשטוק</Name><Telephone>08-8043049</Telephone><Telephone>053-3140141</Telephone></DirectoryEntry><DirectoryEntry><Name>חיים יוסף וקשטיין</Name><Telephone>08-6811390</Telephone><Telephone>053-3109954</Telephone></DirectoryEntry><DirectoryEntry><Name>חוה ורדיגר</Name><Telephone>08-8665664</Telephone><Telephone>050-5466469</Telephone></DirectoryEntry><DirectoryEntry><Name>חיים ורדיגר</Name><Telephone>054-8436097</Telephone></DirectoryEntry><DirectoryEntry><Name>חנה ורדיגר</Name><Telephone>03-5742468</Telephone><Telephone>050-4120424</Telephone></DirectoryEntry><DirectoryEntry><Name>חיה אסתר ורשביאק</Name><Telephone>04-8440048</Telephone></DirectoryEntry><DirectoryEntry><Name>חנה ורשואר</Name><Telephone>02-6501865</Telephone></DirectoryEntry><DirectoryEntry><Name>חיים ברוך זאב</Name></DirectoryEntry><DirectoryEntry><Name>חיה שרה זיטלני</Name><Telephone>054-6231550</Telephone></DirectoryEntry><DirectoryEntry><Name>חדוה זייברט</Name><Telephone>03-5603225</Telephone><Telephone>052-7686690</Telephone></DirectoryEntry><DirectoryEntry><Name>חיים שמואל זייברט</Name><Telephone>08-6889168</Telephone><Telephone>054-8472114</Telephone></DirectoryEntry><DirectoryEntry><Name>חנוך העניך זייברט</Name><Telephone>03-5793869</Telephone><Telephone>050-4133245</Telephone></DirectoryEntry><DirectoryEntry><Name>חנוך העניך זייברט</Name><Telephone>054-8560066</Telephone></DirectoryEntry><DirectoryEntry><Name>חיים מרדכי זיידורף</Name><Telephone>04-8699651</Telephone><Telephone>052-7680650</Telephone></DirectoryEntry><DirectoryEntry><Name>חזקיהו יוסף זיידמן</Name><Telephone>02-9993018</Telephone></DirectoryEntry><DirectoryEntry><Name>חנוך דוד זיידמן</Name><Telephone>03-5796223</Telephone><Telephone>050-4132020</Telephone></DirectoryEntry><DirectoryEntry><Name>חנוך דוד זיידמן</Name><Telephone>08-8043033</Telephone><Telephone>052-7607769</Telephone></DirectoryEntry><DirectoryEntry><Name>חנוך דוד זיידמן</Name></DirectoryEntry><DirectoryEntry><Name>חדוה זילברברג</Name><Telephone>03-5797374</Telephone><Telephone>054-8415340</Telephone></DirectoryEntry><DirectoryEntry><Name>חוה גיטל זילברברג</Name><Telephone>02-5000870</Telephone></DirectoryEntry><DirectoryEntry><Name>חיים אליעזר זילברברג</Name><Telephone>077 2400508</Telephone></DirectoryEntry><DirectoryEntry><Name>חיים דב בער זילברברג</Name><Telephone>08-8645704</Telephone><Telephone>050-4115512</Telephone></DirectoryEntry><DirectoryEntry><Name>חיים צבי מאיר זילברברג</Name><Telephone>03-9092976</Telephone><Telephone>053-3151512</Telephone></DirectoryEntry><DirectoryEntry><Name>חיים שמואל יוסף זילברברג</Name><Telephone>052-7136933</Telephone></DirectoryEntry><DirectoryEntry><Name>חיים דב זילברמן</Name><Telephone>02-5385312</Telephone></DirectoryEntry><DirectoryEntry><Name>חוה זילברשטיין</Name><Telephone>02-5380696</Telephone></DirectoryEntry><DirectoryEntry><Name>חוה זילברשטיין</Name><Telephone>02-5381578</Telephone></DirectoryEntry><DirectoryEntry><Name>חיים אלימלך זילברשטיין</Name><Telephone>055 6729923</Telephone></DirectoryEntry><DirectoryEntry><Name>חיים אלימלך זילברשטיין</Name><Telephone>08 9108476</Telephone></DirectoryEntry><DirectoryEntry><Name>חיים אליעזר זילברשטיין</Name><Telephone>03-8000027</Telephone><Telephone>053-3160880</Telephone></DirectoryEntry><DirectoryEntry><Name>חיים שמואל זילברשטיין</Name><Telephone>053 4163420</Telephone></DirectoryEntry><DirectoryEntry><Name>חנוך העניך זלוצבסקי</Name><Telephone>04-6800064</Telephone><Telephone>050-4128680</Telephone></DirectoryEntry><DirectoryEntry><Name>חיה זלסקו</Name><Telephone>03-5742013</Telephone></DirectoryEntry><DirectoryEntry><Name>חיים שמחה זלץ</Name><Telephone>02-5387943</Telephone><Telephone>0505-329440</Telephone></DirectoryEntry><DirectoryEntry><Name>חיים זלצר</Name><Telephone>073-7244250</Telephone></DirectoryEntry><DirectoryEntry><Name>חיה זנדמן</Name><Telephone>03-5744821</Telephone><Telephone>052-7611958</Telephone></DirectoryEntry><DirectoryEntry><Name>חיים חורז'בסקי</Name><Telephone>08-8658678</Telephone></DirectoryEntry><DirectoryEntry><Name>חזקיהו חייטובסקי</Name><Telephone>053 3109063</Telephone></DirectoryEntry><DirectoryEntry><Name>חיים יהודה לייב חנס</Name><Telephone>03-6497756</Telephone><Telephone>054-8448844</Telephone></DirectoryEntry><DirectoryEntry><Name>חוה חריף (אוסטרי)</Name><Telephone>02-5001779</Telephone></DirectoryEntry><DirectoryEntry><Name>חנה טאומן</Name><Telephone>050 4111935</Telephone></DirectoryEntry><DirectoryEntry><Name>חוה טויב</Name><Telephone>03-6166582</Telephone></DirectoryEntry><DirectoryEntry><Name>חי טויב</Name><Telephone>04-69222117</Telephone></DirectoryEntry><DirectoryEntry><Name>חיים אליעזר טויב</Name><Telephone>054 8533144</Telephone><Telephone>058-3257002</Telephone></DirectoryEntry><DirectoryEntry><Name>חנה זיסל טויב</Name><Telephone>02-5328270</Telephone><Telephone>053-3156157</Telephone></DirectoryEntry><DirectoryEntry><Name>חיים טודרוס טויסיג</Name><Telephone>054-8540622</Telephone></DirectoryEntry><DirectoryEntry><Name>חיים מרדכי טוכובר</Name><Telephone>08-8669717</Telephone><Telephone>053-3180350</Telephone></DirectoryEntry><DirectoryEntry><Name>חיים מרדכי טוכובר</Name><Telephone>08-8001061</Telephone></DirectoryEntry><DirectoryEntry><Name>חיים יוסף טושינסקי</Name></DirectoryEntry><DirectoryEntry><Name>חיים שלמה טיברג</Name><Telephone>02-5380842</Telephone><Telephone>053-3133353</Telephone></DirectoryEntry><DirectoryEntry><Name>חיים אליעזר טייטל</Name><Telephone>02-5003791</Telephone><Telephone>053-3143333</Telephone></DirectoryEntry><DirectoryEntry><Name>חיים אליעזר דב טייטל</Name><Telephone>08-8679180</Telephone><Telephone>053-3187188</Telephone></DirectoryEntry><DirectoryEntry><Name>חיים אלעזר טייטל</Name></DirectoryEntry><DirectoryEntry><Name>חיים טייטלבוים</Name><Telephone>03-6166799</Telephone><Telephone>054-8477444</Telephone></DirectoryEntry><DirectoryEntry><Name>חיים אליעזר טייטלבוים</Name><Telephone>02 5022717</Telephone><Telephone>058-3209439</Telephone></DirectoryEntry><DirectoryEntry><Name>חנוך העניך גד טייטלבוים</Name><Telephone>03-8000106</Telephone><Telephone>054-8499477</Telephone></DirectoryEntry><DirectoryEntry><Name>חיים טיפנברון</Name><Telephone>03-5282620</Telephone><Telephone>050-4111649</Telephone></DirectoryEntry><DirectoryEntry><Name>חנוך גד טירנואר</Name><Telephone>02-5813650</Telephone><Telephone>052-7639500</Telephone></DirectoryEntry><DirectoryEntry><Name>חיים ברוך טנדובסקי</Name><Telephone>054 8589223</Telephone></DirectoryEntry><DirectoryEntry><Name>חיים אלעזר טננבוים</Name></DirectoryEntry><DirectoryEntry><Name>חיה אסתר טסלר</Name><Telephone>08-8542598</Telephone><Telephone>053-3115645</Telephone></DirectoryEntry><DirectoryEntry><Name>חיים מאיר טסלר</Name><Telephone>08-8001301</Telephone><Telephone>053-3115870</Telephone></DirectoryEntry><DirectoryEntry><Name>חיים אליעזר טרויבע</Name><Telephone>08-8000037</Telephone></DirectoryEntry><DirectoryEntry><Name>חנוך העניך טשערסקי</Name><Telephone>058-3245535</Telephone><Telephone>055-6745535</Telephone></DirectoryEntry><DirectoryEntry><Name>חיים אברהם יאמניק</Name><Telephone>02-6522710</Telephone><Telephone>053-3131700</Telephone></DirectoryEntry><DirectoryEntry><Name>חיים שמואל ידוואב</Name><Telephone>055 6748036</Telephone></DirectoryEntry><DirectoryEntry><Name>חיים שמואל יודקביץ</Name><Telephone>052 7131258</Telephone></DirectoryEntry><DirectoryEntry><Name>חנה רחל יודקביץ</Name><Telephone>08-8001121</Telephone><Telephone>052-7171205</Telephone></DirectoryEntry><DirectoryEntry><Name>חיים משולם יוסטמן</Name><Telephone>02-5376094</Telephone><Telephone>050-4121212</Telephone></DirectoryEntry><DirectoryEntry><Name>חיים עקיבא יוסקוביץ</Name></DirectoryEntry><DirectoryEntry><Name>חנה רבקה ינקלביץ</Name><Telephone>08-6497413</Telephone><Telephone>053-3199103</Telephone></DirectoryEntry><DirectoryEntry><Name>חנניה ירט</Name><Telephone>04-6937346</Telephone><Telephone>052-7623100</Telephone></DirectoryEntry><DirectoryEntry><Name>חיים אריה כהן</Name><Telephone>02-6518096</Telephone><Telephone>054-8438095</Telephone></DirectoryEntry><DirectoryEntry><Name>חיים דב כהן</Name><Telephone>053 3107102</Telephone></DirectoryEntry><DirectoryEntry><Name>חיים יהודה כהן</Name><Telephone>03-6768301</Telephone><Telephone>050-4140240</Telephone></DirectoryEntry><DirectoryEntry><Name>חיים יצחק כהן</Name><Telephone>02-5380128</Telephone><Telephone>053-3110273</Telephone></DirectoryEntry><DirectoryEntry><Name>חיים מאיר כהן</Name><Telephone>03-9092136</Telephone><Telephone>050-4177721</Telephone></DirectoryEntry><DirectoryEntry><Name>חיים מנחם מנדל כהן</Name><Telephone>053-3111393</Telephone></DirectoryEntry><DirectoryEntry><Name>חיים נח כהן</Name><Telephone>02-5000584</Telephone><Telephone>052-7627266</Telephone></DirectoryEntry><DirectoryEntry><Name>חיים סיני כהן</Name><Telephone>03-6762345</Telephone><Telephone>050-4106016</Telephone></DirectoryEntry><DirectoryEntry><Name>חיים כץ</Name><Telephone>08-8655260</Telephone><Telephone>053-3186552</Telephone></DirectoryEntry><DirectoryEntry><Name>חיים בנימין כץ</Name><Telephone>08-8652465</Telephone><Telephone>052-7133331</Telephone></DirectoryEntry><DirectoryEntry><Name>חיים בנימין כץ</Name><Telephone>04-6930838</Telephone><Telephone>052-7166169</Telephone></DirectoryEntry><DirectoryEntry><Name>חיים נחמיה כץ</Name></DirectoryEntry><DirectoryEntry><Name>חנוך צבי כץ</Name><Telephone>03-8050043</Telephone></DirectoryEntry><DirectoryEntry><Name>חיים כרמל</Name><Telephone>052-7111331</Telephone></DirectoryEntry><DirectoryEntry><Name>חיה דינה לב</Name><Telephone>03-5786613</Telephone></DirectoryEntry><DirectoryEntry><Name>חיים לב</Name></DirectoryEntry><DirectoryEntry><Name>חיים יהודה אריה לייב לב</Name><Telephone>02-5860448</Telephone><Telephone>054-8416587</Telephone></DirectoryEntry><DirectoryEntry><Name>חנוך העניך דב לב</Name></DirectoryEntry><DirectoryEntry><Name>חיה שרה לבקוביץ</Name></DirectoryEntry><DirectoryEntry><Name>חיים לבקוביץ</Name><Telephone>055-6720320</Telephone></DirectoryEntry><DirectoryEntry><Name>חיים דב ברכיה לבקוביץ</Name><Telephone>02-9921423</Telephone><Telephone>0583244006</Telephone></DirectoryEntry><DirectoryEntry><Name>חיים יוסף לבקוביץ</Name><Telephone>02-5386517</Telephone><Telephone>052-7113100</Telephone></DirectoryEntry><DirectoryEntry><Name>חיים יצחק לבקוביץ</Name><Telephone>053-3163579</Telephone></DirectoryEntry><DirectoryEntry><Name>חיים יצחק לבקוביץ</Name><Telephone>03-5795894</Telephone><Telephone>050-4188279</Telephone></DirectoryEntry><DirectoryEntry><Name>חיים פנחס לבקוביץ</Name><Telephone>02-8080027</Telephone><Telephone>053-3108076</Telephone></DirectoryEntry><DirectoryEntry><Name>חיים יצחק יאיר לדני</Name><Telephone>08-8033017</Telephone></DirectoryEntry><DirectoryEntry><Name>חיים לובינסקי</Name><Telephone>04-8001700</Telephone></DirectoryEntry><DirectoryEntry><Name>חיים לובלינג</Name><Telephone>08 8001069</Telephone></DirectoryEntry><DirectoryEntry><Name>חיה ברכה לודמיר</Name></DirectoryEntry><DirectoryEntry><Name>חיים דב לודמיר</Name></DirectoryEntry><DirectoryEntry><Name>חיים דב לודמיר</Name><Telephone>053 3138463</Telephone></DirectoryEntry><DirectoryEntry><Name>חיים דב לודמיר</Name></DirectoryEntry><DirectoryEntry><Name>חנוך לודמיר</Name><Telephone>050-4105020</Telephone></DirectoryEntry><DirectoryEntry><Name>חנוך אריה לודמיר</Name><Telephone>08-8640772</Telephone></DirectoryEntry><DirectoryEntry><Name>חיים לוי</Name></DirectoryEntry><DirectoryEntry><Name>חיים ישעיה לוי</Name><Telephone>03-5794991</Telephone><Telephone>053-3100175</Telephone></DirectoryEntry><DirectoryEntry><Name>חיים שלמה לוי</Name><Telephone>058 3245144</Telephone></DirectoryEntry><DirectoryEntry><Name>חנוך לוין</Name><Telephone>03-9093999</Telephone><Telephone>052-7612619</Telephone></DirectoryEntry><DirectoryEntry><Name>חנוך לוינקוף</Name><Telephone>08-6343397</Telephone><Telephone>050-4128543</Telephone></DirectoryEntry><DirectoryEntry><Name>חזקיהו לוק</Name><Telephone>058 3279831</Telephone><Telephone>058-3279830</Telephone></DirectoryEntry><DirectoryEntry><Name>חזקיהו לוק</Name><Telephone>055 6709004</Telephone></DirectoryEntry><DirectoryEntry><Name>חזקיהו לוק</Name><Telephone>055 6774216</Telephone></DirectoryEntry><DirectoryEntry><Name>חזקיהו לוק</Name></DirectoryEntry><DirectoryEntry><Name>חזקיהו לוק</Name><Telephone>053 4197048</Telephone></DirectoryEntry><DirectoryEntry><Name>חזקיהו לוק</Name><Telephone>08 8031313</Telephone><Telephone>058-3216313</Telephone></DirectoryEntry><DirectoryEntry><Name>חיים נחום לוק</Name></DirectoryEntry><DirectoryEntry><Name>חיים שמואל לוקר</Name><Telephone>02-5388265</Telephone><Telephone>053-3188977</Telephone></DirectoryEntry><DirectoryEntry><Name>חיים ברכיה ליברמן</Name><Telephone>03-6168763</Telephone><Telephone>054-8539989</Telephone></DirectoryEntry><DirectoryEntry><Name>חיים יהודה אריה ליברמן</Name><Telephone>08-8677394</Telephone><Telephone>050-4123480</Telephone></DirectoryEntry><DirectoryEntry><Name>חנוך העניך ליברמן</Name><Telephone>055 6764745</Telephone></DirectoryEntry><DirectoryEntry><Name>חיים יצחק ליברפרוינד</Name><Telephone>03-5795758</Telephone></DirectoryEntry><DirectoryEntry><Name>חיים יעקב לייזר</Name><Telephone>02-6420684</Telephone><Telephone>05444-04487</Telephone></DirectoryEntry><DirectoryEntry><Name>חיים ליכטנשטיין</Name><Telephone>03-5795394</Telephone><Telephone>053-3133163</Telephone></DirectoryEntry><DirectoryEntry><Name>חיים דב ליכטנשטיין</Name></DirectoryEntry><DirectoryEntry><Name>חיים יוסף ליכטנשטיין</Name><Telephone>058 3250592</Telephone></DirectoryEntry><DirectoryEntry><Name>חנה ליכטנשטיין</Name><Telephone>052-7662195</Telephone></DirectoryEntry><DirectoryEntry><Name>חנוך העניך ליכטשיין</Name><Telephone>08-8669005</Telephone></DirectoryEntry><DirectoryEntry><Name>חיים ליס</Name><Telephone>03-6187672</Telephone></DirectoryEntry><DirectoryEntry><Name>חיים יוסף ליפסקר</Name><Telephone>03-6056926</Telephone><Telephone>052-6226401</Telephone></DirectoryEntry><DirectoryEntry><Name>חיים יוסף דוד ליפשיץ</Name></DirectoryEntry><DirectoryEntry><Name>חיים שמואל ליצמן</Name><Telephone>050 4176000</Telephone></DirectoryEntry><DirectoryEntry><Name>חיים ליקר</Name><Telephone>03-6734262</Telephone></DirectoryEntry><DirectoryEntry><Name>חיים יצחק למברגר</Name><Telephone>02-9993811</Telephone><Telephone>052-7611837</Telephone></DirectoryEntry><DirectoryEntry><Name>חיים מנחם למברגר</Name><Telephone>03-5700948</Telephone></DirectoryEntry><DirectoryEntry><Name>חנה לנדאו</Name></DirectoryEntry><DirectoryEntry><Name>חנה טובה לנדסברג</Name><Telephone>02-5824611</Telephone><Telephone>053-3117799</Telephone></DirectoryEntry><DirectoryEntry><Name>חנוך העניך לנצ'בסקי</Name><Telephone>055-6723923</Telephone></DirectoryEntry><DirectoryEntry><Name>חיים נחמן לסקי</Name></DirectoryEntry><DirectoryEntry><Name>חיים אלתר משה לפה</Name><Telephone>052 7168700</Telephone></DirectoryEntry><DirectoryEntry><Name>חיים ישראל לרנר</Name><Telephone>053 3170545</Telephone></DirectoryEntry><DirectoryEntry><Name>חנניה לרנר</Name><Telephone>03-9652886</Telephone></DirectoryEntry><DirectoryEntry><Name>חיה מאיר</Name><Telephone>03-5782381</Telephone><Telephone>052-7616220</Telephone></DirectoryEntry><DirectoryEntry><Name>חיים גרשון מאירוביץ</Name><Telephone>055 6750633</Telephone><Telephone>055-6749932</Telephone></DirectoryEntry><DirectoryEntry><Name>חיים חנוך מוזסון</Name><Telephone>055 6783970</Telephone></DirectoryEntry><DirectoryEntry><Name>חיים משה דב בער מוזסון</Name><Telephone>052-7622636</Telephone></DirectoryEntry><DirectoryEntry><Name>חיים אברהם יצחק מונדרי</Name><Telephone>053 3191902</Telephone></DirectoryEntry><DirectoryEntry><Name>חיים אלחנן מונדרי</Name><Telephone>08 8026262</Telephone><Telephone>053-3126681</Telephone></DirectoryEntry><DirectoryEntry><Name>חיים יצחק יעקב מונדרי</Name><Telephone>08 8033099</Telephone><Telephone>055-6743099</Telephone></DirectoryEntry><DirectoryEntry><Name>חיה מונטג</Name><Telephone>03-5705795</Telephone><Telephone>053-3118050</Telephone></DirectoryEntry><DirectoryEntry><Name>חיים דוד מוניץ</Name><Telephone>08-8678238</Telephone><Telephone>052-7659011</Telephone></DirectoryEntry><DirectoryEntry><Name>חנוך העניך מוניץ</Name><Telephone>08-8020105</Telephone></DirectoryEntry><DirectoryEntry><Name>חיים יהודה מוסבאכר</Name><Telephone>02 5023728</Telephone><Telephone>058-6760000</Telephone></DirectoryEntry><DirectoryEntry><Name>חנוך העניך מוסבאכר</Name><Telephone>052-7112615</Telephone></DirectoryEntry><DirectoryEntry><Name>חיים דב מורגנשטרן</Name></DirectoryEntry><DirectoryEntry><Name>חנוך העניך מורגנשטרן</Name><Telephone>08-8555829</Telephone><Telephone>054-8597939</Telephone></DirectoryEntry><DirectoryEntry><Name>חיים אליהו מושקוביץ</Name><Telephone>02-9925653</Telephone><Telephone>052-7170499</Telephone></DirectoryEntry><DirectoryEntry><Name>חיים דוד מושקוביץ</Name><Telephone>02-5022292</Telephone></DirectoryEntry><DirectoryEntry><Name>חיה יהודית מילר</Name><Telephone>03-5707166</Telephone></DirectoryEntry><DirectoryEntry><Name>חיים מילר</Name></DirectoryEntry><DirectoryEntry><Name>חיים בצלאל מילר</Name><Telephone>02-5619239</Telephone></DirectoryEntry><DirectoryEntry><Name>חיים אהרן מילשטיין</Name><Telephone>054-8596196</Telephone></DirectoryEntry><DirectoryEntry><Name>חיים זאב מילשטיין</Name><Telephone>08-9953490</Telephone><Telephone>052-7169140</Telephone></DirectoryEntry><DirectoryEntry><Name>חיה רבקה מינץ</Name><Telephone>03-5743477</Telephone></DirectoryEntry><DirectoryEntry><Name>חנוך מינץ</Name></DirectoryEntry><DirectoryEntry><Name>חנוך העניך מינץ</Name><Telephone>052 7175805</Telephone></DirectoryEntry><DirectoryEntry><Name>חזקיהו מלאך</Name><Telephone>058 3258533</Telephone></DirectoryEntry><DirectoryEntry><Name>חיים זאב מלאך</Name><Telephone>08-8640408</Telephone><Telephone>050-4101450</Telephone></DirectoryEntry><DirectoryEntry><Name>חיים זאב מלאך</Name></DirectoryEntry><DirectoryEntry><Name>חיים יחזקאל מלאך</Name><Telephone>02-5863635</Telephone></DirectoryEntry><DirectoryEntry><Name>חזקיהו מלבסקי</Name></DirectoryEntry><DirectoryEntry><Name>חנוך העניך מלבסקי</Name><Telephone>08-8020044</Telephone></DirectoryEntry><DirectoryEntry><Name>חיים זלמן מלצר</Name><Telephone>08-8605760</Telephone><Telephone>052-7145830</Telephone></DirectoryEntry><DirectoryEntry><Name>חיים אליעזר מנלה</Name><Telephone>08-9955468</Telephone><Telephone>053-3100800</Telephone></DirectoryEntry><DirectoryEntry><Name>חיים צבי מנלה</Name><Telephone>08-8553225</Telephone><Telephone>052-7171593</Telephone></DirectoryEntry><DirectoryEntry><Name>חנוך העניך מנלה</Name><Telephone>054-8444815</Telephone></DirectoryEntry><DirectoryEntry><Name>חנוך העניך מנלה</Name></DirectoryEntry><DirectoryEntry><Name>חזקיהו מרגלית</Name></DirectoryEntry><DirectoryEntry><Name>חיה שרה מרגלית</Name><Telephone>03-6199501</Telephone></DirectoryEntry><DirectoryEntry><Name>חנוך גד מרקסון</Name><Telephone>04-6938075</Telephone><Telephone>053-3138075</Telephone></DirectoryEntry><DirectoryEntry><Name>חיים יוסף נאגל</Name><Telephone>02-9917031</Telephone><Telephone>053-4110979</Telephone></DirectoryEntry><DirectoryEntry><Name>חיים יעקב נאגל</Name><Telephone>08-8657224</Telephone><Telephone>052-7653229</Telephone></DirectoryEntry><DirectoryEntry><Name>חיים מאיר נוגלבלט</Name><Telephone>03-6186011</Telephone><Telephone>050-4160714</Telephone></DirectoryEntry><DirectoryEntry><Name>חיים יצחק נוימן</Name><Telephone>03-5705876</Telephone><Telephone>052-7645409</Telephone></DirectoryEntry><DirectoryEntry><Name>חיים אלחנן נוסבוים</Name><Telephone>08-8529594</Telephone><Telephone>052-7149594</Telephone></DirectoryEntry><DirectoryEntry><Name>חיים אלחנן נוסבוים</Name><Telephone>03-6168205</Telephone><Telephone>052-7616821</Telephone></DirectoryEntry><DirectoryEntry><Name>חיים אלחנן נוסבוים</Name><Telephone>03-6488718</Telephone></DirectoryEntry><DirectoryEntry><Name>חיים שמואל נוסבוים</Name><Telephone>052-7622395</Telephone></DirectoryEntry><DirectoryEntry><Name>חיים אליהו ניימן</Name></DirectoryEntry><DirectoryEntry><Name>חיים יוסף נפרשטק</Name><Telephone>055 6771214</Telephone></DirectoryEntry><DirectoryEntry><Name>חיים יוסף נפרשטק</Name><Telephone>054 8597365</Telephone></DirectoryEntry><DirectoryEntry><Name>חנוך העניך נפרשטק</Name><Telephone>02 6723005</Telephone></DirectoryEntry><DirectoryEntry><Name>חיים דב סגל</Name><Telephone>054 8515056</Telephone></DirectoryEntry><DirectoryEntry><Name>חיים פרץ סטוביצקי</Name><Telephone>03-6199171</Telephone><Telephone>050-4177706</Telephone></DirectoryEntry><DirectoryEntry><Name>חיים ישראל סלומיאנסקי</Name><Telephone>08-8000680</Telephone><Telephone>053-3121204</Telephone></DirectoryEntry><DirectoryEntry><Name>חיים מנחם מנדל סקולסקי</Name></DirectoryEntry><DirectoryEntry><Name>חיים עציון</Name><Telephone>04-9836348</Telephone></DirectoryEntry><DirectoryEntry><Name>חנוך העניך מנחם עציוני</Name><Telephone>052-7182971</Telephone></DirectoryEntry><DirectoryEntry><Name>חיים יצחק ערערא</Name><Telephone>08-8655916</Telephone></DirectoryEntry><DirectoryEntry><Name>חיים אלימלך פאלוך</Name><Telephone>072-2488588</Telephone><Telephone>052-7170706</Telephone></DirectoryEntry><DirectoryEntry><Name>חיים אלימלך פאלוך</Name><Telephone>08-8002080</Telephone><Telephone>050-4192080</Telephone></DirectoryEntry><DirectoryEntry><Name>חנה פודמסקי</Name><Telephone>03-6191588</Telephone><Telephone>050-4115510</Telephone></DirectoryEntry><DirectoryEntry><Name>חיים אהרן פוזנר</Name><Telephone>08-8676897</Telephone><Telephone>053-3120573</Telephone></DirectoryEntry><DirectoryEntry><Name>חגי מאיר פולק</Name><Telephone>08-9953015</Telephone></DirectoryEntry><DirectoryEntry><Name>חיים גבריאל פומרנץ</Name><Telephone>02-5810403</Telephone><Telephone>053-3100370</Telephone></DirectoryEntry><DirectoryEntry><Name>חנוך העניך אברהם פיטרקובסקי</Name><Telephone>03-6191891</Telephone><Telephone>052-7616050</Telephone></DirectoryEntry><DirectoryEntry><Name>חנוך מנחם פייבוש</Name><Telephone>08-8656132</Telephone><Telephone>052-7158775</Telephone></DirectoryEntry><DirectoryEntry><Name>חיים ישראל פיינגולד</Name><Telephone>02-9951454</Telephone><Telephone>052-7619542</Telephone></DirectoryEntry><DirectoryEntry><Name>חיים אליעזר פינקוסביץ</Name><Telephone>02-5828422</Telephone><Telephone>052-7654482</Telephone></DirectoryEntry><DirectoryEntry><Name>חיים אליעזר פיק</Name><Telephone>03-6188633</Telephone><Telephone>052-7623900</Telephone></DirectoryEntry><DirectoryEntry><Name>חנה פיק</Name><Telephone>04-8667727</Telephone><Telephone>052-7636804</Telephone></DirectoryEntry><DirectoryEntry><Name>חיים יהושע פיקרסקי</Name><Telephone>08-8659225</Telephone><Telephone>054-8437631</Telephone></DirectoryEntry><DirectoryEntry><Name>חיים דוד פישביין</Name><Telephone>02-5022602</Telephone></DirectoryEntry><DirectoryEntry><Name>חיים יעקב פישביין</Name><Telephone>03-6765106</Telephone><Telephone>053-3151151</Telephone></DirectoryEntry><DirectoryEntry><Name>חיה צביה פלדמן</Name><Telephone>02-6243666</Telephone></DirectoryEntry><DirectoryEntry><Name>חיים יצחק פלדמן</Name><Telephone>03-6499385</Telephone><Telephone>052-7144488</Telephone></DirectoryEntry><DirectoryEntry><Name>חיים מאיר פלדמן</Name><Telephone>08-8001297</Telephone></DirectoryEntry><DirectoryEntry><Name>חיים ניסן פלדמן</Name><Telephone>03-5795224</Telephone></DirectoryEntry><DirectoryEntry><Name>חיים בונם פלוטשעניק</Name><Telephone>052 7125731</Telephone></DirectoryEntry><DirectoryEntry><Name>חיים פינחס פלוטשעניק</Name><Telephone>053 4171485</Telephone></DirectoryEntry><DirectoryEntry><Name>חיים יוסף מנחם מנדל פלוצקי</Name><Telephone>03-8006666</Telephone><Telephone>052-7163600</Telephone></DirectoryEntry><DirectoryEntry><Name>חנוך העניך פלקסר</Name><Telephone>03-6199813</Telephone></DirectoryEntry><DirectoryEntry><Name>חוה שרה פנט</Name><Telephone>08 8653852</Telephone></DirectoryEntry><DirectoryEntry><Name>חנוך העניך פסח</Name><Telephone>02-6513528</Telephone><Telephone>053-3111480</Telephone></DirectoryEntry><DirectoryEntry><Name>חיים ישעיהו פסטג</Name><Telephone>02 5811050</Telephone><Telephone>054-8523288</Telephone></DirectoryEntry><DirectoryEntry><Name>חיים שלמה פסטג</Name><Telephone>09-7407513</Telephone><Telephone>054-3976326</Telephone></DirectoryEntry><DirectoryEntry><Name>חיים אלעזר פעסעל</Name><Telephone>02-5388868</Telephone><Telephone>052-7698869</Telephone></DirectoryEntry><DirectoryEntry><Name>חנוך העניך פפר</Name><Telephone>058 3203216</Telephone></DirectoryEntry><DirectoryEntry><Name>חנה צפורה פרוימן</Name><Telephone>08-8020001</Telephone><Telephone>052-7690617</Telephone></DirectoryEntry><DirectoryEntry><Name>חיים אהרן פרומן</Name><Telephone>08-8662899</Telephone><Telephone>053-3186629</Telephone></DirectoryEntry><DirectoryEntry><Name>חיים ראובן פרומן</Name><Telephone>03-5282756</Telephone><Telephone>053-3131456</Telephone></DirectoryEntry><DirectoryEntry><Name>חנוך העניך פרומן</Name><Telephone>02-8060003</Telephone><Telephone>050-4150090</Telephone></DirectoryEntry><DirectoryEntry><Name>חיים אלעזר פריבס</Name><Telephone>03-6191804</Telephone></DirectoryEntry><DirectoryEntry><Name>חיים פרידלנדר</Name><Telephone>04-8021555</Telephone></DirectoryEntry><DirectoryEntry><Name>חיים פרידלנדר</Name></DirectoryEntry><DirectoryEntry><Name>חדוה פרידמן</Name><Telephone>02-5385248</Telephone></DirectoryEntry><DirectoryEntry><Name>חיים אלימלך פרידמן</Name><Telephone>058 3275957</Telephone><Telephone>055-6728803</Telephone></DirectoryEntry><DirectoryEntry><Name>חיים חנוך העניך פרייא</Name><Telephone>08-8556634</Telephone><Telephone>052-7656586</Telephone></DirectoryEntry><DirectoryEntry><Name>חיים שלמה פרייא</Name><Telephone>058-3284843</Telephone><Telephone>052-7175399</Telephone></DirectoryEntry><DirectoryEntry><Name>חנוך העניך פרייברג</Name><Telephone>03-6746070</Telephone></DirectoryEntry><DirectoryEntry><Name>חיים פריינד</Name><Telephone>02-5387263</Telephone></DirectoryEntry><DirectoryEntry><Name>חיים פרנקל</Name></DirectoryEntry><DirectoryEntry><Name>חיים אלעזר פרנקל</Name><Telephone>03-5708421</Telephone><Telephone>053-3157084</Telephone></DirectoryEntry><DirectoryEntry><Name>חיים יצחק פרנקל</Name><Telephone>050 4167451</Telephone><Telephone>055-6766496</Telephone></DirectoryEntry><DirectoryEntry><Name>חנוך העניך פרסטר</Name><Telephone>08-8542837</Telephone><Telephone>053-3130303</Telephone></DirectoryEntry><DirectoryEntry><Name>חיים פרקל</Name><Telephone>02-5386678</Telephone><Telephone>052-7621200</Telephone></DirectoryEntry><DirectoryEntry><Name>חיים חנוך העניך פרקל</Name><Telephone>02-5020066</Telephone></DirectoryEntry><DirectoryEntry><Name>חיים יצחק פרקל</Name></DirectoryEntry><DirectoryEntry><Name>חיים אליעזר פרקש</Name><Telephone>02 8011730</Telephone><Telephone>053-3176156</Telephone></DirectoryEntry><DirectoryEntry><Name>חיים דב פשווזמאן</Name><Telephone>02-9991837</Telephone><Telephone>053-3185283</Telephone></DirectoryEntry><DirectoryEntry><Name>חיים פשיגורסקי</Name><Telephone>02-8080037</Telephone></DirectoryEntry><DirectoryEntry><Name>חיים חנוך ציטרנבוים</Name><Telephone>08-8676092</Telephone><Telephone>050-4156155</Telephone></DirectoryEntry><DirectoryEntry><Name>חיים ישראל צימרמן</Name><Telephone>08-8678613</Telephone><Telephone>052-7618613</Telephone></DirectoryEntry><DirectoryEntry><Name>חיים מאיר צישינסקי</Name><Telephone>053-3101720</Telephone></DirectoryEntry><DirectoryEntry><Name>חיים יהודה צלניקר</Name><Telephone>052 7671694</Telephone></DirectoryEntry><DirectoryEntry><Name>חיים קאהן</Name><Telephone>03-5709305</Telephone><Telephone>053-3109306</Telephone></DirectoryEntry><DirectoryEntry><Name>חיים קוזלובסקי</Name><Telephone>03-6163553</Telephone><Telephone>053-3192193</Telephone></DirectoryEntry><DirectoryEntry><Name>חנה קוזלובסקי</Name><Telephone>03-6192518</Telephone><Telephone>050-4152022</Telephone></DirectoryEntry><DirectoryEntry><Name>חיה שרה קוזליק</Name><Telephone>02-5387645</Telephone></DirectoryEntry><DirectoryEntry><Name>חיה קוזק</Name><Telephone>08-6752729</Telephone></DirectoryEntry><DirectoryEntry><Name>חיים קוזק</Name></DirectoryEntry><DirectoryEntry><Name>חיים קוטיינר</Name><Telephone>02-5372582</Telephone><Telephone>052-7135888</Telephone></DirectoryEntry><DirectoryEntry><Name>חנה קוטיינר</Name><Telephone>03-6191073</Telephone></DirectoryEntry><DirectoryEntry><Name>חנוך העניך קופילוביץ</Name><Telephone>03-8000069</Telephone><Telephone>052-7165457</Telephone></DirectoryEntry><DirectoryEntry><Name>חיים יונה קופל</Name><Telephone>052 7151112</Telephone></DirectoryEntry><DirectoryEntry><Name>חנה דבורה קופמן</Name><Telephone>08-8640599</Telephone><Telephone>053-3140180</Telephone></DirectoryEntry><DirectoryEntry><Name>חנוך שמחה קופמן</Name><Telephone>08-8660549</Telephone><Telephone>052-7126830</Telephone></DirectoryEntry><DirectoryEntry><Name>חנוך העניך קופרמן</Name><Telephone>08-8649778</Telephone><Telephone>053-3150300</Telephone></DirectoryEntry><DirectoryEntry><Name>חיים יהודה לייב קורלנסקי</Name><Telephone>03-5706844</Telephone><Telephone>053-3106844</Telephone></DirectoryEntry><DirectoryEntry><Name>חיים יהודה לייב קורלנסקי</Name><Telephone>053-3139668</Telephone></DirectoryEntry><DirectoryEntry><Name>חנה שיינא קורלנסקי</Name><Telephone>08-8648155</Telephone><Telephone>053-3179404</Telephone></DirectoryEntry><DirectoryEntry><Name>חיים יצחק קורן</Name><Telephone>08-6349987</Telephone></DirectoryEntry><DirectoryEntry><Name>חנניה יוסף קורנגוט</Name><Telephone>077-3500958</Telephone><Telephone>054-8411774</Telephone></DirectoryEntry><DirectoryEntry><Name>חיים קורניק</Name><Telephone>08-8647499</Telephone><Telephone>053-3167715</Telephone></DirectoryEntry><DirectoryEntry><Name>חיים ישראל קורניק</Name><Telephone>04-6802949</Telephone></DirectoryEntry><DirectoryEntry><Name>חיים שלמה קורניק</Name><Telephone>02-9991731</Telephone></DirectoryEntry><DirectoryEntry><Name>חיים מאיר קושמרסקי</Name><Telephone>02-5385320</Telephone><Telephone>052-7614320</Telephone></DirectoryEntry><DirectoryEntry><Name>חמדה קירשנבוים</Name><Telephone>03-6183070</Telephone></DirectoryEntry><DirectoryEntry><Name>חנוך העניך קירשנבוים</Name><Telephone>03-5792156</Telephone><Telephone>050-4132827</Telephone></DirectoryEntry><DirectoryEntry><Name>חנוך קלוגמן</Name><Telephone>03-5796992</Telephone><Telephone>052-7166400</Telephone></DirectoryEntry><DirectoryEntry><Name>חנוך העניך קלוגמן</Name><Telephone>054 8405782</Telephone></DirectoryEntry><DirectoryEntry><Name>חיה קלופמן</Name><Telephone>08-8669400</Telephone></DirectoryEntry><DirectoryEntry><Name>חיים אריה קליין</Name><Telephone>08-8001115</Telephone></DirectoryEntry><DirectoryEntry><Name>חנוך מאיר קליין</Name><Telephone>02-5000130</Telephone></DirectoryEntry><DirectoryEntry><Name>חיים עוזר קליינהנדלר</Name></DirectoryEntry><DirectoryEntry><Name>חנוך קליינהנדלר</Name><Telephone>02-5810084</Telephone><Telephone>052-7637575</Telephone></DirectoryEntry><DirectoryEntry><Name>חיים חנוך קלפהולץ</Name><Telephone>09-9556774</Telephone></DirectoryEntry><DirectoryEntry><Name>חנוך העניך קמינר</Name><Telephone>050-4199030</Telephone></DirectoryEntry><DirectoryEntry><Name>חנוך העניך קמינר</Name><Telephone>02-5004886</Telephone><Telephone>053-3110350</Telephone></DirectoryEntry><DirectoryEntry><Name>חנוך העניך קמינר</Name><Telephone>08-8020141</Telephone></DirectoryEntry><DirectoryEntry><Name>חיים דב קמפינסקי</Name><Telephone>08-8006040</Telephone></DirectoryEntry><DirectoryEntry><Name>חיים יוסף קמפינסקי</Name><Telephone>055 6720971</Telephone></DirectoryEntry><DirectoryEntry><Name>חיים יוסף קמפינסקי</Name><Telephone>053 3172835</Telephone></DirectoryEntry><DirectoryEntry><Name>חנוך קמפינסקי</Name><Telephone>052-7157111</Telephone><Telephone>05271-48255</Telephone></DirectoryEntry><DirectoryEntry><Name>חיים קנובלוביץ</Name><Telephone>08-8042002</Telephone></DirectoryEntry><DirectoryEntry><Name>חנוך העניך קנופף</Name><Telephone>02-5370999</Telephone><Telephone>053-3103208</Telephone></DirectoryEntry><DirectoryEntry><Name>חיים קניג</Name><Telephone>03-5705773</Telephone><Telephone>054-8482409</Telephone></DirectoryEntry><DirectoryEntry><Name>חיים יצחק קנל</Name><Telephone>02-5386157</Telephone><Telephone>052-7676900</Telephone></DirectoryEntry><DirectoryEntry><Name>חיים יצחק קפלושניק</Name><Telephone>04-8665928</Telephone><Telephone>053-3124591</Telephone></DirectoryEntry><DirectoryEntry><Name>חנוך העניך קרויזר</Name></DirectoryEntry><DirectoryEntry><Name>חזקיהו קרול</Name></DirectoryEntry><DirectoryEntry><Name>חיים ניסן ראובן קרול</Name><Telephone>02-5374124</Telephone><Telephone>052-7659282</Telephone></DirectoryEntry><DirectoryEntry><Name>חנוך קרול</Name><Telephone>04-6934484</Telephone><Telephone>053-3134484</Telephone></DirectoryEntry><DirectoryEntry><Name>חיים דב קריגר</Name><Telephone>073 7509934</Telephone></DirectoryEntry><DirectoryEntry><Name>חיים דב קריגר</Name><Telephone>073 7509934</Telephone></DirectoryEntry><DirectoryEntry><Name>חיים זבולון קריגר</Name><Telephone>03-5785341</Telephone><Telephone>052-7117117</Telephone></DirectoryEntry><DirectoryEntry><Name>חיים קרימלובסקי</Name></DirectoryEntry><DirectoryEntry><Name>חיים אשר קרל</Name><Telephone>03-6165720</Telephone></DirectoryEntry><DirectoryEntry><Name>חיים יוסף ראנד</Name><Telephone>08-8671035</Telephone><Telephone>054-8434555</Telephone></DirectoryEntry><DirectoryEntry><Name>חנוך שמחה ראנד</Name><Telephone>03 8050091</Telephone></DirectoryEntry><DirectoryEntry><Name>חיים יצחק רדז'מינסקי</Name><Telephone>058-3217182</Telephone><Telephone>058-3217182</Telephone></DirectoryEntry><DirectoryEntry><Name>חדוה רובין</Name><Telephone>02-5383665</Telephone></DirectoryEntry><DirectoryEntry><Name>חיים דן רובינשטיין</Name><Telephone>5794171</Telephone></DirectoryEntry><DirectoryEntry><Name>חיים יצחק רובינשטיין</Name><Telephone>08-8653507</Telephone><Telephone>053-3162425</Telephone></DirectoryEntry><DirectoryEntry><Name>חנה רובינשטיין</Name><Telephone>03-6199318</Telephone><Telephone>054-8410564</Telephone></DirectoryEntry><DirectoryEntry><Name>חנה הנדה רובינשטיין</Name><Telephone>03-6191783</Telephone></DirectoryEntry><DirectoryEntry><Name>חנוך העניך רובינשטיין</Name><Telephone>050-4162733</Telephone></DirectoryEntry><DirectoryEntry><Name>חנוך צבי רובינשטיין</Name><Telephone>03-6164299</Telephone><Telephone>052-7110118</Telephone></DirectoryEntry><DirectoryEntry><Name>חנוך נתן רוגוזינסקי</Name><Telephone>052-7698134</Telephone><Telephone>052-7693324</Telephone></DirectoryEntry><DirectoryEntry><Name>חיים רוזן</Name><Telephone>08-8640435</Telephone><Telephone>050-4112774</Telephone></DirectoryEntry><DirectoryEntry><Name>חיים אלחנן רוזן</Name><Telephone>02-9920726</Telephone><Telephone>052-7675809</Telephone></DirectoryEntry><DirectoryEntry><Name>חיים דוד רוזן</Name><Telephone>08-8561650</Telephone><Telephone>053-3185616</Telephone></DirectoryEntry><DirectoryEntry><Name>חיים רוזנבוים</Name></DirectoryEntry><DirectoryEntry><Name>חיים בנימין ביינוש רוזנבוים</Name><Telephone>077-5355250</Telephone></DirectoryEntry><DirectoryEntry><Name>חיים דוד רוזנבוים</Name><Telephone>077-5385874</Telephone><Telephone>050-4191700</Telephone></DirectoryEntry><DirectoryEntry><Name>חיים שלום רוזנבוים</Name></DirectoryEntry><DirectoryEntry><Name>חנוך שמחה בונם רוזנבוים</Name><Telephone>08-8000116</Telephone></DirectoryEntry><DirectoryEntry><Name>חיים מאיר רוזנבלט</Name><Telephone>03-9080334</Telephone><Telephone>053-3139918</Telephone></DirectoryEntry><DirectoryEntry><Name>חיה רוזנברג</Name><Telephone>03-5704326</Telephone><Telephone>050-4189895</Telephone></DirectoryEntry><DirectoryEntry><Name>חיים רוזנברג</Name><Telephone>04-9533633</Telephone><Telephone>052-7164189</Telephone></DirectoryEntry><DirectoryEntry><Name>חיים אלעזר רוזנברג</Name><Telephone>08-8543923</Telephone></DirectoryEntry><DirectoryEntry><Name>חנוך צבי רוזנברג</Name><Telephone>08 8001213</Telephone><Telephone>08-8001213</Telephone></DirectoryEntry><DirectoryEntry><Name>חיים נתן רוזנוולד</Name><Telephone>0583-298484</Telephone></DirectoryEntry><DirectoryEntry><Name>חיים דב רוזנטל</Name><Telephone>08 8006608</Telephone></DirectoryEntry><DirectoryEntry><Name>חיים שמואל חזקיהו רוזנטל</Name><Telephone>08-8035060</Telephone><Telephone>052-7175290</Telephone></DirectoryEntry><DirectoryEntry><Name>חנה רוזנטל</Name><Telephone>02-5372567</Telephone></DirectoryEntry><DirectoryEntry><Name>חיים דב רוזנפלד</Name><Telephone>02-8000168</Telephone><Telephone>058-3204847</Telephone></DirectoryEntry><DirectoryEntry><Name>חיים דוד רוזנפלד</Name><Telephone>08-8653097</Telephone><Telephone>050-4136797</Telephone></DirectoryEntry><DirectoryEntry><Name>חיים רוזנר</Name><Telephone>02-5388696</Telephone><Telephone>050-4160242</Telephone></DirectoryEntry><DirectoryEntry><Name>חנוך העניך רוזנשטרוך</Name><Telephone>08-8647300</Telephone><Telephone>052-7637670</Telephone></DirectoryEntry><DirectoryEntry><Name>חיים רוטלוי</Name><Telephone>04-8000210</Telephone><Telephone>052-7656210</Telephone></DirectoryEntry><DirectoryEntry><Name>חיים אהרן רוטנברג</Name><Telephone>02-9999571</Telephone><Telephone>052-7679111</Telephone></DirectoryEntry><DirectoryEntry><Name>חיים דוד רוטנברג</Name><Telephone>02-5387621</Telephone></DirectoryEntry><DirectoryEntry><Name>חיים יעקב רוטנברג</Name></DirectoryEntry><DirectoryEntry><Name>חיים יצחק רוטנברג</Name><Telephone>08-8653946</Telephone></DirectoryEntry><DirectoryEntry><Name>חנוך העניך רוטנברג</Name><Telephone>08-8035054</Telephone></DirectoryEntry><DirectoryEntry><Name>חיים צבי רוטנשטיין</Name><Telephone>03-6781622</Telephone></DirectoryEntry><DirectoryEntry><Name>חזקיהו יוסף רוטשטיין</Name><Telephone>052-7190431</Telephone></DirectoryEntry><DirectoryEntry><Name>חזקיהו יוסף רוטשטיין</Name><Telephone>02-5384074</Telephone><Telephone>050-4141236</Telephone></DirectoryEntry><DirectoryEntry><Name>חזקיהו יוסף רוטשטיין</Name><Telephone>08-9956111</Telephone></DirectoryEntry><DirectoryEntry><Name>חיים רוטשטיין</Name><Telephone>050-4111663</Telephone></DirectoryEntry><DirectoryEntry><Name>חיים אברהם יצחק רוטשטיין</Name></DirectoryEntry><DirectoryEntry><Name>חיים אברהם יצחק רוטשטיין</Name></DirectoryEntry><DirectoryEntry><Name>חנוך העניך רוטשטיין</Name><Telephone>08 8025252</Telephone><Telephone>054-8559811</Telephone></DirectoryEntry><DirectoryEntry><Name>חנן ישראל רוטשילד</Name></DirectoryEntry><DirectoryEntry><Name>חיים חנוך רוסט</Name><Telephone>052-7699985</Telephone></DirectoryEntry><DirectoryEntry><Name>חנוך רוסט</Name><Telephone>052-7673255</Telephone></DirectoryEntry><DirectoryEntry><Name>חיה רושצקי</Name><Telephone>03-6190510</Telephone><Telephone>053-3134135</Telephone></DirectoryEntry><DirectoryEntry><Name>חיים אלתר רז</Name><Telephone>053 3161222</Telephone><Telephone>053-3141222</Telephone></DirectoryEntry><DirectoryEntry><Name>חנוך העניך רז</Name><Telephone>03-5796150</Telephone></DirectoryEntry><DirectoryEntry><Name>חיים רטייזר</Name><Telephone>02-9924465</Telephone></DirectoryEntry><DirectoryEntry><Name>חנוך העניך ריגל</Name><Telephone>08 8001012</Telephone><Telephone>052-7145896</Telephone></DirectoryEntry><DirectoryEntry><Name>חנוך העניך ריגל</Name><Telephone>02-5376315</Telephone><Telephone>054-8485415</Telephone></DirectoryEntry><DirectoryEntry><Name>חיים אשר רייזמן</Name></DirectoryEntry><DirectoryEntry><Name>חיים יחזקאל רייך</Name><Telephone>05041-16480</Telephone></DirectoryEntry><DirectoryEntry><Name>חיה רייכברד</Name><Telephone>03-6183975</Telephone><Telephone>054-8448820</Telephone></DirectoryEntry><DirectoryEntry><Name>חיים אליעזר רייכברד</Name><Telephone>03 8078800</Telephone><Telephone>054-8416569</Telephone></DirectoryEntry><DirectoryEntry><Name>חיים ריינר</Name></DirectoryEntry><DirectoryEntry><Name>חיים יוסף רייס</Name><Telephone>03-9161009</Telephone><Telephone>052-7656717</Telephone></DirectoryEntry><DirectoryEntry><Name>חיים יוסף רייס</Name></DirectoryEntry><DirectoryEntry><Name>חנוך העניך רייס</Name></DirectoryEntry><DirectoryEntry><Name>חיים רכניצר</Name><Telephone>03-6162163</Telephone><Telephone>052-7153600</Telephone></DirectoryEntry><DirectoryEntry><Name>חיים אלעזר רפלוביץ</Name><Telephone>08-8648628</Telephone><Telephone>054-8449937</Telephone></DirectoryEntry><DirectoryEntry><Name>חיים ברכיה רפפורט</Name></DirectoryEntry><DirectoryEntry><Name>חנוך רפפורט</Name><Telephone>03-6197789</Telephone><Telephone>050-4104104</Telephone></DirectoryEntry><DirectoryEntry><Name>חיים יקותיאל שארפהארץ</Name><Telephone>03-9093806</Telephone><Telephone>054-8448047</Telephone></DirectoryEntry><DirectoryEntry><Name>חיים דב שארר</Name><Telephone>02-5002592</Telephone></DirectoryEntry><DirectoryEntry><Name>חיים דב שארר</Name></DirectoryEntry><DirectoryEntry><Name>חיים יהושע שארר</Name><Telephone>03-5788937</Telephone></DirectoryEntry><DirectoryEntry><Name>חיים ברוך צבי שוורץ</Name><Telephone>02-6233552</Telephone><Telephone>052-7656888</Telephone></DirectoryEntry><DirectoryEntry><Name>חיים קלונימוס שוורץ</Name><Telephone>08-8553436</Telephone><Telephone>050-4133384</Telephone></DirectoryEntry><DirectoryEntry><Name>חיים אליעזר שוירץ</Name><Telephone>08-8605466</Telephone><Telephone>053-3139898</Telephone></DirectoryEntry><DirectoryEntry><Name>חיים יצחק שוירץ</Name><Telephone>058 3238181</Telephone></DirectoryEntry><DirectoryEntry><Name>חיים יצחק שוירץ</Name><Telephone>054-8540585</Telephone></DirectoryEntry><DirectoryEntry><Name>חיים יוסף שטיינברג</Name></DirectoryEntry><DirectoryEntry><Name>חיה שטייר</Name><Telephone>02-9995949</Telephone></DirectoryEntry><DirectoryEntry><Name>חיים שטייר</Name><Telephone>08-8524342</Telephone></DirectoryEntry><DirectoryEntry><Name>חיים בונם שטיצברג</Name><Telephone>050 4175110</Telephone><Telephone>053-3159766</Telephone></DirectoryEntry><DirectoryEntry><Name>חיים מנחם מנדל שטיצברג</Name></DirectoryEntry><DirectoryEntry><Name>חנוך העניך שטיצברג</Name><Telephone>03-6185924</Telephone><Telephone>052-7680279</Telephone></DirectoryEntry><DirectoryEntry><Name>חנוך דוד שטלינג</Name><Telephone>08-8033086</Telephone></DirectoryEntry><DirectoryEntry><Name>חנוך טרייטל שטרלינג</Name></DirectoryEntry><DirectoryEntry><Name>חיים שמואל שטרן</Name><Telephone>08-8654867</Telephone><Telephone>054-8492867</Telephone></DirectoryEntry><DirectoryEntry><Name>חיים שמואל אהרן שטרנשוס</Name></DirectoryEntry><DirectoryEntry><Name>חנה שטרנשוס</Name><Telephone>03-6765097</Telephone><Telephone>053-3152046</Telephone></DirectoryEntry><DirectoryEntry><Name>חיים יוסף דוד שיינגרטן</Name><Telephone>03-9089156</Telephone><Telephone>052-7616164</Telephone></DirectoryEntry><DirectoryEntry><Name>חיים שיינפלד</Name><Telephone>08 8041414</Telephone></DirectoryEntry><DirectoryEntry><Name>חיים שמואל שיינפלד</Name><Telephone>03-6162164</Telephone></DirectoryEntry><DirectoryEntry><Name>חיים שיינר</Name><Telephone>08-8543232</Telephone></DirectoryEntry><DirectoryEntry><Name>חיים נתן שיינר</Name><Telephone>08-8525470</Telephone><Telephone>052-7120074</Telephone></DirectoryEntry><DirectoryEntry><Name>חנוך העניך שיינר</Name><Telephone>052 7132340</Telephone></DirectoryEntry><DirectoryEntry><Name>חיים יצחק שינברג</Name><Telephone>03-6183370</Telephone><Telephone>052-7698314</Telephone></DirectoryEntry><DirectoryEntry><Name>חיים יצחק שיקמן</Name><Telephone>02-8077088</Telephone></DirectoryEntry><DirectoryEntry><Name>חיים שכטר</Name><Telephone>03-5793415</Telephone></DirectoryEntry><DirectoryEntry><Name>חיים שכטר</Name><Telephone>03-5741461</Telephone><Telephone>052-7158458</Telephone></DirectoryEntry><DirectoryEntry><Name>חיים צבי שכטר</Name><Telephone>08-8641932</Telephone><Telephone>054-8427267</Telephone></DirectoryEntry><DirectoryEntry><Name>חיים חנוך שלסר</Name><Telephone>058 3236000</Telephone></DirectoryEntry><DirectoryEntry><Name>חיים חנוך העניך שלסר</Name><Telephone>050 4122862</Telephone></DirectoryEntry><DirectoryEntry><Name>חיים שלמה זלמן שפיצר</Name><Telephone>050 4155658</Telephone></DirectoryEntry><DirectoryEntry><Name>חיים שפירא</Name><Telephone>03-5704977</Telephone><Telephone>052-7648881</Telephone></DirectoryEntry><DirectoryEntry><Name>חיים משה אהרן שפירא</Name><Telephone>08-8649167</Telephone><Telephone>052-7611989</Telephone></DirectoryEntry><DirectoryEntry><Name>חיים שמעון שפירא</Name><Telephone>02-5372615</Telephone><Telephone>052-7156284</Telephone></DirectoryEntry><DirectoryEntry><Name>חוה רייזל שפסל</Name><Telephone>08 8645108</Telephone><Telephone>052-7110899</Telephone></DirectoryEntry><DirectoryEntry><Name>חנוך העניך שפרן</Name><Telephone>02-5820849</Telephone><Telephone>052-7651201</Telephone></DirectoryEntry><DirectoryEntry><Name>חיים דוד שפרנוביץ</Name><Telephone>03-6477924</Telephone><Telephone>053-3165166</Telephone></DirectoryEntry><DirectoryEntry><Name>חיים בונים שץ</Name><Telephone>02-5001831</Telephone><Telephone>053-3118331</Telephone></DirectoryEntry><DirectoryEntry><Name>חיים אורי שרון</Name><Telephone>08-8000797</Telephone></DirectoryEntry><DirectoryEntry><Name>ח.י. דוד א. שרייבר</Name><Telephone>02-5323355</Telephone><Telephone>058-3225080</Telephone></DirectoryEntry><DirectoryEntry><Name>חיים אליעזר שרייבר</Name><Telephone>08-8039066</Telephone></DirectoryEntry></YealinkIPPhoneDirectory>