<?xml version='1.0' encoding='utf-8'?>
<YealinkIPPhoneDirectory><DirectoryEntry><Name>טוביה יוסף אגסי</Name><Telephone>08-8020079</Telephone><Telephone>052-7159469</Telephone></DirectoryEntry><DirectoryEntry><Name>טוביה אייזן</Name><Telephone>02-5382067</Telephone><Telephone>053-3102392</Telephone></DirectoryEntry><DirectoryEntry><Name>טובה בנדה</Name><Telephone>03-6856932</Telephone></DirectoryEntry><DirectoryEntry><Name>טוביה גרוסקופף</Name><Telephone>08-8001221</Telephone></DirectoryEntry><DirectoryEntry><Name>טובה הוכרמן</Name><Telephone>03-9218628</Telephone></DirectoryEntry><DirectoryEntry><Name>טוביה דב הלפגוט</Name><Telephone>03-6187565</Telephone></DirectoryEntry><DirectoryEntry><Name>טוביה וינגוט</Name><Telephone>077-2180446</Telephone><Telephone>054-8449589</Telephone></DirectoryEntry><DirectoryEntry><Name>טובה ויסבלום</Name><Telephone>04-8223237</Telephone><Telephone>052-2431682</Telephone></DirectoryEntry><DirectoryEntry><Name>טובה וקס</Name><Telephone>02-5639974</Telephone><Telephone>053-3186230</Telephone></DirectoryEntry><DirectoryEntry><Name>טוביה יוסף זיטלני</Name><Telephone>08-6815405</Telephone><Telephone>054-8463933</Telephone></DirectoryEntry><DirectoryEntry><Name>טוביה זיידנר</Name></DirectoryEntry><DirectoryEntry><Name>טובה זילברמן</Name><Telephone>02-5370662</Telephone></DirectoryEntry><DirectoryEntry><Name>טובה זילברשטיין</Name><Telephone>03-6742110</Telephone><Telephone>053-3171766</Telephone></DirectoryEntry><DirectoryEntry><Name>טוביה חשין</Name></DirectoryEntry><DirectoryEntry><Name>טובה פנינה יוסקוביץ</Name><Telephone>03-6493718</Telephone><Telephone>053-3194333</Telephone></DirectoryEntry><DirectoryEntry><Name>טוביה ינקלביץ</Name><Telephone>052-7178800</Telephone></DirectoryEntry><DirectoryEntry><Name>טוביה ירט</Name><Telephone>02-5385637</Telephone><Telephone>052-7615637</Telephone></DirectoryEntry><DirectoryEntry><Name>טוביה לוק</Name><Telephone>050 4167887</Telephone><Telephone>053-3141675</Telephone></DirectoryEntry><DirectoryEntry><Name>טוביה שלמה לפה</Name><Telephone>03 6181815</Telephone><Telephone>050-6711532</Telephone></DirectoryEntry><DirectoryEntry><Name>טוביה מונטג</Name><Telephone>03-6187385</Telephone><Telephone>052-7612524</Telephone></DirectoryEntry><DirectoryEntry><Name>טוביה נייהוז</Name><Telephone>02-5003286</Telephone></DirectoryEntry><DirectoryEntry><Name>טוביה פלדמן</Name><Telephone>058-3229969</Telephone></DirectoryEntry><DirectoryEntry><Name>טעמא רחל קופילוביץ</Name><Telephone>03-5795360</Telephone><Telephone>050-4101570</Telephone></DirectoryEntry><DirectoryEntry><Name>טוביה קורן</Name><Telephone>03-6196786</Telephone><Telephone>053-3199940</Telephone></DirectoryEntry><DirectoryEntry><Name>טשרנה קיין</Name><Telephone>02-6249779</Telephone></DirectoryEntry><DirectoryEntry><Name>טוביה יצחק קמינר</Name><Telephone>02-5382292</Telephone><Telephone>053-3100365</Telephone></DirectoryEntry><DirectoryEntry><Name>טוביה רובינשטיין</Name></DirectoryEntry><DirectoryEntry><Name>טוביה רובינשטיין</Name><Telephone>077-3453071</Telephone><Telephone>052-7159027</Telephone></DirectoryEntry><DirectoryEntry><Name>טוביה יצחק שטיצברג</Name><Telephone>02-5373473</Telephone><Telephone>052-7138120</Telephone></DirectoryEntry><DirectoryEntry><Name>טוביה דוד שיינר</Name><Telephone>03-6496787</Telephone><Telephone>053-3112787</Telephone></DirectoryEntry><DirectoryEntry><Name>טויבא שפורן</Name><Telephone>03-5706966</Telephone></DirectoryEntry></YealinkIPPhoneDirectory>