<?xml version='1.0' encoding='utf-8'?>
<YealinkIPPhoneDirectory><DirectoryEntry><Name>כתריאל גד בריקמן</Name><Telephone>02-9991534</Telephone><Telephone>054-8524142</Telephone></DirectoryEntry><DirectoryEntry><Name>כתריאל מונטג</Name></DirectoryEntry><DirectoryEntry><Name>כתריאל רוזן</Name><Telephone>02-6505209</Telephone></DirectoryEntry><DirectoryEntry><Name>כרמלה רוטר</Name><Telephone>04-8675521</Telephone></DirectoryEntry><DirectoryEntry><Name>כתריאל שטיין</Name><Telephone>08-8645616</Telephone><Telephone>052-7191758</Telephone></DirectoryEntry><DirectoryEntry><Name>כתריאל שיינפלד</Name><Telephone>03-6163312</Telephone><Telephone>054-8400400</Telephone></DirectoryEntry></YealinkIPPhoneDirectory>