<?xml version='1.0' encoding='utf-8'?>
<YealinkIPPhoneDirectory><DirectoryEntry><Name>לאה איידלס</Name><Telephone>03-5744489</Telephone></DirectoryEntry><DirectoryEntry><Name>ליבה שפרה אייזנטל</Name></DirectoryEntry><DirectoryEntry><Name>לוי יצחק אייזיק אלבוים</Name><Telephone>02-9916637</Telephone></DirectoryEntry><DirectoryEntry><Name>לוי יצחק דוד ארנרייך</Name><Telephone>054-8478756</Telephone></DirectoryEntry><DirectoryEntry><Name>לאה בהגן</Name><Telephone>02-5400633</Telephone></DirectoryEntry><DirectoryEntry><Name>לאה בורנשטיין</Name><Telephone>03-5443737</Telephone></DirectoryEntry><DirectoryEntry><Name>לאה בלכרוביץ</Name><Telephone>02-5382614</Telephone></DirectoryEntry><DirectoryEntry><Name>לאה בעק</Name><Telephone>04-8512076</Telephone></DirectoryEntry><DirectoryEntry><Name>לוי יצחק ברבר</Name><Telephone>052-7157385</Telephone><Telephone>052-7138091</Telephone></DirectoryEntry><DirectoryEntry><Name>לוי יצחק ברסקי</Name><Telephone>02-5385356</Telephone><Telephone>050-4141161</Telephone></DirectoryEntry><DirectoryEntry><Name>לאה גולדשטיין</Name><Telephone>03-5703365</Telephone></DirectoryEntry><DirectoryEntry><Name>לוי יצחק גורדון</Name><Telephone>08 8020180</Telephone></DirectoryEntry><DirectoryEntry><Name>לוי יצחק גלברג</Name><Telephone>02-8000239</Telephone><Telephone>052-7141510</Telephone></DirectoryEntry><DirectoryEntry><Name>לוי גלבשטיין</Name></DirectoryEntry><DirectoryEntry><Name>ליבא אהובה גלוזמן</Name><Telephone>03-6193607</Telephone></DirectoryEntry><DirectoryEntry><Name>לוי יוסף גליקסברג</Name><Telephone>08-8542267</Telephone><Telephone>053-3112267</Telephone></DirectoryEntry><DirectoryEntry><Name>לאה היידה</Name><Telephone>03-5793016</Telephone><Telephone>052-7612774</Telephone></DirectoryEntry><DirectoryEntry><Name>לאה הנדלס</Name><Telephone>03-6855515</Telephone><Telephone>052-2453451</Telephone></DirectoryEntry><DirectoryEntry><Name>לאה דינה וייץ</Name><Telephone>02-5387807</Telephone></DirectoryEntry><DirectoryEntry><Name>לוי יוסף וינברג</Name><Telephone>08-6343380</Telephone><Telephone>052-7171990</Telephone></DirectoryEntry><DirectoryEntry><Name>לוי יצחק ויסבוים</Name><Telephone>08-6715889</Telephone><Telephone>058-3292510</Telephone></DirectoryEntry><DirectoryEntry><Name>לוי ורשביאק</Name><Telephone>052-7155202</Telephone></DirectoryEntry><DirectoryEntry><Name>לאה זילברברג</Name><Telephone>03-6186185</Telephone></DirectoryEntry><DirectoryEntry><Name>לוי יצחק זילברברג</Name><Telephone>03-5292790</Telephone><Telephone>052-7134391</Telephone></DirectoryEntry><DirectoryEntry><Name>לאה זריל</Name><Telephone>02-5370012</Telephone></DirectoryEntry><DirectoryEntry><Name>לאה ידוואב</Name><Telephone>08-8675285</Telephone><Telephone>053-3167527</Telephone></DirectoryEntry><DirectoryEntry><Name>לייבל יוסקוביץ</Name><Telephone>03-5783432</Telephone><Telephone>053-3152021</Telephone></DirectoryEntry><DirectoryEntry><Name>לוי כץ</Name><Telephone>03-5796687</Telephone><Telephone>050-4115550</Telephone></DirectoryEntry><DirectoryEntry><Name>לוי כץ</Name><Telephone>02-6221645</Telephone></DirectoryEntry><DirectoryEntry><Name>לוי יצחק כץ</Name></DirectoryEntry><DirectoryEntry><Name>לאה לב</Name><Telephone>02-5382208</Telephone></DirectoryEntry><DirectoryEntry><Name>לאה לייטר</Name></DirectoryEntry><DirectoryEntry><Name>לוי ליפשיץ</Name><Telephone>02-9923005</Telephone><Telephone>052-7176246</Telephone></DirectoryEntry><DirectoryEntry><Name>לאה מארק</Name><Telephone>08 8629822</Telephone><Telephone>053-3133873</Telephone></DirectoryEntry><DirectoryEntry><Name>לאה מלמן</Name><Telephone>08-8665493</Telephone><Telephone>054-3970715</Telephone></DirectoryEntry><DirectoryEntry><Name>לייב פינקוסביץ</Name><Telephone>04-6860136</Telephone><Telephone>054-8498315</Telephone></DirectoryEntry><DirectoryEntry><Name>לאה דוושא פינקלשטיין</Name><Telephone>02-6286804</Telephone></DirectoryEntry><DirectoryEntry><Name>לאה קוזלובסקי</Name><Telephone>02-5868671</Telephone><Telephone>052-7166787</Telephone></DirectoryEntry><DirectoryEntry><Name>לוי יצחק קונופניצקי</Name><Telephone>058-3283183</Telephone></DirectoryEntry><DirectoryEntry><Name>לאה קופמן</Name><Telephone>02-5383476</Telephone></DirectoryEntry><DirectoryEntry><Name>לאה קורלנסקי</Name><Telephone>04-6935511</Telephone><Telephone>052-7623311</Telephone></DirectoryEntry><DirectoryEntry><Name>לוי יצחק קירשטיין</Name><Telephone>03-8064017</Telephone><Telephone>050-4141475</Telephone></DirectoryEntry><DirectoryEntry><Name>לוי יוסף קליינהנדלר</Name><Telephone>08-8001920</Telephone></DirectoryEntry><DirectoryEntry><Name>לאה רובינשטיין</Name><Telephone>04-8640561</Telephone><Telephone>053-3147070</Telephone></DirectoryEntry><DirectoryEntry><Name>לוי יצחק שטיפנהולץ</Name><Telephone>02-5323912</Telephone><Telephone>053-3180123</Telephone></DirectoryEntry><DirectoryEntry><Name>לוי יצחק שטרנברג</Name><Telephone>03-6760981</Telephone><Telephone>05276-71903</Telephone></DirectoryEntry><DirectoryEntry><Name>לוי יצחק שטרקמן</Name><Telephone>055 6705282</Telephone></DirectoryEntry><DirectoryEntry><Name>לוי יוסף חיים שיף</Name><Telephone>02-6505665</Telephone><Telephone>054-8482887</Telephone></DirectoryEntry><DirectoryEntry><Name>לוי יצחק שכטר</Name><Telephone>03-6738540</Telephone></DirectoryEntry><DirectoryEntry><Name>לאה טובה שנור</Name><Telephone>03-6772167</Telephone></DirectoryEntry></YealinkIPPhoneDirectory>