<?xml version='1.0' encoding='utf-8'?>
<YealinkIPPhoneDirectory><DirectoryEntry><Name>נחמיה אבוביץ</Name><Telephone>08-8604987</Telephone><Telephone>053-4288351</Telephone></DirectoryEntry><DirectoryEntry><Name>נתן צדוק אבוביץ</Name><Telephone>055 6797260</Telephone></DirectoryEntry><DirectoryEntry><Name>ניסן חנוך אברמוביץ</Name><Telephone>03-6191971</Telephone></DirectoryEntry><DirectoryEntry><Name>נח אברמצ'יק</Name></DirectoryEntry><DirectoryEntry><Name>נח נתן אברמצ'יק</Name><Telephone>02-5372633</Telephone><Telephone>053-3153726</Telephone></DirectoryEntry><DirectoryEntry><Name>נחמיה אדלר</Name><Telephone>08-8020081</Telephone></DirectoryEntry><DirectoryEntry><Name>נתן אדלר</Name><Telephone>02-5004954</Telephone><Telephone>052-7132020</Telephone></DirectoryEntry><DirectoryEntry><Name>נתן דוד אדלר</Name><Telephone>02-9990244</Telephone><Telephone>053-3109902</Telephone></DirectoryEntry><DirectoryEntry><Name>נחמן דוד אולבסקי</Name><Telephone>08-8668101</Telephone><Telephone>052-7627476</Telephone></DirectoryEntry><DirectoryEntry><Name>נח אופנהיים</Name><Telephone>08-8650568</Telephone><Telephone>050-4111411</Telephone></DirectoryEntry><DirectoryEntry><Name>נחום יוסף אורנבך</Name><Telephone>077-7197719</Telephone><Telephone>053-3177197</Telephone></DirectoryEntry><DirectoryEntry><Name>נתן אורנבך</Name><Telephone>08-8003005</Telephone></DirectoryEntry><DirectoryEntry><Name>נחמיה איזבי</Name><Telephone>08-6815486</Telephone><Telephone>052-7685649</Telephone></DirectoryEntry><DirectoryEntry><Name>נחמיה צבי איזבי</Name><Telephone>058 3240879</Telephone></DirectoryEntry><DirectoryEntry><Name>נחמיה אייכנטל</Name><Telephone>054 8548928</Telephone></DirectoryEntry><DirectoryEntry><Name>נתן דוד אירנשטיין</Name><Telephone>08-8000122</Telephone></DirectoryEntry><DirectoryEntry><Name>נחום אלבוים</Name><Telephone>02-5381045</Telephone></DirectoryEntry><DirectoryEntry><Name>נחמיה אלבוים</Name><Telephone>08-8543758</Telephone><Telephone>053-3123040</Telephone></DirectoryEntry><DirectoryEntry><Name>נפתלי אלבוים</Name><Telephone>08-6883365</Telephone><Telephone>054-8426836</Telephone></DirectoryEntry><DirectoryEntry><Name>נתנאל אלברשטיין</Name><Telephone>02-9924497</Telephone><Telephone>050-4198990</Telephone></DirectoryEntry><DirectoryEntry><Name>נתן אלטמן</Name><Telephone>03-6442805</Telephone><Telephone>054-8482191</Telephone></DirectoryEntry><DirectoryEntry><Name>נח דוד אלתר</Name><Telephone>02-9996871</Telephone><Telephone>050-4116123</Telephone></DirectoryEntry><DirectoryEntry><Name>נחמיה אלתר</Name><Telephone>052 7626588</Telephone></DirectoryEntry><DirectoryEntry><Name>נחמיה אלתר</Name><Telephone>08-8563914</Telephone></DirectoryEntry><DirectoryEntry><Name>נתן אלתר</Name><Telephone>02-5381005</Telephone><Telephone>052-7133504</Telephone></DirectoryEntry><DirectoryEntry><Name>נתן ירחמיאל אספיס</Name><Telephone>08-8033038</Telephone></DirectoryEntry><DirectoryEntry><Name>נחמן אקרמן</Name></DirectoryEntry><DirectoryEntry><Name>נעמי אקרמן</Name></DirectoryEntry><DirectoryEntry><Name>נתן אקרמן</Name></DirectoryEntry><DirectoryEntry><Name>נתן נטע אשרי</Name><Telephone>02-9995317</Telephone></DirectoryEntry><DirectoryEntry><Name>נתן נטע בוים</Name><Telephone>052-7125027</Telephone></DirectoryEntry><DirectoryEntry><Name>נחמן בורנשטיין</Name><Telephone>08-8670241</Telephone></DirectoryEntry><DirectoryEntry><Name>נפתלי בורנשטיין</Name><Telephone>052 7176567</Telephone></DirectoryEntry><DirectoryEntry><Name>נחום זליג בלוטניק</Name><Telephone>050 4114647</Telephone></DirectoryEntry><DirectoryEntry><Name>נחום זעליג בלוטניק</Name><Telephone>02-8000257</Telephone><Telephone>054-8529676</Telephone></DirectoryEntry><DirectoryEntry><Name>נחמיה בלושטיין</Name><Telephone>03-5798274</Telephone><Telephone>054-8448244</Telephone></DirectoryEntry><DirectoryEntry><Name>נחמיה חיים בלושטיין</Name><Telephone>08-8645946</Telephone><Telephone>054-8437564</Telephone></DirectoryEntry><DirectoryEntry><Name>נחמיה מנדל בלושטיין</Name><Telephone>053 4177144</Telephone></DirectoryEntry><DirectoryEntry><Name>נחמיה צבי בלושטיין</Name><Telephone>053 3183405</Telephone></DirectoryEntry><DirectoryEntry><Name>נח נפתלי בן שם</Name><Telephone>02-6564386</Telephone></DirectoryEntry><DirectoryEntry><Name>נחמן אליעזר ברגשטיין</Name><Telephone>03-5708605</Telephone></DirectoryEntry><DirectoryEntry><Name>נחמיה ברוינר</Name></DirectoryEntry><DirectoryEntry><Name>נחמיה אילן ברוינר</Name><Telephone>03-5521091</Telephone></DirectoryEntry><DirectoryEntry><Name>נתן ברוינר</Name></DirectoryEntry><DirectoryEntry><Name>נחום ברונר</Name><Telephone>08-9412946</Telephone></DirectoryEntry><DirectoryEntry><Name>נפתלי יוסף ברייטשטיין</Name><Telephone>055 6721453</Telephone></DirectoryEntry><DirectoryEntry><Name>נתן ברלינסקי</Name><Telephone>08-8000029</Telephone><Telephone>052-7604733</Telephone></DirectoryEntry><DirectoryEntry><Name>נתן ברלינר</Name><Telephone>077-9306044</Telephone><Telephone>053-3133802</Telephone></DirectoryEntry><DirectoryEntry><Name>נתן נטע ברנדס</Name><Telephone>03-5708964</Telephone><Telephone>05276-03100</Telephone></DirectoryEntry><DirectoryEntry><Name>נחום בנימין ברנט</Name><Telephone>09-8346925</Telephone><Telephone>054-8451925</Telephone></DirectoryEntry><DirectoryEntry><Name>נחמן ברסקי</Name><Telephone>08-8524291</Telephone><Telephone>053-3114601</Telephone></DirectoryEntry><DirectoryEntry><Name>נחמן ברסקי</Name><Telephone>08-9952054</Telephone><Telephone>052-7636847</Telephone></DirectoryEntry><DirectoryEntry><Name>נתן ברסקי</Name><Telephone>053 4199917</Telephone></DirectoryEntry><DirectoryEntry><Name>נתן ברסקי</Name><Telephone>08-8543635</Telephone><Telephone>052-7110905</Telephone></DirectoryEntry><DirectoryEntry><Name>נתן ברסקי</Name><Telephone>04-6935055</Telephone><Telephone>052-7685550</Telephone></DirectoryEntry><DirectoryEntry><Name>נתן ברסקי</Name><Telephone>02-6254044</Telephone><Telephone>050-4141164</Telephone></DirectoryEntry><DirectoryEntry><Name>נתן ברסקי</Name><Telephone>055 6774626</Telephone></DirectoryEntry><DirectoryEntry><Name>נתן ברסקי</Name><Telephone>052-7112785</Telephone></DirectoryEntry><DirectoryEntry><Name>נתן ברקוביץ</Name><Telephone>053-3199897</Telephone></DirectoryEntry><DirectoryEntry><Name>נתן ברקוביץ</Name><Telephone>03-5700427</Telephone><Telephone>053-3140500</Telephone></DirectoryEntry><DirectoryEntry><Name>נפתלי אליהו גביוף</Name><Telephone>03-5798459</Telephone></DirectoryEntry><DirectoryEntry><Name>נפתלי יצחק גבריאלוב</Name><Telephone>053 3132218</Telephone></DirectoryEntry><DirectoryEntry><Name>נתן נטע גבריאלוב</Name><Telephone>02-8012345</Telephone><Telephone>050-4123454</Telephone></DirectoryEntry><DirectoryEntry><Name>נחמיה דוד גוטליב</Name><Telephone>052 7102698</Telephone></DirectoryEntry><DirectoryEntry><Name>נתן מרדכי גוטמן</Name><Telephone>055 6730328</Telephone></DirectoryEntry><DirectoryEntry><Name>נפתלי גוטסמן</Name><Telephone>02-5004539</Telephone><Telephone>053-3107529</Telephone></DirectoryEntry><DirectoryEntry><Name>נפתלי גוטסמן</Name><Telephone>08-8020013</Telephone></DirectoryEntry><DirectoryEntry><Name>נתן גוטרמן</Name><Telephone>08-8000036</Telephone><Telephone>054-8495517</Telephone></DirectoryEntry><DirectoryEntry><Name>נתן מרדכי גולד</Name></DirectoryEntry><DirectoryEntry><Name>נפתלי מנחם גולדברג</Name></DirectoryEntry><DirectoryEntry><Name>נתן מרדכי גולדברג</Name><Telephone>02-5818272</Telephone></DirectoryEntry><DirectoryEntry><Name>נח גד גולדרינג</Name><Telephone>03-6780476</Telephone></DirectoryEntry><DirectoryEntry><Name>נחום גולדשטיין</Name><Telephone>077-4366010</Telephone><Telephone>053-3143666</Telephone></DirectoryEntry><DirectoryEntry><Name>נתן גינזבורג</Name><Telephone>03-5708616</Telephone></DirectoryEntry><DirectoryEntry><Name>נתן גינזבורג</Name><Telephone>08-8020016</Telephone></DirectoryEntry><DirectoryEntry><Name>נתן דוד גלברט</Name><Telephone>03-6191160</Telephone><Telephone>054-8449525</Telephone></DirectoryEntry><DirectoryEntry><Name>נחמן גלבשטיין</Name></DirectoryEntry><DirectoryEntry><Name>נתן גלובינסקי</Name><Telephone>03-5704340</Telephone><Telephone>053-3185407</Telephone></DirectoryEntry><DirectoryEntry><Name>נחמיה זלמן גלייברסון</Name></DirectoryEntry><DirectoryEntry><Name>נתן בנימין גליק</Name><Telephone>08-8665561</Telephone><Telephone>052-7695561</Telephone></DirectoryEntry><DirectoryEntry><Name>נחמיה גליקסון</Name><Telephone>08-8552809</Telephone><Telephone>050-4103706</Telephone></DirectoryEntry><DirectoryEntry><Name>נתן דוד גפן</Name><Telephone>03-6493959</Telephone><Telephone>054-8455811</Telephone></DirectoryEntry><DirectoryEntry><Name>נפתלי גרוס</Name><Telephone>08-8043131</Telephone><Telephone>050-4116909</Telephone></DirectoryEntry><DirectoryEntry><Name>נתנאל גרוס</Name><Telephone>04-6936145</Telephone><Telephone>054-8407998</Telephone></DirectoryEntry><DirectoryEntry><Name>נחמן גרוסמן</Name><Telephone>052-7164926</Telephone><Telephone>052-7164927</Telephone></DirectoryEntry><DirectoryEntry><Name>נתן יונה גרוסמן</Name><Telephone>08-8641721</Telephone><Telephone>050-4177006</Telephone></DirectoryEntry><DirectoryEntry><Name>נחום בצלאל גרינבוים</Name><Telephone>052 7138198</Telephone></DirectoryEntry><DirectoryEntry><Name>נחמיה גרינבוים</Name></DirectoryEntry><DirectoryEntry><Name>נחום גרינבלט</Name><Telephone>03-5745347</Telephone><Telephone>053-3110686</Telephone></DirectoryEntry><DirectoryEntry><Name>נח גרינברג</Name></DirectoryEntry><DirectoryEntry><Name>נעמי גרינהויז</Name><Telephone>02 9999486</Telephone></DirectoryEntry><DirectoryEntry><Name>נח גרינפלד</Name><Telephone>08-8005858</Telephone></DirectoryEntry><DirectoryEntry><Name>נח גרנביץ</Name><Telephone>04-6930873</Telephone><Telephone>052-7602613</Telephone></DirectoryEntry><DirectoryEntry><Name>נתן גרף</Name></DirectoryEntry><DirectoryEntry><Name>נחמן גשייד</Name><Telephone>08-8020094</Telephone></DirectoryEntry><DirectoryEntry><Name>נחמן גשייד</Name><Telephone>02-8020049</Telephone><Telephone>054-8427214</Telephone></DirectoryEntry><DirectoryEntry><Name>נחמן גשייד</Name><Telephone>02 6503172</Telephone><Telephone>052-7174572</Telephone></DirectoryEntry><DirectoryEntry><Name>נחמיה דנדרוביץ</Name><Telephone>02-5703407</Telephone><Telephone>052-7680122</Telephone></DirectoryEntry><DirectoryEntry><Name>נח יצחק דנציגר</Name><Telephone>04-8643096</Telephone><Telephone>053-3143096</Telephone></DirectoryEntry><DirectoryEntry><Name>נפתלי גרשון דרוק</Name><Telephone>08-8039020</Telephone></DirectoryEntry><DirectoryEntry><Name>נפתלי אליעזר דריימן</Name><Telephone>055 6732115</Telephone></DirectoryEntry><DirectoryEntry><Name>נתן דריימן</Name><Telephone>02-9990287</Telephone><Telephone>050-4182010</Telephone></DirectoryEntry><DirectoryEntry><Name>נתן דריימן</Name><Telephone>03-6160484</Telephone><Telephone>053-3110892</Telephone></DirectoryEntry><DirectoryEntry><Name>נתן ירחמיאל דריימן</Name><Telephone>02-5632331</Telephone></DirectoryEntry><DirectoryEntry><Name>נתן דרנגר</Name><Telephone>02-9913654</Telephone><Telephone>054-8449010</Telephone></DirectoryEntry><DirectoryEntry><Name>נחום דרסלר</Name><Telephone>08-9953462</Telephone><Telephone>052-7118138</Telephone></DirectoryEntry><DirectoryEntry><Name>נפתלי צבי הויזמן</Name><Telephone>058 3268227</Telephone></DirectoryEntry><DirectoryEntry><Name>נחמיה הוכברגר</Name><Telephone>03-6199428</Telephone><Telephone>053-3190700</Telephone></DirectoryEntry><DirectoryEntry><Name>נפתלי הוכרמן</Name><Telephone>03-9218628</Telephone></DirectoryEntry><DirectoryEntry><Name>נתן נטע יצחק הופשטטר</Name></DirectoryEntry><DirectoryEntry><Name>נדיה הורוביץ</Name><Telephone>03-6197789</Telephone></DirectoryEntry><DirectoryEntry><Name>נחמיה הורוביץ</Name><Telephone>08-8659316</Telephone><Telephone>054-8433311</Telephone></DirectoryEntry><DirectoryEntry><Name>נעכא הורוביץ</Name><Telephone>03-6192550</Telephone></DirectoryEntry><DirectoryEntry><Name>נפתלי הורוביץ</Name><Telephone>055-6759458</Telephone></DirectoryEntry><DirectoryEntry><Name>נפתלי מאיר הורוביץ</Name></DirectoryEntry><DirectoryEntry><Name>נתן הייקינד</Name><Telephone>04-8731019</Telephone></DirectoryEntry><DirectoryEntry><Name>נחום יואל הלפרין</Name><Telephone>052 7107015</Telephone></DirectoryEntry><DirectoryEntry><Name>נח הנדלס</Name></DirectoryEntry><DirectoryEntry><Name>נפתלי צבי הנדלס</Name><Telephone>08-8675302</Telephone><Telephone>053-3160120</Telephone></DirectoryEntry><DirectoryEntry><Name>נפתלי יוסף הפטקה</Name><Telephone>02-9921240</Telephone><Telephone>054-8449192</Telephone></DirectoryEntry><DirectoryEntry><Name>נחמיה הרשברג</Name><Telephone>02-5388956</Telephone></DirectoryEntry><DirectoryEntry><Name>נפתלי הרשנבוים</Name><Telephone>02-5867122</Telephone><Telephone>052-7622020</Telephone></DirectoryEntry><DirectoryEntry><Name>נתן הרשנבוים</Name><Telephone>03-5701283</Telephone><Telephone>052-7153505</Telephone></DirectoryEntry><DirectoryEntry><Name>נפתלי צבי הרשקוביץ</Name><Telephone>03-6191655</Telephone><Telephone>05484-49243</Telephone></DirectoryEntry><DirectoryEntry><Name>נחמן יוסף וידיסלבסקי</Name><Telephone>02-5387464</Telephone><Telephone>052-7622060</Telephone></DirectoryEntry><DirectoryEntry><Name>נתנאל וייל</Name><Telephone>08-6601183</Telephone><Telephone>052-7627145</Telephone></DirectoryEntry><DirectoryEntry><Name>נפתלי וייס</Name><Telephone>058-3225587</Telephone></DirectoryEntry><DirectoryEntry><Name>נפתלי צבי וייס</Name><Telephone>02-6514180</Telephone></DirectoryEntry><DirectoryEntry><Name>נתנאל וייס</Name><Telephone>04-6934505</Telephone><Telephone>052-7649505</Telephone></DirectoryEntry><DirectoryEntry><Name>נתן וינברגר</Name><Telephone>08-8666851</Telephone><Telephone>052-7603868</Telephone></DirectoryEntry><DirectoryEntry><Name>נפתלי צבי וינגוט</Name><Telephone>077-5161281</Telephone><Telephone>053-3140554</Telephone></DirectoryEntry><DirectoryEntry><Name>נתן וינגוט</Name><Telephone>08-8573094</Telephone></DirectoryEntry><DirectoryEntry><Name>נפתלי וינגרטן</Name></DirectoryEntry><DirectoryEntry><Name>נפתלי וינד</Name><Telephone>02-5328201</Telephone><Telephone>052-7612820</Telephone></DirectoryEntry><DirectoryEntry><Name>נתן מאיר ויסבוים</Name><Telephone>08-8659620</Telephone><Telephone>054-8448872</Telephone></DirectoryEntry><DirectoryEntry><Name>נפתלי ויסנשטרן</Name><Telephone>058 3250413</Telephone></DirectoryEntry><DirectoryEntry><Name>נתן ויצמן</Name><Telephone>04-8339876</Telephone></DirectoryEntry><DirectoryEntry><Name>נפתלי יוסף וירניק</Name><Telephone>08-8531505</Telephone><Telephone>053-3100550</Telephone></DirectoryEntry><DirectoryEntry><Name>נחמן וסרמן</Name><Telephone>03-5707626</Telephone><Telephone>053-3157022</Telephone></DirectoryEntry><DirectoryEntry><Name>נתן דוד וסרמן</Name><Telephone>08-8660914</Telephone><Telephone>050-4120773</Telephone></DirectoryEntry><DirectoryEntry><Name>נתן וקס</Name><Telephone>08-8664933</Telephone></DirectoryEntry><DirectoryEntry><Name>נתן וקס</Name><Telephone>02-9952659</Telephone><Telephone>053-3101985</Telephone></DirectoryEntry><DirectoryEntry><Name>נחה וקסלר</Name><Telephone>03-6195819</Telephone><Telephone>050-4120122</Telephone></DirectoryEntry><DirectoryEntry><Name>נפתלי נחמן וקסלר</Name><Telephone>08-8582880</Telephone></DirectoryEntry><DirectoryEntry><Name>נתן נטע וקסשטוק</Name><Telephone>08-8001286</Telephone></DirectoryEntry><DirectoryEntry><Name>נפתלי אהרן וקשטיין</Name><Telephone>08-8679877</Telephone><Telephone>054-8525682</Telephone></DirectoryEntry><DirectoryEntry><Name>נתן יחזקאל ורדיגר</Name><Telephone>03-6188340</Telephone></DirectoryEntry><DirectoryEntry><Name>נחום ישראל ורשביאק</Name><Telephone>02-5382685</Telephone><Telephone>054-8453826</Telephone></DirectoryEntry><DirectoryEntry><Name>נפתלי זיגלבוים</Name><Telephone>054 8560320</Telephone></DirectoryEntry><DirectoryEntry><Name>נתן יהודה זייברט</Name><Telephone>02-8000127</Telephone></DirectoryEntry><DirectoryEntry><Name>נתן יהודה אריה זייברט</Name><Telephone>08-8642097</Telephone><Telephone>052-7687334</Telephone></DirectoryEntry><DirectoryEntry><Name>נתן יהודה אריה זייברט</Name><Telephone>08-8640782</Telephone><Telephone>052-7671533</Telephone></DirectoryEntry><DirectoryEntry><Name>נתן יהודה אריה זייברט</Name><Telephone>08-8020029</Telephone></DirectoryEntry><DirectoryEntry><Name>נתן נחמיה זיידמן</Name><Telephone>08-6523003</Telephone><Telephone>054-8400655</Telephone></DirectoryEntry><DirectoryEntry><Name>נתן נחמיה זיידמן</Name><Telephone>08-8677279</Telephone><Telephone>050-4129129</Telephone></DirectoryEntry><DirectoryEntry><Name>נתן נחמיה זיידמן</Name><Telephone>077 4405110</Telephone><Telephone>052-7137221</Telephone></DirectoryEntry><DirectoryEntry><Name>נחמן זילברברג</Name><Telephone>08-8668475</Telephone><Telephone>052-7180464</Telephone></DirectoryEntry><DirectoryEntry><Name>נפתלי זילברברג</Name><Telephone>02-9919982</Telephone><Telephone>052-7125380</Telephone></DirectoryEntry><DirectoryEntry><Name>נפתלי צבי מאיר זילברברג</Name></DirectoryEntry><DirectoryEntry><Name>נתן זילברברג</Name><Telephone>050 4145154</Telephone></DirectoryEntry><DirectoryEntry><Name>נתן זילברברג</Name><Telephone>03 7780222</Telephone><Telephone>055-6728903</Telephone></DirectoryEntry><DirectoryEntry><Name>נתן זילברברג</Name></DirectoryEntry><DirectoryEntry><Name>נתן זילברברג</Name></DirectoryEntry><DirectoryEntry><Name>נחמה זילברמן</Name><Telephone>072-2123355</Telephone><Telephone>052-7608896</Telephone></DirectoryEntry><DirectoryEntry><Name>נתן יונה זילברמן</Name><Telephone>04-8620502</Telephone></DirectoryEntry><DirectoryEntry><Name>נחמה זילברשטיין</Name><Telephone>08-8671852</Telephone><Telephone>053-3126500</Telephone></DirectoryEntry><DirectoryEntry><Name>נחמן דוד זילברשטיין</Name><Telephone>03-8078777</Telephone></DirectoryEntry><DirectoryEntry><Name>נתן נטע זילברשטיין</Name><Telephone>02-5001527</Telephone><Telephone>053-3131527</Telephone></DirectoryEntry><DirectoryEntry><Name>נעמי זינגר</Name><Telephone>02-5400110</Telephone></DirectoryEntry><DirectoryEntry><Name>נחמיה זלביץ</Name><Telephone>09-8618532</Telephone></DirectoryEntry><DirectoryEntry><Name>נחום חסיד</Name><Telephone>03-6191488</Telephone><Telephone>050-4162497</Telephone></DirectoryEntry><DirectoryEntry><Name>נתן חסיד</Name><Telephone>03-5788559</Telephone></DirectoryEntry><DirectoryEntry><Name>נעמה חרש</Name><Telephone>03-8050030</Telephone></DirectoryEntry><DirectoryEntry><Name>נתן טאוב</Name><Telephone>08-8664955</Telephone><Telephone>053-3161455</Telephone></DirectoryEntry><DirectoryEntry><Name>נתנאל טויסיג</Name><Telephone>08-9956072</Telephone><Telephone>053-3171819</Telephone></DirectoryEntry><DirectoryEntry><Name>נתן נטע טייטלבוים</Name><Telephone>02-9991369</Telephone><Telephone>053-3191369</Telephone></DirectoryEntry><DirectoryEntry><Name>נתן דוד טננבוים</Name><Telephone>02-5004753</Telephone><Telephone>050-4111133</Telephone></DirectoryEntry><DirectoryEntry><Name>נפתלי הרץ טפלר</Name><Telephone>03-5701028</Telephone></DirectoryEntry><DirectoryEntry><Name>נטע יודקביץ</Name><Telephone>02-9990277</Telephone><Telephone>053-3199902</Telephone></DirectoryEntry><DirectoryEntry><Name>נתן אליעזר יוסטמן</Name><Telephone>03-5792188</Telephone></DirectoryEntry><DirectoryEntry><Name>נחום בצלאל ישראלוביץ</Name></DirectoryEntry><DirectoryEntry><Name>נפתלי הרץ כץ</Name><Telephone>08-8663456</Telephone><Telephone>052-7120008</Telephone></DirectoryEntry><DirectoryEntry><Name>נפתלי יוסף כץ</Name><Telephone>08-8648615</Telephone><Telephone>050-4114584</Telephone></DirectoryEntry><DirectoryEntry><Name>נחמיה לב</Name><Telephone>02-9915876</Telephone></DirectoryEntry><DirectoryEntry><Name>נפתלי לב</Name><Telephone>054 8550435</Telephone></DirectoryEntry><DirectoryEntry><Name>נתן אליעזר לב</Name><Telephone>03-8050123</Telephone></DirectoryEntry><DirectoryEntry><Name>נתן לבקוביץ</Name><Telephone>053 3125029</Telephone></DirectoryEntry><DirectoryEntry><Name>נתן יהושע לבקוביץ</Name><Telephone>08-8664261</Telephone><Telephone>052-7642258</Telephone></DirectoryEntry><DirectoryEntry><Name>נפתלי לובלינג</Name></DirectoryEntry><DirectoryEntry><Name>נפתלי יצחק לוברט</Name><Telephone>03-6499353</Telephone><Telephone>050-4160690</Telephone></DirectoryEntry><DirectoryEntry><Name>נפתלי אלימלך לודמיר</Name><Telephone>02-8075006</Telephone><Telephone>050-4191232</Telephone></DirectoryEntry><DirectoryEntry><Name>נתן דב לוי</Name><Telephone>08-8641754</Telephone><Telephone>054-8417546</Telephone></DirectoryEntry><DirectoryEntry><Name>נתן לייב לוי</Name><Telephone>02-5384875</Telephone><Telephone>052-7627017</Telephone></DirectoryEntry><DirectoryEntry><Name>נתנאל לוינקוף</Name><Telephone>03-6197663</Telephone></DirectoryEntry><DirectoryEntry><Name>נעמי לוסטיג</Name><Telephone>03-5708379</Telephone></DirectoryEntry><DirectoryEntry><Name>נתן מאיר לוסטיג</Name></DirectoryEntry><DirectoryEntry><Name>נפתלי לוק</Name><Telephone>02-9922608</Telephone><Telephone>052-7160111</Telephone></DirectoryEntry><DirectoryEntry><Name>נתן אליעזר לוק</Name><Telephone>055 6772747</Telephone></DirectoryEntry><DirectoryEntry><Name>נחמה לוריא</Name></DirectoryEntry><DirectoryEntry><Name>נתן ליברמן</Name><Telephone>055 6744746</Telephone><Telephone>053-4102032</Telephone></DirectoryEntry><DirectoryEntry><Name>נחמן דוד ליכטשיין</Name><Telephone>053-3192020</Telephone></DirectoryEntry><DirectoryEntry><Name>נחמה ליפשיץ</Name><Telephone>03-5704865</Telephone><Telephone>050-4132816</Telephone></DirectoryEntry><DirectoryEntry><Name>נתן שמעון ליפשיץ</Name><Telephone>03-6498104</Telephone><Telephone>054-8448898</Telephone></DirectoryEntry><DirectoryEntry><Name>נתן נטע לנדמן</Name><Telephone>03-5057326</Telephone><Telephone>05331-31789</Telephone></DirectoryEntry><DirectoryEntry><Name>נפתלי מנחם לנצ'בסקי</Name><Telephone>08-8678144</Telephone><Telephone>054-8458727</Telephone></DirectoryEntry><DirectoryEntry><Name>נחמן לרנר</Name><Telephone>03-6779699</Telephone></DirectoryEntry><DirectoryEntry><Name>נתן מרדכי לרר</Name><Telephone>058-3200564</Telephone></DirectoryEntry><DirectoryEntry><Name>נפתלי מוזסון</Name><Telephone>02-9997068</Telephone><Telephone>053-3197068</Telephone></DirectoryEntry><DirectoryEntry><Name>נח מונדרי</Name><Telephone>053 3112380</Telephone></DirectoryEntry><DirectoryEntry><Name>נחום פנחס מונדרי</Name><Telephone>08-8653667</Telephone><Telephone>050-4132541</Telephone></DirectoryEntry><DirectoryEntry><Name>נפתלי צבי מונדרי</Name><Telephone>02-5860538</Telephone><Telephone>052-7649680</Telephone></DirectoryEntry><DirectoryEntry><Name>נפתלי שמואל מונדרי</Name><Telephone>04-8671079</Telephone></DirectoryEntry><DirectoryEntry><Name>נתן מאיר מונטג</Name><Telephone>077-5051425</Telephone></DirectoryEntry><DirectoryEntry><Name>נפתלי מרדכי מורגנשטרן</Name><Telephone>02-5387024</Telephone></DirectoryEntry><DirectoryEntry><Name>נתן צבי מורגנשטרן</Name><Telephone>03-5785538</Telephone></DirectoryEntry><DirectoryEntry><Name>נפתלי הרץ מילר</Name><Telephone>08-8641160</Telephone><Telephone>050-4165314</Telephone></DirectoryEntry><DirectoryEntry><Name>נחום ישראל מינקה</Name><Telephone>02-5371110</Telephone><Telephone>050-4155533</Telephone></DirectoryEntry><DirectoryEntry><Name>נחמן דוד מלבסקי</Name><Telephone>08-8641848</Telephone><Telephone>053-3141848</Telephone></DirectoryEntry><DirectoryEntry><Name>נחמן דוד מלבסקי</Name><Telephone>053 3181033</Telephone></DirectoryEntry><DirectoryEntry><Name>נחמיה מנדל</Name><Telephone>08-8566582</Telephone><Telephone>053-3124680</Telephone></DirectoryEntry><DirectoryEntry><Name>נחמיה מנדל</Name><Telephone>03-8000126</Telephone></DirectoryEntry><DirectoryEntry><Name>נחום שמחה בונם מנלה</Name><Telephone>02 8020047</Telephone><Telephone>053-3121747</Telephone></DirectoryEntry><DirectoryEntry><Name>נחמיה מנלה</Name><Telephone>08-8040400</Telephone><Telephone>055-6740400</Telephone></DirectoryEntry><DirectoryEntry><Name>ניסן דוד מסלו</Name><Telephone>02-9995572</Telephone><Telephone>053-3103583</Telephone></DirectoryEntry><DirectoryEntry><Name>נפתלי עזריה מסלו</Name><Telephone>03-6704769</Telephone><Telephone>052-7136640</Telephone></DirectoryEntry><DirectoryEntry><Name>נחמן יעקב מרגלית</Name><Telephone>02-6566447</Telephone><Telephone>050-4150150</Telephone></DirectoryEntry><DirectoryEntry><Name>נח נוסבוים</Name><Telephone>077-2345856</Telephone></DirectoryEntry><DirectoryEntry><Name>נח נוסבוים</Name><Telephone>077-5005004</Telephone><Telephone>050-4131990</Telephone></DirectoryEntry><DirectoryEntry><Name>נח נוסבוים</Name><Telephone>02-8020001</Telephone></DirectoryEntry><DirectoryEntry><Name>נחמיה נוסבוים</Name><Telephone>058 3248627</Telephone></DirectoryEntry><DirectoryEntry><Name>נפתלי נוסבוים</Name><Telephone>02-5820758</Telephone></DirectoryEntry><DirectoryEntry><Name>נתן אהרן נוסבוים</Name><Telephone>02-5023662</Telephone><Telephone>054-8449580</Telephone></DirectoryEntry><DirectoryEntry><Name>נתן נייהוז</Name><Telephone>08-8020064</Telephone></DirectoryEntry><DirectoryEntry><Name>ניסן נתן</Name><Telephone>02-6414281</Telephone></DirectoryEntry><DirectoryEntry><Name>נתן נתנזון</Name><Telephone>03-5708587</Telephone><Telephone>054-8465362</Telephone></DirectoryEntry><DirectoryEntry><Name>נח סדובסקי</Name><Telephone>02-5000231</Telephone><Telephone>052-7685062</Telephone></DirectoryEntry><DirectoryEntry><Name>נחמן סטל</Name></DirectoryEntry><DirectoryEntry><Name>נחמה אסתר סלוד</Name><Telephone>08-8650777</Telephone><Telephone>050-4155560</Telephone></DirectoryEntry><DirectoryEntry><Name>נתן נטע סלר</Name></DirectoryEntry><DirectoryEntry><Name>נפתלי אפרים עציוני</Name><Telephone>02-5378739</Telephone><Telephone>050-4128006</Telephone></DirectoryEntry><DirectoryEntry><Name>נתן יהודה פדר</Name><Telephone>03-6196293</Telephone><Telephone>050-6341604</Telephone></DirectoryEntry><DirectoryEntry><Name>נחום צבי פומרנץ</Name><Telephone>02-5375191</Telephone><Telephone>053-3153751</Telephone></DirectoryEntry><DirectoryEntry><Name>נפתלי פייגנבוים</Name><Telephone>077-3002217</Telephone><Telephone>053-3120415</Telephone></DirectoryEntry><DirectoryEntry><Name>נתן פילר</Name><Telephone>02-5022298</Telephone><Telephone>052-7111921</Telephone></DirectoryEntry><DirectoryEntry><Name>נחמיה פינקוסביץ</Name><Telephone>03-6183050</Telephone></DirectoryEntry><DirectoryEntry><Name>נח צבי פלדמן</Name><Telephone>02-5328208</Telephone><Telephone>054-8430919</Telephone></DirectoryEntry><DirectoryEntry><Name>נחמה בלומה פלדמן</Name><Telephone>02-5875992</Telephone></DirectoryEntry><DirectoryEntry><Name>נפתלי צבי פלדמן</Name><Telephone>02-5382789</Telephone></DirectoryEntry><DirectoryEntry><Name>נתן פלדמן</Name><Telephone>02-5389362</Telephone></DirectoryEntry><DirectoryEntry><Name>נחום פלקסר</Name><Telephone>03 8000143</Telephone><Telephone>052-7133440</Telephone></DirectoryEntry><DirectoryEntry><Name>נחום פלקסר</Name><Telephone>02-5383040</Telephone><Telephone>052-7663160</Telephone></DirectoryEntry><DirectoryEntry><Name>נפתלי פפר</Name><Telephone>053 3183529</Telephone></DirectoryEntry><DirectoryEntry><Name>נח פרום</Name><Telephone>08-8604417</Telephone></DirectoryEntry><DirectoryEntry><Name>נח פרום</Name><Telephone>03-5702941</Telephone></DirectoryEntry><DirectoryEntry><Name>נח פרום</Name><Telephone>054-8478310</Telephone></DirectoryEntry><DirectoryEntry><Name>נפתלי צבי פרוש</Name><Telephone>02-5381606</Telephone><Telephone>053-3126311</Telephone></DirectoryEntry><DirectoryEntry><Name>נפתלי מנחם פרטיג</Name><Telephone>03-5706978</Telephone><Telephone>052-7166699</Telephone></DirectoryEntry><DirectoryEntry><Name>נפתלי פרידברג</Name><Telephone>03-5788028</Telephone><Telephone>052-7604947</Telephone></DirectoryEntry><DirectoryEntry><Name>נחמן פרידמן</Name><Telephone>08-8677788</Telephone><Telephone>053-3186768</Telephone></DirectoryEntry><DirectoryEntry><Name>נתן פרידמן</Name><Telephone>03-6774147</Telephone></DirectoryEntry><DirectoryEntry><Name>נתן פרידמן</Name><Telephone>08 8000155</Telephone></DirectoryEntry><DirectoryEntry><Name>נתנאל פרידמן</Name><Telephone>08-8646703</Telephone><Telephone>052-7647450</Telephone></DirectoryEntry><DirectoryEntry><Name>נח פריזנט</Name></DirectoryEntry><DirectoryEntry><Name>נתנאל צבי פריזנט</Name></DirectoryEntry><DirectoryEntry><Name>נחמן פרייא</Name><Telephone>03-6184874</Telephone><Telephone>053-3167420</Telephone></DirectoryEntry><DirectoryEntry><Name>נתן חיים פרנקל</Name><Telephone>08-8652705</Telephone></DirectoryEntry><DirectoryEntry><Name>נחמן צבי פרסטר</Name><Telephone>08-8000019</Telephone><Telephone>052-7137000</Telephone></DirectoryEntry><DirectoryEntry><Name>נפתלי פרקל</Name><Telephone>02-5001733</Telephone><Telephone>053-3101733</Telephone></DirectoryEntry><DirectoryEntry><Name>נפתלי פרקש</Name><Telephone>02-9995882</Telephone><Telephone>054-8464565</Telephone></DirectoryEntry><DirectoryEntry><Name>נתן דוד פשדנובק</Name><Telephone>08-8641902</Telephone><Telephone>050-4101036</Telephone></DirectoryEntry><DirectoryEntry><Name>נתן דוד פשנדזה</Name><Telephone>03-5709731</Telephone></DirectoryEntry><DirectoryEntry><Name>נתן צישינסקי</Name><Telephone>03-8000042</Telephone><Telephone>053-3102444</Telephone></DirectoryEntry><DirectoryEntry><Name>נפתלי קאהן</Name><Telephone>03-5706957</Telephone><Telephone>058-3257069</Telephone></DirectoryEntry><DirectoryEntry><Name>נתן שמעון קאפ</Name><Telephone>03-6196497</Telephone></DirectoryEntry><DirectoryEntry><Name>נתן נטע קוביציק</Name><Telephone>08-8640606</Telephone><Telephone>052-7636802</Telephone></DirectoryEntry><DirectoryEntry><Name>נפתלי קוגלמן</Name></DirectoryEntry><DirectoryEntry><Name>נתן מאיר קוזלובסקי</Name><Telephone>02-6263008</Telephone><Telephone>052-7188558</Telephone></DirectoryEntry><DirectoryEntry><Name>נתנאל קוזלובסקי</Name><Telephone>08-8678385</Telephone><Telephone>053-3105885</Telephone></DirectoryEntry><DirectoryEntry><Name>נפתלי דב קוזליק</Name><Telephone>08-8641501</Telephone><Telephone>053-3186415</Telephone></DirectoryEntry><DirectoryEntry><Name>נפתלי מאיר קוזליק</Name></DirectoryEntry><DirectoryEntry><Name>נפתלי צבי קולסקי</Name><Telephone>04-6938062</Telephone><Telephone>052-7622025</Telephone></DirectoryEntry><DirectoryEntry><Name>נתן קופילוביץ</Name><Telephone>053 4103024</Telephone><Telephone>053-3183337</Telephone></DirectoryEntry><DirectoryEntry><Name>נתן קופילוביץ</Name><Telephone>058-3233517</Telephone></DirectoryEntry><DirectoryEntry><Name>נתנאל חיים קורלנסקי</Name><Telephone>053 3170722</Telephone></DirectoryEntry><DirectoryEntry><Name>ניסן יצחק קורנבליט</Name><Telephone>058 3299925</Telephone></DirectoryEntry><DirectoryEntry><Name>נחום בצלאל קורנפלד</Name><Telephone>055 6786880</Telephone></DirectoryEntry><DirectoryEntry><Name>נחום בצלאל קורנפלד</Name></DirectoryEntry><DirectoryEntry><Name>נפתלי יוסף קיהן</Name><Telephone>08-6600168</Telephone><Telephone>052-7118663</Telephone></DirectoryEntry><DirectoryEntry><Name>נחמיה שלום קירשטיין</Name><Telephone>02-5025534</Telephone><Telephone>052-7627922</Telephone></DirectoryEntry><DirectoryEntry><Name>נח נתן לייב קירשנפלד</Name></DirectoryEntry><DirectoryEntry><Name>נתן מרדכי קלוגמן</Name><Telephone>08-8046064</Telephone><Telephone>052-7156156</Telephone></DirectoryEntry><DirectoryEntry><Name>נחום קליין</Name><Telephone>073 7250032</Telephone><Telephone>052-7172277</Telephone></DirectoryEntry><DirectoryEntry><Name>נחום בצלאל קליין</Name><Telephone>02 5466530</Telephone><Telephone>058-3294442</Telephone></DirectoryEntry><DirectoryEntry><Name>נחמן קליין</Name><Telephone>08-8659724</Telephone><Telephone>052-7613155</Telephone></DirectoryEntry><DirectoryEntry><Name>נפתלי יוסף קמינר</Name><Telephone>02-9996029</Telephone><Telephone>053-3196029</Telephone></DirectoryEntry><DirectoryEntry><Name>נח גד קמפינסקי</Name><Telephone>03-6160653</Telephone></DirectoryEntry><DirectoryEntry><Name>נתן קנופף</Name><Telephone>077-5370998</Telephone></DirectoryEntry><DirectoryEntry><Name>נתן קנופף</Name><Telephone>08-8648768</Telephone></DirectoryEntry><DirectoryEntry><Name>נתן קנופף</Name><Telephone>02-9910256</Telephone><Telephone>053-3199418</Telephone></DirectoryEntry><DirectoryEntry><Name>נתן אפרים קניג</Name></DirectoryEntry><DirectoryEntry><Name>נפתלי יהודה קסירר</Name><Telephone>03-8083002</Telephone></DirectoryEntry><DirectoryEntry><Name>נחמיה קפלושניק</Name><Telephone>08-8039252</Telephone><Telephone>052-7161301</Telephone></DirectoryEntry><DirectoryEntry><Name>נחמן קפלר</Name><Telephone>03-5794264</Telephone><Telephone>053-3170270</Telephone></DirectoryEntry><DirectoryEntry><Name>נחמיה קרול</Name><Telephone>08-8024414</Telephone></DirectoryEntry><DirectoryEntry><Name>נחמן יוסף קרול</Name><Telephone>052-7622411</Telephone></DirectoryEntry><DirectoryEntry><Name>נפתלי צבי קרקואר</Name><Telephone>03-6189885</Telephone></DirectoryEntry><DirectoryEntry><Name>נחמיה ראנד</Name></DirectoryEntry><DirectoryEntry><Name>נחום זאב רובין</Name><Telephone>08-8646132</Telephone></DirectoryEntry><DirectoryEntry><Name>נתן אריה זעליג רוגוזינסקי</Name><Telephone>03-5708204</Telephone><Telephone>050-4160710</Telephone></DirectoryEntry><DirectoryEntry><Name>נחמיה רוזמרין</Name><Telephone>02 8013322</Telephone><Telephone>054-8520617</Telephone></DirectoryEntry><DirectoryEntry><Name>נח רוזן</Name><Telephone>08-8035043</Telephone><Telephone>054-8484580</Telephone></DirectoryEntry><DirectoryEntry><Name>נח רוזנבוים</Name><Telephone>058 3240095</Telephone><Telephone>058-3249799</Telephone></DirectoryEntry><DirectoryEntry><Name>נחמיה אהרן רוזנבוים</Name><Telephone>08-8660529</Telephone><Telephone>053-3186605</Telephone></DirectoryEntry><DirectoryEntry><Name>נפתלי חיים רוזנבוים</Name><Telephone>08-8642375</Telephone><Telephone>052-7610610</Telephone></DirectoryEntry><DirectoryEntry><Name>נתן רוזנבוים</Name><Telephone>055 6771325</Telephone><Telephone>055-6771326</Telephone></DirectoryEntry><DirectoryEntry><Name>נפתלי דב רוזנברג</Name><Telephone>02-9994814</Telephone></DirectoryEntry><DirectoryEntry><Name>נפתלי מנחם רוזנווסר</Name><Telephone>03-5281782</Telephone><Telephone>053-3175508</Telephone></DirectoryEntry><DirectoryEntry><Name>נתן אריה רוזנפלד</Name><Telephone>02-5387116</Telephone><Telephone>052-7617888</Telephone></DirectoryEntry><DirectoryEntry><Name>נחום רוטנברג</Name><Telephone>02-5871855</Telephone><Telephone>053-3171855</Telephone></DirectoryEntry><DirectoryEntry><Name>נחום שלמה רוטנברג</Name><Telephone>054 8503073</Telephone><Telephone>054-8503072</Telephone></DirectoryEntry><DirectoryEntry><Name>נחמיה רוטנברג</Name><Telephone>054-8567936</Telephone></DirectoryEntry><DirectoryEntry><Name>נפתלי רוטנברג</Name><Telephone>03-5781308</Telephone></DirectoryEntry><DirectoryEntry><Name>נפתלי רוטנברג</Name><Telephone>02-5386029</Telephone><Telephone>05276-25885</Telephone></DirectoryEntry><DirectoryEntry><Name>נפתלי רוטנברג</Name></DirectoryEntry><DirectoryEntry><Name>נתן רוטנברג</Name><Telephone>050-4166668</Telephone></DirectoryEntry><DirectoryEntry><Name>נח דוד רוטנשטיין</Name><Telephone>02-5822031</Telephone><Telephone>053-3187679</Telephone></DirectoryEntry><DirectoryEntry><Name>נחום יוסף רוטנשטיין</Name><Telephone>08-8522358</Telephone></DirectoryEntry><DirectoryEntry><Name>נחום יוסף רוטנשטיין</Name><Telephone>053 4144899</Telephone><Telephone>058-3224899</Telephone></DirectoryEntry><DirectoryEntry><Name>נחום יוסף רוטנשטיין</Name></DirectoryEntry><DirectoryEntry><Name>נחום רוטשטיין</Name><Telephone>02-5374632</Telephone></DirectoryEntry><DirectoryEntry><Name>נתן ריגל</Name><Telephone>052 7146686</Telephone></DirectoryEntry><DirectoryEntry><Name>נחום זעליג רייפין</Name><Telephone>052-7615168</Telephone></DirectoryEntry><DirectoryEntry><Name>נחמיה שארר</Name></DirectoryEntry><DirectoryEntry><Name>נחמיה שוורץ</Name></DirectoryEntry><DirectoryEntry><Name>ניסן שוורץ</Name><Telephone>03-6773161</Telephone></DirectoryEntry><DirectoryEntry><Name>נתן שוורץ</Name><Telephone>054 8472900</Telephone></DirectoryEntry><DirectoryEntry><Name>נעמי שוירץ</Name></DirectoryEntry><DirectoryEntry><Name>נפתלי שולדינר</Name><Telephone>02-5321793</Telephone><Telephone>052-7698843</Telephone></DirectoryEntry><DirectoryEntry><Name>נתן שטול</Name><Telephone>03-6777634</Telephone><Telephone>050-4168155</Telephone></DirectoryEntry><DirectoryEntry><Name>נחום דוד שטורך</Name><Telephone>02-5389416</Telephone></DirectoryEntry><DirectoryEntry><Name>נחמן שטיינברג</Name><Telephone>053 3123520</Telephone><Telephone>055-6780525</Telephone></DirectoryEntry><DirectoryEntry><Name>נפתלי מאיר שטלינג</Name><Telephone>055 6765526</Telephone></DirectoryEntry><DirectoryEntry><Name>נחמה שטנצל</Name><Telephone>03-6764925</Telephone></DirectoryEntry><DirectoryEntry><Name>נחום דוד שטרן</Name><Telephone>02-9999163</Telephone></DirectoryEntry><DirectoryEntry><Name>נחמן שמעון שטרנגר</Name><Telephone>02-5400146</Telephone></DirectoryEntry><DirectoryEntry><Name>נפתלי מנחם שטרנפלד</Name><Telephone>052-7173442</Telephone></DirectoryEntry><DirectoryEntry><Name>נחמה שיינין</Name><Telephone>03-5794058</Telephone></DirectoryEntry><DirectoryEntry><Name>נפתלי שיינמן</Name><Telephone>052 7643822</Telephone></DirectoryEntry><DirectoryEntry><Name>נחום בצלאל חיים שיינפלד</Name><Telephone>053 4111405</Telephone><Telephone>052-7690580</Telephone></DirectoryEntry><DirectoryEntry><Name>נח ראובן שיינר</Name><Telephone>08-8001208</Telephone></DirectoryEntry><DirectoryEntry><Name>נחום זעליג שיליץ</Name><Telephone>052-7661135</Telephone><Telephone>053-3103200</Telephone></DirectoryEntry><DirectoryEntry><Name>נפתלי צבי שיף</Name></DirectoryEntry><DirectoryEntry><Name>נחמן שיקמן</Name><Telephone>08-8000109</Telephone></DirectoryEntry><DirectoryEntry><Name>נפתלי שכטר</Name><Telephone>03-6188905</Telephone><Telephone>054-8448150</Telephone></DirectoryEntry><DirectoryEntry><Name>נפתלי שכטר</Name><Telephone>02-5023782</Telephone><Telephone>052-7601261</Telephone></DirectoryEntry><DirectoryEntry><Name>נפתלי יוסף שמחה</Name></DirectoryEntry><DirectoryEntry><Name>נתן אליעזר שניידר</Name><Telephone>08-6900177</Telephone></DirectoryEntry><DirectoryEntry><Name>נפתלי שפורן</Name></DirectoryEntry><DirectoryEntry><Name>נחמיה חיים שפירא</Name><Telephone>04-6930722</Telephone><Telephone>052-7180456</Telephone></DirectoryEntry><DirectoryEntry><Name>נפתלי שפירא</Name></DirectoryEntry><DirectoryEntry><Name>נפתלי שפרן</Name><Telephone>02-5713072</Telephone></DirectoryEntry><DirectoryEntry><Name>נח שפרנוביץ</Name><Telephone>02-5821131</Telephone><Telephone>052-7642517</Telephone></DirectoryEntry><DirectoryEntry><Name>נפתלי שצדרוביצקי</Name></DirectoryEntry><DirectoryEntry><Name>נפתלי חיים שרייבר</Name><Telephone>02-8060007</Telephone><Telephone>053-3176867</Telephone></DirectoryEntry><DirectoryEntry><Name>נחמן תפילינסקי</Name><Telephone>02-5806165</Telephone></DirectoryEntry></YealinkIPPhoneDirectory>