<?xml version='1.0' encoding='utf-8'?>
<YealinkIPPhoneDirectory><DirectoryEntry><Name>סמדר דוולר</Name></DirectoryEntry><DirectoryEntry><Name>סיני שלמה יאמניק</Name><Telephone>055 6731978</Telephone><Telephone>055-6729940</Telephone></DirectoryEntry><DirectoryEntry><Name>סימה פריינד</Name><Telephone>03-6190586</Telephone></DirectoryEntry><DirectoryEntry><Name>סופיה קליין</Name><Telephone>03-6196391</Telephone></DirectoryEntry><DirectoryEntry><Name>סימה רחל ראנד</Name><Telephone>03-5709712</Telephone></DirectoryEntry><DirectoryEntry><Name>סימה רוזנטל</Name><Telephone>03-6187501</Telephone></DirectoryEntry><DirectoryEntry><Name>סיגל שטול</Name><Telephone>03-6746174</Telephone><Telephone>052-3129989</Telephone></DirectoryEntry><DirectoryEntry><Name>סרנה שכטר</Name><Telephone>03-5742740</Telephone></DirectoryEntry></YealinkIPPhoneDirectory>