<?xml version='1.0' encoding='utf-8'?>
<YealinkIPPhoneDirectory><DirectoryEntry><Name>עקיבא אורזל</Name><Telephone>02-9952528</Telephone><Telephone>054-8449492</Telephone></DirectoryEntry><DirectoryEntry><Name>עזריאל מאיר אייגר</Name><Telephone>02-9993051</Telephone></DirectoryEntry><DirectoryEntry><Name>עזריאל מאיר אייגר</Name><Telephone>03-5780572</Telephone></DirectoryEntry><DirectoryEntry><Name>עזריאל מאיר יעקב אייגר</Name><Telephone>03-5783292</Telephone></DirectoryEntry><DirectoryEntry><Name>עקיבא אייגר</Name><Telephone>052 7655684</Telephone></DirectoryEntry><DirectoryEntry><Name>עקיבא אייגר</Name><Telephone>02-5023830</Telephone></DirectoryEntry><DirectoryEntry><Name>עקיבא יצחק אייגר</Name><Telephone>02-6518740</Telephone><Telephone>053-3133800</Telephone></DirectoryEntry><DirectoryEntry><Name>עקיבא מנחם אייגר</Name></DirectoryEntry><DirectoryEntry><Name>עזריאל זאב איינפלד</Name><Telephone>02-5328499</Telephone><Telephone>052-7620420</Telephone></DirectoryEntry><DirectoryEntry><Name>עקיבא אירנשטיין</Name><Telephone>08-8544734</Telephone><Telephone>050-4103087</Telephone></DirectoryEntry><DirectoryEntry><Name>עקיבא אלקיכן</Name><Telephone>08-8001919</Telephone><Telephone>052-7161516</Telephone></DirectoryEntry><DirectoryEntry><Name>עקיבא יוסף ארליך</Name><Telephone>02-5386631</Telephone></DirectoryEntry><DirectoryEntry><Name>עזריאל יוסף בורז'יקובסקי</Name><Telephone>08-8649728</Telephone><Telephone>053-3186497</Telephone></DirectoryEntry><DirectoryEntry><Name>עזריאל בריסטובסקי</Name><Telephone>08-8555688</Telephone><Telephone>053-3155688</Telephone></DirectoryEntry><DirectoryEntry><Name>עוזיאל משה ברוך ברקוביץ</Name><Telephone>08-9560544</Telephone></DirectoryEntry><DirectoryEntry><Name>עקיבא גוטליב</Name><Telephone>03-6182790</Telephone><Telephone>054-8413770</Telephone></DirectoryEntry><DirectoryEntry><Name>עזרא גולד</Name><Telephone>03-6184371</Telephone></DirectoryEntry><DirectoryEntry><Name>עקיבא אריה גולדווסר</Name><Telephone>08-8660499</Telephone></DirectoryEntry><DirectoryEntry><Name>עקיבא לייב גולדווסר</Name></DirectoryEntry><DirectoryEntry><Name>עקיבא גולדמן</Name><Telephone>02-5328910</Telephone><Telephone>053-3179441</Telephone></DirectoryEntry><DirectoryEntry><Name>עזריאל גולדקנופף</Name><Telephone>058-3225025</Telephone><Telephone>058-3225024</Telephone></DirectoryEntry><DirectoryEntry><Name>עקיבא גירש</Name><Telephone>02-5004285</Telephone><Telephone>050-4156466</Telephone></DirectoryEntry><DirectoryEntry><Name>עזריאל יוסף גרוסמן</Name><Telephone>052-7694894</Telephone></DirectoryEntry><DirectoryEntry><Name>עליזה פראדל גרשטנקורן</Name><Telephone>08-8555391</Telephone><Telephone>052-7138138</Telephone></DirectoryEntry><DirectoryEntry><Name>עזרא דואק</Name><Telephone>08-8043034</Telephone></DirectoryEntry><DirectoryEntry><Name>עקיבא דוידוביץ</Name><Telephone>02-8067056</Telephone><Telephone>054-8405577</Telephone></DirectoryEntry><DirectoryEntry><Name>עמנואל הופמן</Name><Telephone>03-6188553</Telephone></DirectoryEntry><DirectoryEntry><Name>עקיבא הס</Name><Telephone>03-6167452</Telephone><Telephone>054-8448161</Telephone></DirectoryEntry><DirectoryEntry><Name>עליזה הרצברג</Name><Telephone>02-6520776</Telephone></DirectoryEntry><DirectoryEntry><Name>עלי וינברג</Name><Telephone>03-5704472</Telephone><Telephone>052-7157158</Telephone></DirectoryEntry><DirectoryEntry><Name>עזריאל יעקב צבי וינברגר</Name><Telephone>03-6190593</Telephone><Telephone>053-3190160</Telephone></DirectoryEntry><DirectoryEntry><Name>עקיבא אלימלך וינגוט</Name><Telephone>08-8000830</Telephone></DirectoryEntry><DirectoryEntry><Name>עזריאל וינשטוק</Name><Telephone>04-6800016</Telephone><Telephone>052-7112958</Telephone></DirectoryEntry><DirectoryEntry><Name>עקיבא וינשטיין</Name><Telephone>08-8664191</Telephone><Telephone>052-7643200</Telephone></DirectoryEntry><DirectoryEntry><Name>עזריאל זילברברג</Name><Telephone>03-6496090</Telephone></DirectoryEntry><DirectoryEntry><Name>עזריאל שמעון זיסברג</Name></DirectoryEntry><DirectoryEntry><Name>עודד זנד</Name><Telephone>08-6600997</Telephone><Telephone>052-7614633</Telephone></DirectoryEntry><DirectoryEntry><Name>עזר חזן</Name></DirectoryEntry><DirectoryEntry><Name>עזריאל טאובר</Name><Telephone>03-9097608</Telephone></DirectoryEntry><DirectoryEntry><Name>עוזר חיים טהלר</Name></DirectoryEntry><DirectoryEntry><Name>עקיבא טורובר</Name><Telephone>03-6196217</Telephone><Telephone>053-3155565</Telephone></DirectoryEntry><DirectoryEntry><Name>עזרא אשר טורש</Name><Telephone>02-9992231</Telephone><Telephone>054-8599231</Telephone></DirectoryEntry><DirectoryEntry><Name>עקיבא טייטל</Name><Telephone>08-8046161</Telephone><Telephone>052-7177838</Telephone></DirectoryEntry><DirectoryEntry><Name>עקיבא יוסקוביץ</Name><Telephone>03-6165717</Telephone><Telephone>054-8486467</Telephone></DirectoryEntry><DirectoryEntry><Name>עוזר דוד ינקלביץ</Name></DirectoryEntry><DirectoryEntry><Name>עוזר דוד ינקלביץ</Name><Telephone>02-9999451</Telephone><Telephone>052-7667285</Telephone></DirectoryEntry><DirectoryEntry><Name>עוזיאל כהן</Name><Telephone>02-5371967</Telephone></DirectoryEntry><DirectoryEntry><Name>עזרא כהן</Name><Telephone>03-5703323</Telephone></DirectoryEntry><DirectoryEntry><Name>עקיבא יוסף לב</Name><Telephone>08-8039045</Telephone></DirectoryEntry><DirectoryEntry><Name>עטרה לבקוביץ</Name><Telephone>03-6187441</Telephone><Telephone>050-4113020</Telephone></DirectoryEntry><DirectoryEntry><Name>עקיבא יוסף לוינזון</Name><Telephone>02-5370815</Telephone></DirectoryEntry><DirectoryEntry><Name>עקיבא אשר לוק</Name><Telephone>04-6860183</Telephone><Telephone>052-7618805</Telephone></DirectoryEntry><DirectoryEntry><Name>עקיבא ליברמן</Name><Telephone>03-8058016</Telephone></DirectoryEntry><DirectoryEntry><Name>עקיבא ליברמן</Name><Telephone>08-9204320</Telephone><Telephone>050-4114017</Telephone></DirectoryEntry><DirectoryEntry><Name>עקיבא משה אהרן ליברמן</Name><Telephone>08-8642411</Telephone><Telephone>054-8438642</Telephone></DirectoryEntry><DirectoryEntry><Name>עקיבא ליכטשיין</Name><Telephone>054-8430920</Telephone><Telephone>052-7161660</Telephone></DirectoryEntry><DirectoryEntry><Name>עוזר דוד לסקי</Name></DirectoryEntry><DirectoryEntry><Name>עקיבא מאיר</Name><Telephone>03-6198788</Telephone><Telephone>052-7650745</Telephone></DirectoryEntry><DirectoryEntry><Name>עקיבא יואל מאלר</Name></DirectoryEntry><DirectoryEntry><Name>עזרא עמנואל מייערס</Name><Telephone>02-5001682</Telephone></DirectoryEntry><DirectoryEntry><Name>עקיבא מאיר מרגלית</Name><Telephone>02-9924019</Telephone><Telephone>053-3131397</Telephone></DirectoryEntry><DirectoryEntry><Name>עמנואל דוד ניומן</Name></DirectoryEntry><DirectoryEntry><Name>עקיבא ניימן</Name><Telephone>02-6223689</Telephone><Telephone>052-7661992</Telephone></DirectoryEntry><DirectoryEntry><Name>עזריאל פזנצבסקי</Name><Telephone>058-3219733</Telephone></DirectoryEntry><DirectoryEntry><Name>עזריאל פזנצבסקי</Name><Telephone>053-3150709</Telephone></DirectoryEntry><DirectoryEntry><Name>עזריאל מאיר פזנצבסקי</Name><Telephone>055 6783231</Telephone><Telephone>053-4111671</Telephone></DirectoryEntry><DirectoryEntry><Name>עזרא יעקב פיינגולד</Name></DirectoryEntry><DirectoryEntry><Name>עזרא יעקב פינגולד</Name><Telephone>08-8671985</Telephone></DirectoryEntry><DirectoryEntry><Name>עמנואל פריינד</Name><Telephone>03-6192381</Telephone><Telephone>050-4160506</Telephone></DirectoryEntry><DirectoryEntry><Name>עמנואל פריינד</Name><Telephone>03-6198961</Telephone></DirectoryEntry><DirectoryEntry><Name>עקיבא פרנקל</Name><Telephone>08-8677283</Telephone><Telephone>050-4177283</Telephone></DirectoryEntry><DirectoryEntry><Name>עקיבא שמחה בונם פרנקל</Name><Telephone>058-3294373</Telephone></DirectoryEntry><DirectoryEntry><Name>עקיבא פשדנובק</Name><Telephone>03-5795502</Telephone><Telephone>050-4130119</Telephone></DirectoryEntry><DirectoryEntry><Name>עדינה צלניקר</Name><Telephone>03-5702949</Telephone></DirectoryEntry><DirectoryEntry><Name>עמיהוד צלניקר</Name><Telephone>08-8544275</Telephone><Telephone>0583-291747</Telephone></DirectoryEntry><DirectoryEntry><Name>עוזיאל שמואל דוד קונופניצקי</Name><Telephone>08 8020055</Telephone></DirectoryEntry><DirectoryEntry><Name>עקיבא קורנגוט</Name><Telephone>08-8030700</Telephone></DirectoryEntry><DirectoryEntry><Name>עליזה קרול</Name><Telephone>02-6245816</Telephone><Telephone>052-7618194</Telephone></DirectoryEntry><DirectoryEntry><Name>עלי פישל קריגר</Name></DirectoryEntry><DirectoryEntry><Name>עזרא יעקב ראנד</Name><Telephone>053 4151828</Telephone></DirectoryEntry><DirectoryEntry><Name>עזריאל מאיר רוזן</Name><Telephone>03-6187668</Telephone><Telephone>054-8477676</Telephone></DirectoryEntry><DirectoryEntry><Name>עקיבא רוזנבוים</Name><Telephone>03-6169829</Telephone><Telephone>052-7609754</Telephone></DirectoryEntry><DirectoryEntry><Name>עטיל רוזנוולד</Name><Telephone>03-5796406</Telephone></DirectoryEntry><DirectoryEntry><Name>עקיבא רוזנווסר</Name><Telephone>02-5385027</Telephone><Telephone>052-7628588</Telephone></DirectoryEntry><DirectoryEntry><Name>עקיבא רוזנווסר</Name><Telephone>08-8013030</Telephone><Telephone>053-3113030</Telephone></DirectoryEntry><DirectoryEntry><Name>עזריאל אליהו רוזנטל</Name><Telephone>04-8627043</Telephone><Telephone>052-7697128</Telephone></DirectoryEntry><DirectoryEntry><Name>עזרא יעקב רוזנפלד</Name><Telephone>03-6770198</Telephone></DirectoryEntry><DirectoryEntry><Name>עוזיאל משה רוטשטיין</Name><Telephone>058 3288325</Telephone></DirectoryEntry><DirectoryEntry><Name>עוזיאל משה יוסף רוטשטיין</Name><Telephone>02-9921968</Telephone></DirectoryEntry><DirectoryEntry><Name>עוזיאל משה יחיאל רוטשטיין</Name><Telephone>08-8661043</Telephone><Telephone>053-3161043</Telephone></DirectoryEntry><DirectoryEntry><Name>עוזיאל משה יחיאל רוטשטיין</Name><Telephone>050-4111429</Telephone><Telephone>050-4111428</Telephone></DirectoryEntry><DirectoryEntry><Name>עזריאל זליג רז</Name></DirectoryEntry><DirectoryEntry><Name>עליזה רייז</Name><Telephone>03-6193420</Telephone></DirectoryEntry><DirectoryEntry><Name>עקיבא יוסף רייכברד</Name><Telephone>055 6729758</Telephone></DirectoryEntry><DirectoryEntry><Name>עקיבא רכניצר</Name></DirectoryEntry><DirectoryEntry><Name>עדינה איידל שיף</Name><Telephone>08-6881848</Telephone><Telephone>050-4110376</Telephone></DirectoryEntry><DirectoryEntry><Name>עקיבא יוסף שלזינגר</Name><Telephone>052-7101208</Telephone></DirectoryEntry><DirectoryEntry><Name>עמרם שפירא</Name><Telephone>053 3188816</Telephone></DirectoryEntry><DirectoryEntry><Name>עקיבא שפירא</Name><Telephone>02-5701669</Telephone></DirectoryEntry><DirectoryEntry><Name>עזריאל שפר</Name><Telephone>052-2620038</Telephone></DirectoryEntry><DirectoryEntry><Name>עקיבא משה שצ'רנסקי</Name><Telephone>04-6802254</Telephone><Telephone>052-7685600</Telephone></DirectoryEntry><DirectoryEntry><Name>עקיבא שרייבר</Name><Telephone>08-8536689</Telephone></DirectoryEntry><DirectoryEntry><Name>עקיבא שרייבר</Name><Telephone>053-3116316</Telephone></DirectoryEntry></YealinkIPPhoneDirectory>