<?xml version='1.0' encoding='utf-8'?>
<YealinkIPPhoneDirectory><DirectoryEntry><Name>פנחס מנחם מנדל אבוביץ</Name><Telephone>04-8645494</Telephone><Telephone>050-4128655</Telephone></DirectoryEntry><DirectoryEntry><Name>פינחס אברמוביץ</Name><Telephone>055 6781271</Telephone></DirectoryEntry><DirectoryEntry><Name>פינחס אברמוביץ</Name><Telephone>055 6774349</Telephone><Telephone>055-6766867</Telephone></DirectoryEntry><DirectoryEntry><Name>פנחס מנחם אברמוביץ</Name><Telephone>02 8012277</Telephone><Telephone>053-4101011</Telephone></DirectoryEntry><DirectoryEntry><Name>פנחס מנחם אברמוביץ</Name><Telephone>053 4110552</Telephone><Telephone>053-4133261</Telephone></DirectoryEntry><DirectoryEntry><Name>פנחס מנחם אברמוביץ</Name></DirectoryEntry><DirectoryEntry><Name>פנחס מנחם אברמוביץ</Name><Telephone>053 3193780</Telephone><Telephone>055-6720693</Telephone></DirectoryEntry><DirectoryEntry><Name>פנחס מנחם אברמוביץ</Name><Telephone>08 8006666</Telephone></DirectoryEntry><DirectoryEntry><Name>פנחס מנחם אברמוביץ</Name></DirectoryEntry><DirectoryEntry><Name>פינחס אברמצ'יק</Name><Telephone>053-4186737</Telephone></DirectoryEntry><DirectoryEntry><Name>פינחס יוסף אדלר</Name><Telephone>054 8507840</Telephone></DirectoryEntry><DirectoryEntry><Name>פינחס מנחם אדלר</Name></DirectoryEntry><DirectoryEntry><Name>פנחס אדלר</Name><Telephone>08 6582873</Telephone><Telephone>053-3100513</Telephone></DirectoryEntry><DirectoryEntry><Name>פנחס מנחם אדלר</Name><Telephone>053 4142694</Telephone></DirectoryEntry><DirectoryEntry><Name>פנחס מנחם אדלר</Name></DirectoryEntry><DirectoryEntry><Name>פינחס מנחם אולבסקי</Name><Telephone>058 3299517</Telephone></DirectoryEntry><DirectoryEntry><Name>פישל מאיר אופנהיים</Name><Telephone>08-8659525</Telephone></DirectoryEntry><DirectoryEntry><Name>פנחס מנחם אורבך</Name><Telephone>054 8422998</Telephone></DirectoryEntry><DirectoryEntry><Name>פנחס מנחם אורבך</Name><Telephone>054 8529934</Telephone></DirectoryEntry><DirectoryEntry><Name>פנחס מנחם אורבך</Name></DirectoryEntry><DirectoryEntry><Name>פנחס מנחם אורזל</Name></DirectoryEntry><DirectoryEntry><Name>פנחס מנחם שמעון אטלס</Name><Telephone>050 4138572</Telephone></DirectoryEntry><DirectoryEntry><Name>פנחס מנחם איזבי</Name><Telephone>04 6066985</Telephone></DirectoryEntry><DirectoryEntry><Name>פנחס איזנברג</Name><Telephone>02-9990288</Telephone><Telephone>05331-90288</Telephone></DirectoryEntry><DirectoryEntry><Name>פינחס מנחם איזראעל</Name><Telephone>055 6720513</Telephone></DirectoryEntry><DirectoryEntry><Name>פנחס מנחם איידלמן</Name><Telephone>055 6733499</Telephone></DirectoryEntry><DirectoryEntry><Name>פינחס אייכנטל</Name><Telephone>054 8493656</Telephone><Telephone>055-6720596</Telephone></DirectoryEntry><DirectoryEntry><Name>פינחס מנחם אייכנטל</Name></DirectoryEntry><DirectoryEntry><Name>פנחס מנחם אייכנטל</Name><Telephone>055 6720775</Telephone></DirectoryEntry><DirectoryEntry><Name>פנחס מנחם איילנברג</Name><Telephone>058-3221919</Telephone></DirectoryEntry><DirectoryEntry><Name>פנחס מנחם איילנברג</Name><Telephone>053 3115200</Telephone></DirectoryEntry><DirectoryEntry><Name>פרומט טאלצא איילנברג</Name><Telephone>02-5375270</Telephone><Telephone>050-4101954</Telephone></DirectoryEntry><DirectoryEntry><Name>פרידה איילנברג</Name><Telephone>02-5376635</Telephone><Telephone>052-7639922</Telephone></DirectoryEntry><DirectoryEntry><Name>פערל פנינה איינפלד</Name><Telephone>02-5387004</Telephone></DirectoryEntry><DirectoryEntry><Name>פינחס מנחם אינדיג</Name></DirectoryEntry><DirectoryEntry><Name>פנחס מנחם אירנשטיין</Name><Telephone>053 4102012</Telephone></DirectoryEntry><DirectoryEntry><Name>פנחס מנחם אירנשטיין</Name><Telephone>053 3128083</Telephone></DirectoryEntry><DirectoryEntry><Name>פנחס מנחם אירנשטיין</Name><Telephone>053 3184501</Telephone></DirectoryEntry><DirectoryEntry><Name>פנחס מנחם אירנשטיין</Name></DirectoryEntry><DirectoryEntry><Name>פנחס מנחם אירנשטין</Name><Telephone>053 3107354</Telephone></DirectoryEntry><DirectoryEntry><Name>פינחס מנחם אלבוים</Name><Telephone>055 6728813</Telephone></DirectoryEntry><DirectoryEntry><Name>פנחס מנחם אלבוים</Name><Telephone>054 8439339</Telephone></DirectoryEntry><DirectoryEntry><Name>פנחס מנחם אלבוים</Name><Telephone>08 6239477</Telephone></DirectoryEntry><DirectoryEntry><Name>פנחס אלברט</Name></DirectoryEntry><DirectoryEntry><Name>פנחס מנחם אלברט</Name><Telephone>055-6724503</Telephone></DirectoryEntry><DirectoryEntry><Name>פנחס מנחם אלברט</Name><Telephone>058 3248220</Telephone></DirectoryEntry><DirectoryEntry><Name>פנחס מנחם אלברט</Name><Telephone>055 6703449</Telephone></DirectoryEntry><DirectoryEntry><Name>פרל אלטשולר</Name><Telephone>02-5389578</Telephone><Telephone>050-4195780</Telephone></DirectoryEntry><DirectoryEntry><Name>פנחס מנחם אלנברג</Name><Telephone>054 8537183</Telephone></DirectoryEntry><DirectoryEntry><Name>פנחס אלקיכן</Name><Telephone>02-5865750</Telephone></DirectoryEntry><DirectoryEntry><Name>פנחס מנחם אלקיכן</Name><Telephone>055 6738099</Telephone></DirectoryEntry><DirectoryEntry><Name>פינחס אלתר</Name><Telephone>055 6785740</Telephone><Telephone>053-3140747</Telephone></DirectoryEntry><DirectoryEntry><Name>פינחס אלתר</Name><Telephone>054 8572504</Telephone></DirectoryEntry><DirectoryEntry><Name>פינחס מנחם אלתר</Name><Telephone>058-3246312</Telephone></DirectoryEntry><DirectoryEntry><Name>פנחס אלתר</Name><Telephone>02-9922073</Telephone><Telephone>052-7124073</Telephone></DirectoryEntry><DirectoryEntry><Name>פנחס אלתר</Name></DirectoryEntry><DirectoryEntry><Name>פנחס אלתר</Name><Telephone>052 7111373</Telephone></DirectoryEntry><DirectoryEntry><Name>פנחס מנחם אלתר</Name><Telephone>058 3227659</Telephone></DirectoryEntry><DirectoryEntry><Name>פנחס מנחם אלתר</Name><Telephone>055-6723093</Telephone></DirectoryEntry><DirectoryEntry><Name>פנחס מנחם אלתר</Name></DirectoryEntry><DirectoryEntry><Name>פנחס מנחם אלתר</Name></DirectoryEntry><DirectoryEntry><Name>פנחס מנחם אלתר</Name></DirectoryEntry><DirectoryEntry><Name>פנחס מנחם מנדל אלתר</Name></DirectoryEntry><DirectoryEntry><Name>פנחס מנחם מנדל אלתר</Name><Telephone>055 6772382</Telephone></DirectoryEntry><DirectoryEntry><Name>פנחס מנחם אנגל</Name><Telephone>08 8027743</Telephone><Telephone>055-6727743</Telephone></DirectoryEntry><DirectoryEntry><Name>פסח יעקב אנגל</Name></DirectoryEntry><DirectoryEntry><Name>פינחס מנחם אספיס</Name><Telephone>053-3183518</Telephone></DirectoryEntry><DirectoryEntry><Name>פנחס מנחם אספיס</Name></DirectoryEntry><DirectoryEntry><Name>פנחס אברהם שמעון ארזון</Name><Telephone>08-8655039</Telephone><Telephone>050-4193303</Telephone></DirectoryEntry><DirectoryEntry><Name>פנחס לייב ארליך</Name><Telephone>02-9916782</Telephone><Telephone>052-7696963</Telephone></DirectoryEntry><DirectoryEntry><Name>פנחס ארנסטר</Name><Telephone>02-5004148</Telephone><Telephone>05276-84669</Telephone></DirectoryEntry><DirectoryEntry><Name>פנחס אליהו ארנרייך</Name><Telephone>02-5717128</Telephone><Telephone>052-7634626</Telephone></DirectoryEntry><DirectoryEntry><Name>פנחס מנחם ארשטיין</Name><Telephone>055 6784235</Telephone></DirectoryEntry><DirectoryEntry><Name>פינחס מנחם ארשטר</Name></DirectoryEntry><DirectoryEntry><Name>פנחס מנחם אשכנזי</Name></DirectoryEntry><DirectoryEntry><Name>פנחס נפתלי אשלג</Name></DirectoryEntry><DirectoryEntry><Name>פנחס מנחם בוים</Name></DirectoryEntry><DirectoryEntry><Name>פריקה בוים</Name><Telephone>03-5709527</Telephone></DirectoryEntry><DirectoryEntry><Name>פנחס מנחם בוך</Name><Telephone>050 4108833</Telephone><Telephone>050-4108844</Telephone></DirectoryEntry><DirectoryEntry><Name>פנחס מנחם בוך</Name><Telephone>058 3205547</Telephone><Telephone>058-3205548</Telephone></DirectoryEntry><DirectoryEntry><Name>פינחס בורנשטיין</Name><Telephone>055-6761141</Telephone></DirectoryEntry><DirectoryEntry><Name>פנחס אליעזר בורנשטיין</Name><Telephone>055 6750757</Telephone></DirectoryEntry><DirectoryEntry><Name>פנחס מנחם בורנשטיין</Name><Telephone>055 6745673</Telephone></DirectoryEntry><DirectoryEntry><Name>פנחס מנחם בורנשטיין</Name><Telephone>08-8022040</Telephone></DirectoryEntry><DirectoryEntry><Name>פנחס מנחם ביבלה</Name><Telephone>055 6780717</Telephone><Telephone>050-4173328</Telephone></DirectoryEntry><DirectoryEntry><Name>פנחס מנחם ביין</Name><Telephone>08 6788985</Telephone></DirectoryEntry><DirectoryEntry><Name>פינחס אליהו ביינברכר</Name><Telephone>054 8552997</Telephone></DirectoryEntry><DirectoryEntry><Name>פנחס נתן ביינברכר</Name><Telephone>053 4111901</Telephone></DirectoryEntry><DirectoryEntry><Name>פנחס מנחם בינדר</Name><Telephone>050 4150526</Telephone></DirectoryEntry><DirectoryEntry><Name>פינחס בינקה</Name><Telephone>058 3238600</Telephone></DirectoryEntry><DirectoryEntry><Name>פינחס מנחם בירנבוים</Name></DirectoryEntry><DirectoryEntry><Name>פינחס מנחם בלושטיין</Name><Telephone>052-7662565</Telephone></DirectoryEntry><DirectoryEntry><Name>פנחס מנחם בלושטיין</Name></DirectoryEntry><DirectoryEntry><Name>פנחס מנחם בלזם</Name></DirectoryEntry><DirectoryEntry><Name>פינחס מנחם בליז'ינסקי</Name><Telephone>053 4111230</Telephone></DirectoryEntry><DirectoryEntry><Name>פנחס מנחם בליז'ינסקי</Name><Telephone>053-3156631</Telephone></DirectoryEntry><DirectoryEntry><Name>פנחס מנחם בליז'ינסקי</Name></DirectoryEntry><DirectoryEntry><Name>פינחס מנחם מנדל בלכרוביץ</Name></DirectoryEntry><DirectoryEntry><Name>פינחס מנחם בלעך</Name></DirectoryEntry><DirectoryEntry><Name>פינחס בנדיקט</Name></DirectoryEntry><DirectoryEntry><Name>פנחס מנחם בנצלוביץ</Name><Telephone>058 3261704</Telephone></DirectoryEntry><DirectoryEntry><Name>פנחס בסר</Name><Telephone>03-5709701</Telephone><Telephone>050-4145586</Telephone></DirectoryEntry><DirectoryEntry><Name>פנחס מנחם בעק</Name><Telephone>02 8020118</Telephone><Telephone>053-3197635</Telephone></DirectoryEntry><DirectoryEntry><Name>פנחס מנחם בעק</Name></DirectoryEntry><DirectoryEntry><Name>פינחס מנחם בראון</Name></DirectoryEntry><DirectoryEntry><Name>פנחס מנחם מנדל ברבר</Name><Telephone>052-7611179</Telephone></DirectoryEntry><DirectoryEntry><Name>פינחס מנחם ברגמן</Name><Telephone>058 3294811</Telephone></DirectoryEntry><DirectoryEntry><Name>פנחס ברגמן</Name><Telephone>058-3295015</Telephone></DirectoryEntry><DirectoryEntry><Name>פנחס מנחם ברגמן</Name><Telephone>053 3101174</Telephone></DirectoryEntry><DirectoryEntry><Name>פנחס מנחם ברגמן</Name></DirectoryEntry><DirectoryEntry><Name>פינחס מנחם ברודבקר</Name></DirectoryEntry><DirectoryEntry><Name>פנחס זאב ברודז'ק</Name></DirectoryEntry><DirectoryEntry><Name>פנחס מנחם ברוידא</Name></DirectoryEntry><DirectoryEntry><Name>פנחס מנחם ברוינר</Name></DirectoryEntry><DirectoryEntry><Name>פינחס מנחם ברלינר</Name><Telephone>055 6752970</Telephone></DirectoryEntry><DirectoryEntry><Name>פינחס מנחם ברלינר</Name><Telephone>055 6799115</Telephone></DirectoryEntry><DirectoryEntry><Name>פנחס ברלינר</Name><Telephone>058 3210566</Telephone></DirectoryEntry><DirectoryEntry><Name>פנחס אהרן ברלינר</Name><Telephone>053 4184705</Telephone></DirectoryEntry><DirectoryEntry><Name>פנחס מנחם ברלינר</Name></DirectoryEntry><DirectoryEntry><Name>פנחס מנחם ברנט</Name><Telephone>08 8022332</Telephone></DirectoryEntry><DirectoryEntry><Name>פנחס מנחם ברנסדורפר</Name></DirectoryEntry><DirectoryEntry><Name>פינחס מנחם מנדל ברסלר</Name><Telephone>053 4121332</Telephone></DirectoryEntry><DirectoryEntry><Name>פנחס מנחם ברסלר</Name><Telephone>055 6772818</Telephone></DirectoryEntry><DirectoryEntry><Name>פנחס מנחם שלמה ברסלר</Name><Telephone>08-8652530</Telephone><Telephone>054-8449770</Telephone></DirectoryEntry><DirectoryEntry><Name>פנחס ברסקי</Name><Telephone>058 3242024</Telephone></DirectoryEntry><DirectoryEntry><Name>פנחס מנחם ברסקי</Name><Telephone>052 7615155</Telephone></DirectoryEntry><DirectoryEntry><Name>פנחס מנחם ברסקי</Name><Telephone>053 3103600</Telephone></DirectoryEntry><DirectoryEntry><Name>פנחס מנחם ברסקי</Name><Telephone>054 8531932</Telephone></DirectoryEntry><DirectoryEntry><Name>פועה פייגה ברקוביץ</Name><Telephone>03-5708329</Telephone><Telephone>053-3150502</Telephone></DirectoryEntry><DirectoryEntry><Name>פנחס ברקוביץ</Name><Telephone>02-5816717</Telephone><Telephone>053-3116717</Telephone></DirectoryEntry><DirectoryEntry><Name>פנחס מנחם ברקוביץ</Name></DirectoryEntry><DirectoryEntry><Name>פנחס מנחם ברקוביץ</Name></DirectoryEntry><DirectoryEntry><Name>פנחס מנחם ברקוביץ</Name><Telephone>08 8000232</Telephone></DirectoryEntry><DirectoryEntry><Name>פינחס מנחם גביוף</Name><Telephone>02 5095217</Telephone><Telephone>054-8580304</Telephone></DirectoryEntry><DirectoryEntry><Name>פינחס מנחם גבריאלוב</Name><Telephone>058 3204088</Telephone></DirectoryEntry><DirectoryEntry><Name>פנחס מנחם גבריאלוב</Name><Telephone>058 3223454</Telephone></DirectoryEntry><DirectoryEntry><Name>פינחס מנחם גוטליב</Name><Telephone>058 3224580</Telephone></DirectoryEntry><DirectoryEntry><Name>פנחס מנחם גוטליב</Name><Telephone>054 8483310</Telephone></DirectoryEntry><DirectoryEntry><Name>פנחס מנחם גוטליב</Name></DirectoryEntry><DirectoryEntry><Name>פינחס מנחם גוטמן</Name></DirectoryEntry><DirectoryEntry><Name>פינחס מנחם גוטמן</Name><Telephone>052-7193750</Telephone><Telephone>058-3236856</Telephone></DirectoryEntry><DirectoryEntry><Name>פנחס מנחם גוטמן</Name><Telephone>055-6734559</Telephone></DirectoryEntry><DirectoryEntry><Name>פנחס מנחם גוטמן</Name><Telephone>053 4199980</Telephone></DirectoryEntry><DirectoryEntry><Name>פנחס מנחם גוטמן</Name></DirectoryEntry><DirectoryEntry><Name>פנחס מנחם גוטמן</Name></DirectoryEntry><DirectoryEntry><Name>פנחס גוטסמן</Name></DirectoryEntry><DirectoryEntry><Name>פינחס מנחם גולדבלט</Name><Telephone>054 8573726</Telephone></DirectoryEntry><DirectoryEntry><Name>פינחס גולדברג</Name><Telephone>058 3299225</Telephone></DirectoryEntry><DirectoryEntry><Name>פינחס מנחם גולדברג</Name><Telephone>055 6783893</Telephone></DirectoryEntry><DirectoryEntry><Name>פנחס מנחם גולדברג</Name><Telephone>058 3294165</Telephone></DirectoryEntry><DirectoryEntry><Name>פנחס מנחם גולדברג</Name><Telephone>03 6891050</Telephone><Telephone>058-3221077</Telephone></DirectoryEntry><DirectoryEntry><Name>פנחס מנחם גולדברג</Name><Telephone>058-3295405</Telephone></DirectoryEntry><DirectoryEntry><Name>פנחס מנחם גולדברג</Name></DirectoryEntry><DirectoryEntry><Name>פנחס מנחם גולדמן</Name></DirectoryEntry><DirectoryEntry><Name>פנחס מנחם גולדפלם</Name><Telephone>08 8015566</Telephone></DirectoryEntry><DirectoryEntry><Name>פנחס מנחם גולדקנופף</Name><Telephone>058 3252538</Telephone><Telephone>053-3124344</Telephone></DirectoryEntry><DirectoryEntry><Name>פנחס מנחם גולדרינג</Name></DirectoryEntry><DirectoryEntry><Name>פנחס מנחם גולדשמיד</Name><Telephone>055 6735800</Telephone></DirectoryEntry><DirectoryEntry><Name>פנחס צבי גורט</Name><Telephone>02-8000123</Telephone><Telephone>052-7607070</Telephone></DirectoryEntry><DirectoryEntry><Name>פינחס יוסף בנימין גילברט</Name><Telephone>077-5090851</Telephone><Telephone>052-7630590</Telephone></DirectoryEntry><DirectoryEntry><Name>פנחס מנחם גינזבורג</Name><Telephone>058 3256133</Telephone></DirectoryEntry><DirectoryEntry><Name>פסח שמחה בונם גינזבורג</Name></DirectoryEntry><DirectoryEntry><Name>פנחס יהודה גירש</Name><Telephone>03-6496274</Telephone><Telephone>052-7634910</Telephone></DirectoryEntry><DirectoryEntry><Name>פנחס מנחם גירש</Name></DirectoryEntry><DirectoryEntry><Name>פנינה גלב</Name><Telephone>03-6181694</Telephone><Telephone>053-3170023</Telephone></DirectoryEntry><DirectoryEntry><Name>פנחס מנחם גלובינסקי</Name><Telephone>053 3185826</Telephone></DirectoryEntry><DirectoryEntry><Name>פינחס מנחם גליק</Name><Telephone>052 7145698</Telephone><Telephone>058-3269393</Telephone></DirectoryEntry><DirectoryEntry><Name>פנחס מנחם גליקסברג</Name><Telephone>02-5376561</Telephone></DirectoryEntry><DirectoryEntry><Name>פינחס מנחם גליקסון</Name><Telephone>055 6781600</Telephone></DirectoryEntry><DirectoryEntry><Name>פינחס מנחם גליקסון</Name><Telephone>053 3162553</Telephone></DirectoryEntry><DirectoryEntry><Name>פנחס מנחם גליקסון</Name><Telephone>0534-111449</Telephone></DirectoryEntry><DirectoryEntry><Name>פנחס מנחם גליקסון</Name></DirectoryEntry><DirectoryEntry><Name>פנחס גלקופף</Name><Telephone>03 6166603</Telephone></DirectoryEntry><DirectoryEntry><Name>פנחס נתן נטע גלקופף</Name><Telephone>324-85505111</Telephone></DirectoryEntry><DirectoryEntry><Name>פנחס גפן</Name><Telephone>03 5789449</Telephone></DirectoryEntry><DirectoryEntry><Name>פנחס מנחם גפני</Name></DirectoryEntry><DirectoryEntry><Name>פנחס מנחם גרובייס</Name><Telephone>053 3135530</Telephone></DirectoryEntry><DirectoryEntry><Name>פנחס מנחם גרוס</Name></DirectoryEntry><DirectoryEntry><Name>פנחס מנחם גרוס</Name></DirectoryEntry><DirectoryEntry><Name>פרץ צבי גרוס</Name><Telephone>052-7621643</Telephone></DirectoryEntry><DirectoryEntry><Name>פרץ צבי גרוס</Name><Telephone>055-6722808</Telephone></DirectoryEntry><DirectoryEntry><Name>פנחס מנחם גרוסמן</Name><Telephone>058 3203543</Telephone></DirectoryEntry><DirectoryEntry><Name>פנחס מנחם גרוסמן</Name><Telephone>053 3162081</Telephone><Telephone>053-3177808</Telephone></DirectoryEntry><DirectoryEntry><Name>פנחס מנחם גרוסמן</Name><Telephone>053 3147056</Telephone></DirectoryEntry><DirectoryEntry><Name>פנחס מנחם גרוסמן</Name></DirectoryEntry><DirectoryEntry><Name>פייגא גרינבוים</Name><Telephone>02-5322398</Telephone></DirectoryEntry><DirectoryEntry><Name>פנחס גרינבוים</Name><Telephone>03-9092938</Telephone><Telephone>052-7642600</Telephone></DirectoryEntry><DirectoryEntry><Name>פנחס מנחם גרינבוים</Name></DirectoryEntry><DirectoryEntry><Name>פנחס גרינבלט</Name></DirectoryEntry><DirectoryEntry><Name>פנחס מנחם גרינבלט</Name></DirectoryEntry><DirectoryEntry><Name>פינחס מנחם גרינברג</Name><Telephone>052 7663169</Telephone></DirectoryEntry><DirectoryEntry><Name>פנחס מנחם גרינהויז</Name><Telephone>04-8011221</Telephone></DirectoryEntry><DirectoryEntry><Name>פנחס מנחם גרינפלד</Name><Telephone>058-3292252</Telephone></DirectoryEntry><DirectoryEntry><Name>פינחס מנחם גרינצייג</Name><Telephone>055 6762716</Telephone></DirectoryEntry><DirectoryEntry><Name>פנחס מנחם גרנביץ</Name><Telephone>054-8544779</Telephone></DirectoryEntry><DirectoryEntry><Name>פנחס מנחם גרף</Name></DirectoryEntry><DirectoryEntry><Name>פינחס מנחם גרפינקל</Name><Telephone>053 4183556</Telephone></DirectoryEntry><DirectoryEntry><Name>פינחס מנחם גרפינקל</Name><Telephone>053 3137793</Telephone></DirectoryEntry><DirectoryEntry><Name>פנחס גרשטנקורן</Name></DirectoryEntry><DirectoryEntry><Name>פנחס מנחם גרשטנקורן</Name><Telephone>058 3249421</Telephone><Telephone>058-3294421</Telephone></DirectoryEntry><DirectoryEntry><Name>פיגה גשייד</Name><Telephone>04-8440385</Telephone></DirectoryEntry><DirectoryEntry><Name>פנחס מנחם גשייד</Name><Telephone>058 3289539</Telephone></DirectoryEntry><DirectoryEntry><Name>פנחס מנחם דהאן</Name><Telephone>058 3201570</Telephone><Telephone>055-6769001</Telephone></DirectoryEntry><DirectoryEntry><Name>פנחס מנחם דואק</Name></DirectoryEntry><DirectoryEntry><Name>פנחס דוידוביץ</Name><Telephone>02-5371677</Telephone><Telephone>052-7667000</Telephone></DirectoryEntry><DirectoryEntry><Name>פנחס גרשון דוידוביץ</Name><Telephone>058-3250748</Telephone></DirectoryEntry><DirectoryEntry><Name>פנחס מנחם דויטשר</Name></DirectoryEntry><DirectoryEntry><Name>פייבל דז'אלובסקי</Name><Telephone>02-5380391</Telephone></DirectoryEntry><DirectoryEntry><Name>פנחס מנחם דז'אלובסקי</Name><Telephone>058 3212270</Telephone></DirectoryEntry><DirectoryEntry><Name>פנחס מנחם דניאלצ'יק</Name></DirectoryEntry><DirectoryEntry><Name>פנחס מנחם דרוק</Name><Telephone>04-8043431</Telephone></DirectoryEntry><DirectoryEntry><Name>פינחס מנחם דריימן</Name><Telephone>058 3272372</Telephone></DirectoryEntry><DirectoryEntry><Name>פנחס מנחם דריימן</Name><Telephone>058 3242409</Telephone></DirectoryEntry><DirectoryEntry><Name>פנחס מנחם דריימן</Name><Telephone>03 7743690</Telephone><Telephone>053-3106108</Telephone></DirectoryEntry><DirectoryEntry><Name>פנחס מנחם דרנגר</Name><Telephone>055-6732820</Telephone></DirectoryEntry><DirectoryEntry><Name>פנחס מנחם דרנגר</Name><Telephone>052 7106171</Telephone></DirectoryEntry><DirectoryEntry><Name>פנחס מנחם דרסלר</Name></DirectoryEntry><DirectoryEntry><Name>פנחס מנחם דרסלר</Name><Telephone>058 3257531</Telephone></DirectoryEntry><DirectoryEntry><Name>פנחס מנחם הוכברג</Name><Telephone>053-3126567</Telephone></DirectoryEntry><DirectoryEntry><Name>פנחס מנחם הולצמן</Name><Telephone>055 6725316</Telephone></DirectoryEntry><DirectoryEntry><Name>פנחס הוניגסברג</Name><Telephone>054 8541121</Telephone></DirectoryEntry><DirectoryEntry><Name>פינחס צבי הורוביץ</Name><Telephone>054-8550030</Telephone></DirectoryEntry><DirectoryEntry><Name>פנחס הורוביץ</Name></DirectoryEntry><DirectoryEntry><Name>פנחס אליהו הורוביץ</Name><Telephone>03-9095972</Telephone><Telephone>054-8404573</Telephone></DirectoryEntry><DirectoryEntry><Name>פנחס מנחם הורוביץ</Name><Telephone>053 3111823</Telephone><Telephone>055-6736374</Telephone></DirectoryEntry><DirectoryEntry><Name>פנחס מנחם הורוביץ</Name></DirectoryEntry><DirectoryEntry><Name>פתחיה רפאל שמעון הורוביץ</Name><Telephone>055 6721191</Telephone><Telephone>055-6761191</Telephone></DirectoryEntry><DirectoryEntry><Name>פנחס הורן</Name><Telephone>052 7106855</Telephone></DirectoryEntry><DirectoryEntry><Name>פינחס מנחם מנדל היידה</Name><Telephone>054 8530199</Telephone><Telephone>054-8530117</Telephone></DirectoryEntry><DirectoryEntry><Name>פנחס מנחם היידה</Name><Telephone>053 3149498</Telephone></DirectoryEntry><DirectoryEntry><Name>פנחס מנחם היידה</Name></DirectoryEntry><DirectoryEntry><Name>פנחס מנחם היידה</Name></DirectoryEntry><DirectoryEntry><Name>פנחס היינה</Name><Telephone>08-6811598</Telephone><Telephone>053-3131521</Telephone></DirectoryEntry><DirectoryEntry><Name>פנחס אליהו היישריק</Name><Telephone>03-5789637</Telephone></DirectoryEntry><DirectoryEntry><Name>פנחס אליהו היישריק</Name><Telephone>08-8030900</Telephone></DirectoryEntry><DirectoryEntry><Name>פנחס אליעזר הירש</Name><Telephone>02-5023173</Telephone></DirectoryEntry><DirectoryEntry><Name>פנחס מנחם מנדל הירש</Name></DirectoryEntry><DirectoryEntry><Name>פנחס מנחם הלפגוט</Name><Telephone>055 6748938</Telephone></DirectoryEntry><DirectoryEntry><Name>פנחס מנחם הלפגוט</Name><Telephone>03 6560122</Telephone><Telephone>054-8434200</Telephone></DirectoryEntry><DirectoryEntry><Name>פנחס מנחם הלפגוט</Name><Telephone>02 5456585</Telephone></DirectoryEntry><DirectoryEntry><Name>פנחס מנחם מנדל הלפגוט</Name></DirectoryEntry><DirectoryEntry><Name>פנחס מנחם הלפרין</Name><Telephone>052 7136844</Telephone></DirectoryEntry><DirectoryEntry><Name>פינחס מנחם הנדלס</Name><Telephone>053 3108241</Telephone></DirectoryEntry><DirectoryEntry><Name>פנחס הנדלס</Name><Telephone>08 8009394</Telephone></DirectoryEntry><DirectoryEntry><Name>פינחס מנחם הפטקה</Name></DirectoryEntry><DirectoryEntry><Name>פנחס יחזקאל הרץ</Name><Telephone>03-6185349</Telephone><Telephone>054-8460214</Telephone></DirectoryEntry><DirectoryEntry><Name>פנחס מנחם הרץ</Name><Telephone>058 3245996</Telephone><Telephone>053-4184118</Telephone></DirectoryEntry><DirectoryEntry><Name>פינחס מנחם מנדל הרשברג</Name><Telephone>055 6738301</Telephone></DirectoryEntry><DirectoryEntry><Name>פנחס מנחם הרשברג</Name><Telephone>08 8001122</Telephone></DirectoryEntry><DirectoryEntry><Name>פינחם מנחם הרשנבוים</Name><Telephone>054 8520999</Telephone></DirectoryEntry><DirectoryEntry><Name>פנחס אריה אליעזר הרשנבוים</Name><Telephone>02-5373213</Telephone><Telephone>054-8402118</Telephone></DirectoryEntry><DirectoryEntry><Name>פנחס אריה מנחם הרשנבוים</Name></DirectoryEntry><DirectoryEntry><Name>פנחס מנחם הרשנבוים</Name></DirectoryEntry><DirectoryEntry><Name>פנחס מנחם הרשקוביץ</Name><Telephone>058 3250543</Telephone><Telephone>058-3299595</Telephone></DirectoryEntry><DirectoryEntry><Name>פנחס מנחם מאיר הרשקוביץ</Name><Telephone>053 3127668</Telephone></DirectoryEntry><DirectoryEntry><Name>פינחס יו"ט ליפא וגשל</Name></DirectoryEntry><DirectoryEntry><Name>פנחס וגשל</Name></DirectoryEntry><DirectoryEntry><Name>פינחס מנחם וואלך</Name><Telephone>055 6773012</Telephone><Telephone>053-3173012</Telephone></DirectoryEntry><DirectoryEntry><Name>פנחס יצחק וואלך</Name><Telephone>02-5002463</Telephone><Telephone>052-7616213</Telephone></DirectoryEntry><DirectoryEntry><Name>פנחס מנחם וואלך</Name><Telephone>058 3267139</Telephone></DirectoryEntry><DirectoryEntry><Name>פנחס מנחם וואלך</Name><Telephone>058 3213101</Telephone></DirectoryEntry><DirectoryEntry><Name>פנחס מנחם וואלך</Name></DirectoryEntry><DirectoryEntry><Name>פנחס מנחם וואלך</Name></DirectoryEntry><DirectoryEntry><Name>פינחס וולף</Name><Telephone>053 4100214</Telephone><Telephone>053-4100217</Telephone></DirectoryEntry><DirectoryEntry><Name>פנחס מנחם וולף</Name><Telephone>058 3278404</Telephone><Telephone>058-3278405</Telephone></DirectoryEntry><DirectoryEntry><Name>פנחס מנחם וולקוביץ</Name><Telephone>053-4111057</Telephone></DirectoryEntry><DirectoryEntry><Name>פנחס מנחם וולקוביץ</Name><Telephone>053 3154154</Telephone></DirectoryEntry><DirectoryEntry><Name>פנחס מנחם וולקוביץ</Name></DirectoryEntry><DirectoryEntry><Name>פנחס מנחם וולקוביץ</Name></DirectoryEntry><DirectoryEntry><Name>פרל ריזל וולקוביץ</Name><Telephone>04-8644552</Telephone><Telephone>052-7622174</Telephone></DirectoryEntry><DirectoryEntry><Name>פנחס מנחם וורהפטיג</Name><Telephone>02 5099628</Telephone></DirectoryEntry><DirectoryEntry><Name>פנחס מנחם ויגדרוביץ</Name><Telephone>054-8561990</Telephone></DirectoryEntry><DirectoryEntry><Name>פנחס מנחם וידיסלבסקי</Name><Telephone>055 6790575</Telephone></DirectoryEntry><DirectoryEntry><Name>פנחס מנחם וידיסלבסקי</Name><Telephone>055 6725017</Telephone></DirectoryEntry><DirectoryEntry><Name>פנחס אריה וייל</Name><Telephone>055 6703238</Telephone></DirectoryEntry><DirectoryEntry><Name>פנחס מנחם וייל</Name><Telephone>08 8001181</Telephone></DirectoryEntry><DirectoryEntry><Name>פינחס מנחם וייס</Name><Telephone>058 3252503</Telephone></DirectoryEntry><DirectoryEntry><Name>פנחס וייס</Name><Telephone>08-8666980</Telephone></DirectoryEntry><DirectoryEntry><Name>פנחס מנחם אליעזר וייס</Name></DirectoryEntry><DirectoryEntry><Name>פרומית שרה וייס</Name><Telephone>03-5700184</Telephone><Telephone>052-7659184</Telephone></DirectoryEntry><DirectoryEntry><Name>פינחס מנחם מנדל וייץ</Name><Telephone>02 5666460</Telephone><Telephone>053-3147010</Telephone></DirectoryEntry><DirectoryEntry><Name>פנחס מנחם מנדל וייץ</Name><Telephone>08 8037373</Telephone><Telephone>058-3211142</Telephone></DirectoryEntry><DirectoryEntry><Name>פנחס וילר</Name><Telephone>08-8534790</Telephone><Telephone>052-7647298</Telephone></DirectoryEntry><DirectoryEntry><Name>פינחס מנחם וינברג</Name><Telephone>054 8525041</Telephone></DirectoryEntry><DirectoryEntry><Name>פנחס מנחם וינברג</Name><Telephone>055-6731491</Telephone></DirectoryEntry><DirectoryEntry><Name>פינחס מנחם וינגוט</Name><Telephone>053 4167440</Telephone></DirectoryEntry><DirectoryEntry><Name>פנחס מנחם וינגוט</Name><Telephone>058 3242926</Telephone><Telephone>055-6724768</Telephone></DirectoryEntry><DirectoryEntry><Name>פנחס מנחם וינגוט</Name></DirectoryEntry><DirectoryEntry><Name>פנחס מנחם וינגוט</Name></DirectoryEntry><DirectoryEntry><Name>פנחס מנחם מנדל וינגוט</Name><Telephone>055 6723037</Telephone><Telephone>058-3244220</Telephone></DirectoryEntry><DirectoryEntry><Name>פנחס עקיבא וינגוט</Name><Telephone>055-6728987</Telephone></DirectoryEntry><DirectoryEntry><Name>פינחס מנחם וינגורט</Name><Telephone>055 6783018</Telephone></DirectoryEntry><DirectoryEntry><Name>פנחס אליעזר וינגורט</Name><Telephone>08-8669878</Telephone><Telephone>058-3211928</Telephone></DirectoryEntry><DirectoryEntry><Name>פנחס מנחם וינגורט</Name></DirectoryEntry><DirectoryEntry><Name>פנחס מנחם וינגורט</Name></DirectoryEntry><DirectoryEntry><Name>פנחס וינטרוב</Name><Telephone>02-9992441</Telephone><Telephone>050-4133712</Telephone></DirectoryEntry><DirectoryEntry><Name>פנחס וינרייך</Name><Telephone>03-6763606</Telephone><Telephone>052-7111186</Telephone></DirectoryEntry><DirectoryEntry><Name>פנחס מנחם וינרייך</Name><Telephone>08-8035553</Telephone></DirectoryEntry><DirectoryEntry><Name>פנינה וינשטיין</Name><Telephone>02-5389020</Telephone><Telephone>050-4101301</Telephone></DirectoryEntry><DirectoryEntry><Name>פינחס ויסבוים</Name><Telephone>052 7138071</Telephone></DirectoryEntry><DirectoryEntry><Name>פנחס מנחם ויסבלום</Name><Telephone>02 8041111</Telephone><Telephone>055-6738111</Telephone></DirectoryEntry><DirectoryEntry><Name>פנחס מנחם וירניק</Name></DirectoryEntry><DirectoryEntry><Name>פנחס יהודה וסרמן</Name></DirectoryEntry><DirectoryEntry><Name>פנחס מנחם וסרצוג</Name><Telephone>058 3256516</Telephone></DirectoryEntry><DirectoryEntry><Name>פנחס מנחם וסרצוג</Name><Telephone>050-4170963</Telephone></DirectoryEntry><DirectoryEntry><Name>פנחס נתן וצלר</Name><Telephone>053-3159030</Telephone></DirectoryEntry><DirectoryEntry><Name>פינחס מנחם וקס</Name></DirectoryEntry><DirectoryEntry><Name>פנחס מנחם וקס</Name><Telephone>03-5709982</Telephone><Telephone>053-3157099</Telephone></DirectoryEntry><DirectoryEntry><Name>פנחס מנחם וקס</Name><Telephone>058 3263003</Telephone></DirectoryEntry><DirectoryEntry><Name>פנחס מנחם וקסברגר</Name></DirectoryEntry><DirectoryEntry><Name>פנחס מנחם וקסברגר</Name><Telephone>053 4183163</Telephone></DirectoryEntry><DirectoryEntry><Name>פינחס אליהו וקסשטוק</Name><Telephone>08-8558066</Telephone></DirectoryEntry><DirectoryEntry><Name>פנחס מנחם וקסשטוק</Name><Telephone>053 3150302</Telephone></DirectoryEntry><DirectoryEntry><Name>פנחס מנחם וקסשטוק</Name><Telephone>055-6796550</Telephone><Telephone>055-6781209</Telephone></DirectoryEntry><DirectoryEntry><Name>פנחס מנחם וקשטוק</Name><Telephone>058-3218891</Telephone></DirectoryEntry><DirectoryEntry><Name>פינחס מנחם ורדיגר</Name><Telephone>053 4188803</Telephone><Telephone>053-4188802</Telephone></DirectoryEntry><DirectoryEntry><Name>פינחס מנחם ורדיגר</Name><Telephone>055 6772726</Telephone></DirectoryEntry><DirectoryEntry><Name>פנחס אהרן ורדיגר</Name><Telephone>08-8020132</Telephone></DirectoryEntry><DirectoryEntry><Name>פנחס חנוך ורדיגר</Name><Telephone>03-6482441</Telephone><Telephone>053-3182441</Telephone></DirectoryEntry><DirectoryEntry><Name>פנחס מנחם ורדיגר</Name><Telephone>055 6782466</Telephone></DirectoryEntry><DirectoryEntry><Name>פנחס אליהו ורשביאק</Name><Telephone>03-5784144</Telephone><Telephone>052-7639919</Telephone></DirectoryEntry><DirectoryEntry><Name>פינחס מנחם ורשואר</Name><Telephone>052-7660979</Telephone></DirectoryEntry><DirectoryEntry><Name>פנחס אלחנן ורשואר</Name></DirectoryEntry><DirectoryEntry><Name>פנחס מנחם זוינצקי</Name></DirectoryEntry><DirectoryEntry><Name>פנחס מנחם זוננפלד</Name><Telephone>03-6192864</Telephone></DirectoryEntry><DirectoryEntry><Name>פנחס אליעזר זיגלבוים</Name><Telephone>08-8669036</Telephone><Telephone>050-4107328</Telephone></DirectoryEntry><DirectoryEntry><Name>פינחס מנחם זיטלני</Name><Telephone>058 3249682</Telephone></DirectoryEntry><DirectoryEntry><Name>פנחס אליהו זייברט</Name><Telephone>08-8654371</Telephone><Telephone>052-7671532</Telephone></DirectoryEntry><DirectoryEntry><Name>פנחס מנחם זייברט</Name><Telephone>052 7104526</Telephone></DirectoryEntry><DirectoryEntry><Name>פנחס מנחם זייברט</Name></DirectoryEntry><DirectoryEntry><Name>פנחס נתן זייברט</Name><Telephone>055 6722904</Telephone></DirectoryEntry><DirectoryEntry><Name>פסיה זיידה</Name><Telephone>02-5380621</Telephone><Telephone>050-4124462</Telephone></DirectoryEntry><DirectoryEntry><Name>פנחס מנחם זיידורף</Name></DirectoryEntry><DirectoryEntry><Name>פנחס מנחם זיידמן</Name><Telephone>02-5862183</Telephone><Telephone>053-3100350</Telephone></DirectoryEntry><DirectoryEntry><Name>פנחס מנחם זיידמן</Name><Telephone>054 8472149</Telephone></DirectoryEntry><DirectoryEntry><Name>פנחס מנחם זיידנפלד</Name><Telephone>053 3106640</Telephone></DirectoryEntry><DirectoryEntry><Name>פינחס מנחם זילברברג</Name><Telephone>053 3197864</Telephone></DirectoryEntry><DirectoryEntry><Name>פינחס מנחם זילברברג</Name><Telephone>055 6781494</Telephone></DirectoryEntry><DirectoryEntry><Name>פינחס מנחם זילברברג</Name><Telephone>053 4192445</Telephone></DirectoryEntry><DirectoryEntry><Name>פינחס מנחם זילברברג</Name><Telephone>02 8021213</Telephone><Telephone>058-3221674</Telephone></DirectoryEntry><DirectoryEntry><Name>פנחס מנחם זילברברג</Name></DirectoryEntry><DirectoryEntry><Name>פינחס מנחם זילברשטיין</Name><Telephone>054 8500568</Telephone></DirectoryEntry><DirectoryEntry><Name>פנחס מאיר זילברשטיין</Name><Telephone>050 4155100</Telephone></DirectoryEntry><DirectoryEntry><Name>פנחס מנחם זילברשטיין</Name></DirectoryEntry><DirectoryEntry><Name>פנחס מנחם זילברשטיין</Name><Telephone>02 8018899</Telephone><Telephone>054-8507962</Telephone></DirectoryEntry><DirectoryEntry><Name>פנחס מנחם זילברשטיין</Name><Telephone>054 4168154</Telephone></DirectoryEntry><DirectoryEntry><Name>פנחס מנחם זילברשטיין</Name><Telephone>058 3207158</Telephone></DirectoryEntry><DirectoryEntry><Name>פנחס מנחם זילברשטיין</Name></DirectoryEntry><DirectoryEntry><Name>פנחס מנחם זילברשטיין</Name><Telephone>058 3233498</Telephone></DirectoryEntry><DirectoryEntry><Name>פנחס מנחם מנדל זילברשטיין</Name><Telephone>052 7124538</Telephone></DirectoryEntry><DirectoryEntry><Name>פנחס אליעזר זיסו</Name><Telephone>052-7177747</Telephone></DirectoryEntry><DirectoryEntry><Name>פנחס זלביץ</Name><Telephone>09-8335904</Telephone><Telephone>052-3848395</Telephone></DirectoryEntry><DirectoryEntry><Name>פנחס מנחם זלצר</Name><Telephone>053 3107355</Telephone></DirectoryEntry><DirectoryEntry><Name>פייגה חברוני</Name><Telephone>02-5000080</Telephone></DirectoryEntry><DirectoryEntry><Name>פינחס מנחם חייטובסקי</Name></DirectoryEntry><DirectoryEntry><Name>פנחס מנחם חלמינסקי</Name><Telephone>050 4140426</Telephone></DirectoryEntry><DirectoryEntry><Name>פינחס מנחם מנדל חמניצקי</Name><Telephone>055 6781531</Telephone><Telephone>053-3181531</Telephone></DirectoryEntry><DirectoryEntry><Name>פנחס מנחם חסיד</Name><Telephone>058-3290285</Telephone><Telephone>058-3250490</Telephone></DirectoryEntry><DirectoryEntry><Name>פנחס מנחם חסיד</Name></DirectoryEntry><DirectoryEntry><Name>פינחס אלימלך חסידה</Name><Telephone>054-8578597</Telephone></DirectoryEntry><DirectoryEntry><Name>פנחס מנחם חסידה</Name><Telephone>04-8044221</Telephone></DirectoryEntry><DirectoryEntry><Name>פנחס דוד חרש</Name><Telephone>03-5708046</Telephone><Telephone>053-3101601</Telephone></DirectoryEntry><DirectoryEntry><Name>פנחס מנחם חרש</Name></DirectoryEntry><DirectoryEntry><Name>פינחס מנחם טאוב</Name></DirectoryEntry><DirectoryEntry><Name>פנחס טאוב</Name><Telephone>054 8596940</Telephone><Telephone>055-6739407</Telephone></DirectoryEntry><DirectoryEntry><Name>פינחס מנחם טאובר</Name><Telephone>053 3158996</Telephone></DirectoryEntry><DirectoryEntry><Name>פינחס מנחם טאומן</Name><Telephone>055 6775075</Telephone></DirectoryEntry><DirectoryEntry><Name>פנחס מנחם טאומן</Name></DirectoryEntry><DirectoryEntry><Name>פנחס אהרן נחום טבק</Name></DirectoryEntry><DirectoryEntry><Name>פלטיאל טויב</Name><Telephone>02-5821298</Telephone><Telephone>054-8447298</Telephone></DirectoryEntry><DirectoryEntry><Name>פנחס מנחם טויסיג</Name><Telephone>055 6731458</Telephone></DirectoryEntry><DirectoryEntry><Name>פנחס מנחם טויסיג</Name><Telephone>053 4100754</Telephone></DirectoryEntry><DirectoryEntry><Name>פנחס מנחם טייטל</Name><Telephone>08-8035067</Telephone><Telephone>054-8448198</Telephone></DirectoryEntry><DirectoryEntry><Name>פנחס מנחם טייטל</Name><Telephone>052 7185957</Telephone></DirectoryEntry><DirectoryEntry><Name>פנחס מנחם טייטלבוים</Name></DirectoryEntry><DirectoryEntry><Name>פנחס מנחם טייטלבוים</Name><Telephone>058 3285141</Telephone></DirectoryEntry><DirectoryEntry><Name>פנחס מנחם טייטלבוים</Name><Telephone>052 7169065</Telephone><Telephone>055-6729065</Telephone></DirectoryEntry><DirectoryEntry><Name>פנחס מנחם טיפנברון</Name><Telephone>08-8664221</Telephone></DirectoryEntry><DirectoryEntry><Name>פינחס מנחם טנדובסקי</Name></DirectoryEntry><DirectoryEntry><Name>פנחס מנחם טננבוים</Name><Telephone>053 3149359</Telephone><Telephone>053-4103147</Telephone></DirectoryEntry><DirectoryEntry><Name>פנחס טסלר</Name><Telephone>053-3156820</Telephone></DirectoryEntry><DirectoryEntry><Name>פינחס מנחם טרויבע</Name><Telephone>053 4166997</Telephone></DirectoryEntry><DirectoryEntry><Name>פנחס טרויבע</Name><Telephone>02-5371277</Telephone></DirectoryEntry><DirectoryEntry><Name>פנחס מנחם טרויבע</Name></DirectoryEntry><DirectoryEntry><Name>פנחס מנחם טשערסקי</Name><Telephone>052 7638313</Telephone></DirectoryEntry><DirectoryEntry><Name>פנחס מנחם יאלאס</Name><Telephone>055 6791143</Telephone></DirectoryEntry><DirectoryEntry><Name>פנינה יאמניק</Name><Telephone>03-5702682</Telephone></DirectoryEntry><DirectoryEntry><Name>פרידה ידלר</Name><Telephone>03-5796576</Telephone><Telephone>052-7622791</Telephone></DirectoryEntry><DirectoryEntry><Name>פינחס מנחם יודקביץ</Name></DirectoryEntry><DirectoryEntry><Name>פנחס מנחם יודקביץ</Name></DirectoryEntry><DirectoryEntry><Name>פנחס מנחם יודקביץ</Name><Telephone>055 6775930</Telephone><Telephone>055-6721093</Telephone></DirectoryEntry><DirectoryEntry><Name>פנחס מנחם מנדל יוסטמן</Name><Telephone>02-9923829</Telephone></DirectoryEntry><DirectoryEntry><Name>פסיה יוסקוביץ</Name><Telephone>03-6195590</Telephone><Telephone>053-3151045</Telephone></DirectoryEntry><DirectoryEntry><Name>פנחס מנחם ינקלביץ</Name></DirectoryEntry><DirectoryEntry><Name>פנחס מנחם ירט</Name><Telephone>02-5401239</Telephone><Telephone>052-7697442</Telephone></DirectoryEntry><DirectoryEntry><Name>פנחס מנחם ירט</Name><Telephone>053 4156730</Telephone><Telephone>053-3133448</Telephone></DirectoryEntry><DirectoryEntry><Name>פנחס מנחם ירט</Name></DirectoryEntry><DirectoryEntry><Name>פנחס שמריהו ירט</Name><Telephone>02-9992504</Telephone><Telephone>058-3292504</Telephone></DirectoryEntry><DirectoryEntry><Name>פנחס מנחם ישראלוביץ</Name></DirectoryEntry><DirectoryEntry><Name>פנחס כהן</Name></DirectoryEntry><DirectoryEntry><Name>פנחס כהן</Name><Telephone>02-5834697</Telephone><Telephone>050-4158581</Telephone></DirectoryEntry><DirectoryEntry><Name>פנחס מנחם כהן</Name><Telephone>08 6112010</Telephone><Telephone>054-8599255</Telephone></DirectoryEntry><DirectoryEntry><Name>פנחס מנחם כהן</Name><Telephone>055 6737662</Telephone></DirectoryEntry><DirectoryEntry><Name>פנחס מנחם כהן</Name><Telephone>03 8081212</Telephone><Telephone>053-3134849</Telephone></DirectoryEntry><DirectoryEntry><Name>פנחס מנחם כהן</Name><Telephone>058 3202047</Telephone></DirectoryEntry><DirectoryEntry><Name>פנחס מנחם כהן</Name><Telephone>054-8413242</Telephone><Telephone>0533187198</Telephone></DirectoryEntry><DirectoryEntry><Name>פנחס מנחם כהן</Name><Telephone>055 6732611</Telephone></DirectoryEntry><DirectoryEntry><Name>פנחס מנחם כהן</Name><Telephone>055 6766212</Telephone></DirectoryEntry><DirectoryEntry><Name>פינחס כץ</Name><Telephone>052 7640317</Telephone></DirectoryEntry><DirectoryEntry><Name>פינחס מנחם כץ</Name><Telephone>055 6721270</Telephone></DirectoryEntry><DirectoryEntry><Name>פינחס מנחם כץ</Name><Telephone>08 8033404</Telephone><Telephone>050-4116793</Telephone></DirectoryEntry><DirectoryEntry><Name>פינחס מנחם מנדל כץ</Name></DirectoryEntry><DirectoryEntry><Name>פנחס מנחם כץ</Name></DirectoryEntry><DirectoryEntry><Name>פנינה כשר</Name><Telephone>02-5380836</Telephone></DirectoryEntry><DirectoryEntry><Name>פנחס מנחם לאבל</Name></DirectoryEntry><DirectoryEntry><Name>פנחס לב</Name></DirectoryEntry><DirectoryEntry><Name>פנחס מנחם לב</Name><Telephone>053 3178062</Telephone></DirectoryEntry><DirectoryEntry><Name>פנחס מנחם לב</Name></DirectoryEntry><DirectoryEntry><Name>פנחס מנחם לב</Name><Telephone>054 8510048</Telephone></DirectoryEntry><DirectoryEntry><Name>פנחס מנחם לב</Name></DirectoryEntry><DirectoryEntry><Name>פנחס מנחם לב</Name></DirectoryEntry><DirectoryEntry><Name>פנחס מנחם לב</Name></DirectoryEntry><DirectoryEntry><Name>פנחס מנחם מנדל לב</Name><Telephone>055 6766746</Telephone></DirectoryEntry><DirectoryEntry><Name>פנחס מנחם מנדל לב</Name></DirectoryEntry><DirectoryEntry><Name>פנינה לב</Name><Telephone>03-6771937</Telephone><Telephone>053-3101139</Telephone></DirectoryEntry><DirectoryEntry><Name>פנחס לביא</Name><Telephone>03-6189263</Telephone></DirectoryEntry><DirectoryEntry><Name>פינחס מנחם לבקוביץ</Name><Telephone>058 3270901</Telephone><Telephone>058-3270801</Telephone></DirectoryEntry><DirectoryEntry><Name>פינחס מנחם לבקוביץ</Name><Telephone>053 3197603</Telephone><Telephone>052-7622828</Telephone></DirectoryEntry><DirectoryEntry><Name>פנחס לבקוביץ</Name></DirectoryEntry><DirectoryEntry><Name>פנחס לבקוביץ</Name></DirectoryEntry><DirectoryEntry><Name>פנחס מנחם לבקוביץ</Name><Telephone>055 6708923</Telephone></DirectoryEntry><DirectoryEntry><Name>פנחס מנחם לבקוביץ</Name></DirectoryEntry><DirectoryEntry><Name>פנחס מנחם לדני</Name><Telephone>058 3282003</Telephone><Telephone>055-6771440</Telephone></DirectoryEntry><DirectoryEntry><Name>פנחס מנחם לדרברגר</Name></DirectoryEntry><DirectoryEntry><Name>פנחס לובינסקי</Name><Telephone>02-5822147</Telephone><Telephone>054-8422145</Telephone></DirectoryEntry><DirectoryEntry><Name>פינחס מנחם לוי</Name></DirectoryEntry><DirectoryEntry><Name>פנחס לוי</Name><Telephone>054-8498077</Telephone></DirectoryEntry><DirectoryEntry><Name>פנחס לוי</Name><Telephone>03-5799900</Telephone></DirectoryEntry><DirectoryEntry><Name>פנחס מנחם לוי</Name><Telephone>053 4100821</Telephone></DirectoryEntry><DirectoryEntry><Name>פנחס מנחם לוי</Name><Telephone>054 8403020</Telephone></DirectoryEntry><DirectoryEntry><Name>פנחס מנחם לוי</Name><Telephone>03 5762982</Telephone><Telephone>055-6777012</Telephone></DirectoryEntry><DirectoryEntry><Name>פנחס מנחם לוי</Name></DirectoryEntry><DirectoryEntry><Name>פנחס מנחם לוי</Name></DirectoryEntry><DirectoryEntry><Name>פנחס מנחם לוי</Name></DirectoryEntry><DirectoryEntry><Name>פנחס מנחם לוי</Name></DirectoryEntry><DirectoryEntry><Name>פסיה לוי</Name><Telephone>02-5711117</Telephone></DirectoryEntry><DirectoryEntry><Name>פנחס יעקב לוין</Name></DirectoryEntry><DirectoryEntry><Name>פנחס משולם לוין</Name><Telephone>03-6190059</Telephone><Telephone>052-7610530</Telephone></DirectoryEntry><DirectoryEntry><Name>פנחס לוינזון</Name><Telephone>055 6768836</Telephone></DirectoryEntry><DirectoryEntry><Name>פנחס זאב לוינטל</Name><Telephone>03-6167539</Telephone><Telephone>053-3109372</Telephone></DirectoryEntry><DirectoryEntry><Name>פינחס מנחם לוק</Name></DirectoryEntry><DirectoryEntry><Name>פנחס מנחם לוק</Name></DirectoryEntry><DirectoryEntry><Name>פנחס מנחם לזנגה</Name><Telephone>055 6726030</Telephone></DirectoryEntry><DirectoryEntry><Name>פינחס מנחם ליברמן</Name></DirectoryEntry><DirectoryEntry><Name>פנחס ליברמן</Name></DirectoryEntry><DirectoryEntry><Name>פנחס ליברמן</Name><Telephone>054 8448998</Telephone></DirectoryEntry><DirectoryEntry><Name>פנחס ליברמן</Name><Telephone>03-6163817</Telephone><Telephone>052-7155636</Telephone></DirectoryEntry><DirectoryEntry><Name>פנחס לוי ליברמן</Name><Telephone>08-8533275</Telephone><Telephone>053-3133275</Telephone></DirectoryEntry><DirectoryEntry><Name>פנחס מנחם ליברמן</Name><Telephone>053 4132936</Telephone></DirectoryEntry><DirectoryEntry><Name>פנחס מנחם ליברמן</Name></DirectoryEntry><DirectoryEntry><Name>פנחס מנחם ליזרוביץ</Name><Telephone>053 4100519</Telephone></DirectoryEntry><DirectoryEntry><Name>פנחס מנחם ליזרוביץ</Name><Telephone>04 6148771</Telephone></DirectoryEntry><DirectoryEntry><Name>פינחס מנחם ליטמן</Name><Telephone>058 3217817</Telephone></DirectoryEntry><DirectoryEntry><Name>פנחס מנחם ליטמן</Name></DirectoryEntry><DirectoryEntry><Name>פנחס מנחם מנדל לייטנר</Name><Telephone>054 8519058</Telephone></DirectoryEntry><DirectoryEntry><Name>פנחס ישעיהו ליכטנשטיין</Name><Telephone>02-5862145</Telephone><Telephone>052-7612146</Telephone></DirectoryEntry><DirectoryEntry><Name>פנחס מנחם ליכטנשטיין</Name><Telephone>054 8520852</Telephone></DirectoryEntry><DirectoryEntry><Name>פנחס מנחם ליכטנשטיין</Name><Telephone>053 3183163</Telephone></DirectoryEntry><DirectoryEntry><Name>פנחס מנחם ליכטנשטיין</Name><Telephone>04-8011121</Telephone><Telephone>058-3284243</Telephone></DirectoryEntry><DirectoryEntry><Name>פנחס מנחם ליכטנשטיין</Name><Telephone>055 6760940</Telephone></DirectoryEntry><DirectoryEntry><Name>פנחס מנחם ליכטנשטיין</Name><Telephone>02 8045053</Telephone></DirectoryEntry><DirectoryEntry><Name>פנחס מנחם ליכטנשטיין</Name><Telephone>055 6724213</Telephone><Telephone>055-6744213</Telephone></DirectoryEntry><DirectoryEntry><Name>פנחס מנחם לילנטל</Name><Telephone>050 4111267</Telephone></DirectoryEntry><DirectoryEntry><Name>פנחס מנחם ליפשיץ</Name><Telephone>055 6749899</Telephone></DirectoryEntry><DirectoryEntry><Name>פנחס מנחם ליצמן</Name><Telephone>055 6779529</Telephone></DirectoryEntry><DirectoryEntry><Name>פנחס מנחם ליצמן</Name></DirectoryEntry><DirectoryEntry><Name>פתחיה נתנאל ליצמן</Name><Telephone>02-5371264</Telephone><Telephone>053-3185185</Telephone></DirectoryEntry><DirectoryEntry><Name>פנחס לנדאו</Name><Telephone>053 3159049</Telephone></DirectoryEntry><DirectoryEntry><Name>פנחס לנדאו</Name></DirectoryEntry><DirectoryEntry><Name>פנחס מנחם לנדאו</Name></DirectoryEntry><DirectoryEntry><Name>פנחס מנחם לנדאו</Name><Telephone>02 8001648</Telephone></DirectoryEntry><DirectoryEntry><Name>פנחס מנחם לנדאו</Name><Telephone>058 3280980</Telephone></DirectoryEntry><DirectoryEntry><Name>פנחס מנחם לנדסברג</Name></DirectoryEntry><DirectoryEntry><Name>פינחס לנצ'בסקי</Name><Telephone>053-3189827</Telephone><Telephone>058-3289827</Telephone></DirectoryEntry><DirectoryEntry><Name>פנחס מנחם לנצ'בסקי</Name></DirectoryEntry><DirectoryEntry><Name>פינחס מנחם לפה</Name><Telephone>058 3218007</Telephone><Telephone>055-6734823</Telephone></DirectoryEntry><DirectoryEntry><Name>פנחס מנחם לפה</Name><Telephone>058 3212060</Telephone></DirectoryEntry><DirectoryEntry><Name>פנחס מנחם לפה</Name><Telephone>08-8039040</Telephone><Telephone>053-3109459</Telephone></DirectoryEntry><DirectoryEntry><Name>פנחס מנחם לפה</Name></DirectoryEntry><DirectoryEntry><Name>פנחס מנחם לפה</Name></DirectoryEntry><DirectoryEntry><Name>פייגא מיכל לרנר</Name><Telephone>08-8010110</Telephone><Telephone>052-7138200</Telephone></DirectoryEntry><DirectoryEntry><Name>פינחס מנחם לרנר</Name><Telephone>053 3142522</Telephone></DirectoryEntry><DirectoryEntry><Name>פנחס מנחם לרנר</Name></DirectoryEntry><DirectoryEntry><Name>פנחס מנחם לרנר</Name><Telephone>055 6747505</Telephone><Telephone>050-4146017</Telephone></DirectoryEntry><DirectoryEntry><Name>פרל לרנר</Name><Telephone>02-5381268</Telephone></DirectoryEntry><DirectoryEntry><Name>פנחס מנחם לרר</Name><Telephone>053 3172944</Telephone><Telephone>052-7615073</Telephone></DirectoryEntry><DirectoryEntry><Name>פנחס מנחם לרר</Name></DirectoryEntry><DirectoryEntry><Name>פינחס מנחם מאיר</Name></DirectoryEntry><DirectoryEntry><Name>פנחס מנחם מאירוביץ</Name><Telephone>058-3255998</Telephone></DirectoryEntry><DirectoryEntry><Name>פינחס מדלוב</Name><Telephone>053 4111428</Telephone><Telephone>053-3194428</Telephone></DirectoryEntry><DirectoryEntry><Name>פנחס מונדרי</Name><Telephone>08-8671841</Telephone></DirectoryEntry><DirectoryEntry><Name>פנחס מונדרי</Name><Telephone>053 4103898</Telephone><Telephone>053-4103787</Telephone></DirectoryEntry><DirectoryEntry><Name>פנחס מונדרי</Name></DirectoryEntry><DirectoryEntry><Name>פנחס יצחק מאיר מונדרי</Name><Telephone>08-8542570</Telephone><Telephone>052-7612570</Telephone></DirectoryEntry><DirectoryEntry><Name>פנחס מנחם מונדרי</Name><Telephone>053 3165979</Telephone></DirectoryEntry><DirectoryEntry><Name>פנחס מנחם מונדרי</Name><Telephone>058 3278970</Telephone></DirectoryEntry><DirectoryEntry><Name>פנחס מנחם מונדרי</Name><Telephone>053 3187990</Telephone></DirectoryEntry><DirectoryEntry><Name>פנחס מנחם מונדרי</Name><Telephone>03-6495641</Telephone><Telephone>053-3126680</Telephone></DirectoryEntry><DirectoryEntry><Name>פינחס מנחם מונטג</Name><Telephone>052 7677219</Telephone></DirectoryEntry><DirectoryEntry><Name>פינחס מנחם מוסבאכר</Name><Telephone>052 7668922</Telephone><Telephone>058-3297172</Telephone></DirectoryEntry><DirectoryEntry><Name>פנחס מוסבאכר</Name><Telephone>08-9971571</Telephone><Telephone>052-7652150</Telephone></DirectoryEntry><DirectoryEntry><Name>פנחס מנחם מוסבאכר</Name><Telephone>055-6766859</Telephone></DirectoryEntry><DirectoryEntry><Name>פנחס מנחם מוסבאכר</Name><Telephone>058 3244523</Telephone></DirectoryEntry><DirectoryEntry><Name>פינחס מורגנשטרן</Name><Telephone>054 8574757</Telephone></DirectoryEntry><DirectoryEntry><Name>פינחס מנחם מורגנשטרן</Name><Telephone>058 3218325</Telephone></DirectoryEntry><DirectoryEntry><Name>פנחס מנחם מורגנשטרן</Name><Telephone>053-3179363</Telephone></DirectoryEntry><DirectoryEntry><Name>פסח מרדכי מורגנשטרן</Name><Telephone>04-8665047</Telephone><Telephone>053-3111490</Telephone></DirectoryEntry><DirectoryEntry><Name>פנחס מרדכי מוריה (הוכרמן)</Name><Telephone>03-5796676</Telephone></DirectoryEntry><DirectoryEntry><Name>פינחס מנחם מושקוביץ</Name></DirectoryEntry><DirectoryEntry><Name>פנחס מנחם מושקוביץ</Name><Telephone>0533196067</Telephone><Telephone>0533196060</Telephone></DirectoryEntry><DirectoryEntry><Name>פינחס מנחם מילר</Name><Telephone>050-4154350</Telephone></DirectoryEntry><DirectoryEntry><Name>פנחס מנחם מילשטיין</Name></DirectoryEntry><DirectoryEntry><Name>פנחס זאב מינץ</Name><Telephone>03-6187149</Telephone><Telephone>053-3123449</Telephone></DirectoryEntry><DirectoryEntry><Name>פינחס מנחם מינקה</Name><Telephone>053 3128571</Telephone><Telephone>054-8543993</Telephone></DirectoryEntry><DirectoryEntry><Name>פנחס מנחם מלאך</Name></DirectoryEntry><DirectoryEntry><Name>פינחס מנחם מלבסקי</Name><Telephone>052 7157607</Telephone></DirectoryEntry><DirectoryEntry><Name>פנחס מנחם מלץ</Name></DirectoryEntry><DirectoryEntry><Name>פנחס בנימין מלצר</Name></DirectoryEntry><DirectoryEntry><Name>פנחס מנדלזון</Name><Telephone>053 3122941</Telephone></DirectoryEntry><DirectoryEntry><Name>פישל בונים מנדלסון</Name><Telephone>08-6600551</Telephone><Telephone>052-7117017</Telephone></DirectoryEntry><DirectoryEntry><Name>פנחס מנחם מנלה</Name><Telephone>055 6781575</Telephone><Telephone>053-4153250</Telephone></DirectoryEntry><DirectoryEntry><Name>פנחס מנחם מנלה</Name><Telephone>050 4176621</Telephone></DirectoryEntry><DirectoryEntry><Name>פנחס מנחם מנלה</Name><Telephone>055-6783101</Telephone></DirectoryEntry><DirectoryEntry><Name>פנחס מנחם מנלה</Name></DirectoryEntry><DirectoryEntry><Name>פנחס מנחם מנדל מנלה</Name><Telephone>058 3241014</Telephone></DirectoryEntry><DirectoryEntry><Name>פינחס מנחם מסלו</Name></DirectoryEntry><DirectoryEntry><Name>פנחס מנחם מעט</Name><Telephone>053 4169063</Telephone><Telephone>052-7131920</Telephone></DirectoryEntry><DirectoryEntry><Name>פייגי מרגלית</Name><Telephone>02-6527623</Telephone></DirectoryEntry><DirectoryEntry><Name>פנחס מנחם מרגלית</Name><Telephone>053 3161595</Telephone><Telephone>054-8550350</Telephone></DirectoryEntry><DirectoryEntry><Name>פנחס מנחם מרגלית</Name><Telephone>055 6771663</Telephone><Telephone>053-3162717</Telephone></DirectoryEntry><DirectoryEntry><Name>פנחס מנחם מרגלית</Name><Telephone>054 8482834</Telephone></DirectoryEntry><DirectoryEntry><Name>פנחס מרקוביץ</Name><Telephone>053 3167166</Telephone></DirectoryEntry><DirectoryEntry><Name>פנחס אליעזר מרקוביץ</Name><Telephone>03-9325779</Telephone><Telephone>053-3180601</Telephone></DirectoryEntry><DirectoryEntry><Name>פנחס אליעזר מרקוביץ</Name><Telephone>08-8039070</Telephone></DirectoryEntry><DirectoryEntry><Name>פנחס מרקסון</Name><Telephone>053-3113207</Telephone><Telephone>052-7659516</Telephone></DirectoryEntry><DirectoryEntry><Name>פנחס מנחם מרקסון</Name><Telephone>08-8641262</Telephone><Telephone>052-7170885</Telephone></DirectoryEntry><DirectoryEntry><Name>פנחס מנחם מרקסון</Name><Telephone>02-9951434</Telephone><Telephone>058-3266311</Telephone></DirectoryEntry><DirectoryEntry><Name>פנחס מנחם מרקסון</Name></DirectoryEntry><DirectoryEntry><Name>פנחס מנחם נאגל</Name></DirectoryEntry><DirectoryEntry><Name>פנחס מנחם נאגל</Name></DirectoryEntry><DirectoryEntry><Name>פנחס אלימלך נוימן</Name><Telephone>02-5860389</Telephone><Telephone>052-7145860</Telephone></DirectoryEntry><DirectoryEntry><Name>פינחס מנחם נוסבוים</Name><Telephone>053-4137913</Telephone></DirectoryEntry><DirectoryEntry><Name>פינחס מנחם נוסבוים</Name><Telephone>058 3264050</Telephone></DirectoryEntry><DirectoryEntry><Name>פינחס מנחם נוסבוים</Name><Telephone>058 3280009</Telephone></DirectoryEntry><DirectoryEntry><Name>פינחס מנחם נוסבוים</Name></DirectoryEntry><DirectoryEntry><Name>פינחס מנחם נוסבוים</Name><Telephone>055 6705571</Telephone></DirectoryEntry><DirectoryEntry><Name>פנחס מנחם נוסבוים</Name><Telephone>052-7167668</Telephone></DirectoryEntry><DirectoryEntry><Name>פנחס מנחם נוסבוים</Name></DirectoryEntry><DirectoryEntry><Name>פנחס מנחם נוסבוים</Name><Telephone>054 8500696</Telephone></DirectoryEntry><DirectoryEntry><Name>פנחס מנחם נוסבוים</Name><Telephone>02 5664480</Telephone></DirectoryEntry><DirectoryEntry><Name>פנחס מנחם נוסבוים</Name><Telephone>053 3174880</Telephone></DirectoryEntry><DirectoryEntry><Name>פנחס מנחם נוסבוים</Name></DirectoryEntry><DirectoryEntry><Name>פינחס נייהוז</Name><Telephone>055 6760074</Telephone><Telephone>055-6760075</Telephone></DirectoryEntry><DirectoryEntry><Name>פנחס נייהוז</Name><Telephone>055 6732516</Telephone></DirectoryEntry><DirectoryEntry><Name>פנחס נייהוז</Name></DirectoryEntry><DirectoryEntry><Name>פנחס מנחם נייהוז</Name><Telephone>053 3113322</Telephone></DirectoryEntry><DirectoryEntry><Name>פנחס מנחם נייהוז</Name><Telephone>050 4180494</Telephone><Telephone>055-6766371</Telephone></DirectoryEntry><DirectoryEntry><Name>פינחס ניימן</Name></DirectoryEntry><DirectoryEntry><Name>פינחס מנחם ניימן</Name><Telephone>050 4161015</Telephone></DirectoryEntry><DirectoryEntry><Name>פינחס מנחם ניימן</Name></DirectoryEntry><DirectoryEntry><Name>פינחס מנחם ניימן</Name></DirectoryEntry><DirectoryEntry><Name>פנחס מנחם ניימן</Name><Telephone>058 3250445</Telephone></DirectoryEntry><DirectoryEntry><Name>פנחס מרדכי ניימן</Name></DirectoryEntry><DirectoryEntry><Name>פינחס מנחם סברסקי</Name><Telephone>053 3141121</Telephone><Telephone>053-3173750</Telephone></DirectoryEntry><DirectoryEntry><Name>פנחס מנחם סברסקי</Name></DirectoryEntry><DirectoryEntry><Name>פנחס מנחם סברסקי</Name></DirectoryEntry><DirectoryEntry><Name>פינחס מנחם סגל</Name></DirectoryEntry><DirectoryEntry><Name>פנחס סגל</Name><Telephone>03-6185955</Telephone></DirectoryEntry><DirectoryEntry><Name>פנחס מנחם סגל</Name><Telephone>055 6789917</Telephone><Telephone>055-6789916</Telephone></DirectoryEntry><DirectoryEntry><Name>פנחס מנחם סגל</Name><Telephone>058 3284015</Telephone></DirectoryEntry><DirectoryEntry><Name>פנחס מנחם סגל</Name><Telephone>055 6760609</Telephone></DirectoryEntry><DirectoryEntry><Name>פנחס מנחם סגל</Name></DirectoryEntry><DirectoryEntry><Name>פנחס מנחם סוכות</Name></DirectoryEntry><DirectoryEntry><Name>פנחס מנחם סופרין</Name><Telephone>03 8067777</Telephone></DirectoryEntry><DirectoryEntry><Name>פנחס מנחם סטוביצקי</Name><Telephone>055-6709941</Telephone></DirectoryEntry><DirectoryEntry><Name>פנחס מנחם סטוביצקי</Name><Telephone>055 6737805</Telephone><Telephone>053-4122430</Telephone></DirectoryEntry><DirectoryEntry><Name>פנחס מנחם סלוד</Name><Telephone>052 7112904</Telephone></DirectoryEntry><DirectoryEntry><Name>פנחס מנחם סלומיאנסקי</Name><Telephone>050 4178858</Telephone></DirectoryEntry><DirectoryEntry><Name>פנחס מנחם סלר</Name><Telephone>055-6761720</Telephone></DirectoryEntry><DirectoryEntry><Name>פנחס מנחם מנדל סלר</Name></DirectoryEntry><DirectoryEntry><Name>פנחס אלעזר סנדיק</Name><Telephone>053-3111087</Telephone></DirectoryEntry><DirectoryEntry><Name>פנחס מנחם סנקביץ</Name><Telephone>058 3267732</Telephone></DirectoryEntry><DirectoryEntry><Name>פינחס סקולסקי</Name><Telephone>055 6774813</Telephone></DirectoryEntry><DirectoryEntry><Name>פנחס סקולסקי</Name><Telephone>052 7133757</Telephone></DirectoryEntry><DirectoryEntry><Name>פנחס יעקב סקולסקי</Name><Telephone>053-3101112</Telephone></DirectoryEntry><DirectoryEntry><Name>פנחס מנחם סקולסקי</Name></DirectoryEntry><DirectoryEntry><Name>פינחס מנחם ענדען</Name><Telephone>054 8435811</Telephone></DirectoryEntry><DirectoryEntry><Name>פנחס מנחם ענדען</Name><Telephone>055 6772271</Telephone></DirectoryEntry><DirectoryEntry><Name>פנחס מנחם ערערא</Name><Telephone>053 3150698</Telephone></DirectoryEntry><DirectoryEntry><Name>פנחס מנחם ערערא</Name></DirectoryEntry><DirectoryEntry><Name>פנחס זאב פאלוך</Name></DirectoryEntry><DirectoryEntry><Name>פנחס מנחם פאלוך</Name></DirectoryEntry><DirectoryEntry><Name>פנחס אליהו פדר</Name><Telephone>052-7636646</Telephone></DirectoryEntry><DirectoryEntry><Name>פנחס אליהו פדר</Name><Telephone>03-6198783</Telephone><Telephone>052-2521068</Telephone></DirectoryEntry><DirectoryEntry><Name>פנחס פוזנר</Name><Telephone>055-6730697</Telephone></DirectoryEntry><DirectoryEntry><Name>פנחס מנחם פוזנר</Name></DirectoryEntry><DirectoryEntry><Name>פנחס פומרנץ</Name><Telephone>02-9951330</Telephone><Telephone>052-7611465</Telephone></DirectoryEntry><DirectoryEntry><Name>פינחס מנחם פייגנבוים</Name><Telephone>053 3128736</Telephone></DirectoryEntry><DirectoryEntry><Name>פנחס מנחם פיין</Name><Telephone>054 8461074</Telephone><Telephone>058-3253784</Telephone></DirectoryEntry><DirectoryEntry><Name>פינחס מנחם פינגרהוט</Name><Telephone>04-8040222</Telephone></DirectoryEntry><DirectoryEntry><Name>פראדל פינגרהוט</Name><Telephone>04-6935543</Telephone><Telephone>052-7625543</Telephone></DirectoryEntry><DirectoryEntry><Name>פנחס מנחם פינקלשטיין</Name><Telephone>058 3234555</Telephone></DirectoryEntry><DirectoryEntry><Name>פנחס פיקרסקי</Name></DirectoryEntry><DirectoryEntry><Name>פנחס מנחם פלבינסקי</Name><Telephone>055-6787535</Telephone></DirectoryEntry><DirectoryEntry><Name>פנחס מנחם פלד</Name><Telephone>055 6775764</Telephone></DirectoryEntry><DirectoryEntry><Name>פינחס מנחם פלדמן</Name></DirectoryEntry><DirectoryEntry><Name>פנחס פלדמן</Name></DirectoryEntry><DirectoryEntry><Name>פנחס מנחם פלדמן</Name><Telephone>053-3130998</Telephone></DirectoryEntry><DirectoryEntry><Name>פנחס מנחם פלדמן</Name><Telephone>053-3133918</Telephone></DirectoryEntry><DirectoryEntry><Name>פנחס מנחם פלדמן</Name><Telephone>052 7186000</Telephone></DirectoryEntry><DirectoryEntry><Name>פנחס מנחם פלדמן</Name><Telephone>050-4177421</Telephone></DirectoryEntry><DirectoryEntry><Name>פנחס שלמה פלדמן</Name></DirectoryEntry><DirectoryEntry><Name>פינחס מנחם פלוטשעניק</Name></DirectoryEntry><DirectoryEntry><Name>פינחס מנחם פלינקר</Name><Telephone>052-7104480</Telephone></DirectoryEntry><DirectoryEntry><Name>פינחס מנחם פלינקר</Name><Telephone>053 3153590</Telephone></DirectoryEntry><DirectoryEntry><Name>פנחס מנחם פלר</Name><Telephone>054 8507307</Telephone></DirectoryEntry><DirectoryEntry><Name>פנחס מנחם פלר</Name><Telephone>055 6726676</Telephone><Telephone>053-4145033</Telephone></DirectoryEntry><DirectoryEntry><Name>פינחס מנחם פנוש</Name></DirectoryEntry><DirectoryEntry><Name>פנחס מנחם פנוש</Name><Telephone>053 3115355</Telephone></DirectoryEntry><DirectoryEntry><Name>פנחס מנחם פנוש</Name></DirectoryEntry><DirectoryEntry><Name>פנחס פסח</Name><Telephone>053 3168525</Telephone></DirectoryEntry><DirectoryEntry><Name>פנחס נפתלי פסח</Name></DirectoryEntry><DirectoryEntry><Name>פנחס מנחם פסטג</Name></DirectoryEntry><DirectoryEntry><Name>פנחס מנחם פפר</Name><Telephone>055 6776801</Telephone></DirectoryEntry><DirectoryEntry><Name>פנחס מנחם פפר</Name><Telephone>054 8537573</Telephone><Telephone>055-6732381</Telephone></DirectoryEntry><DirectoryEntry><Name>פנחס מנחם פרום</Name><Telephone>055 6724216</Telephone></DirectoryEntry><DirectoryEntry><Name>פנחס מנחם פרום</Name></DirectoryEntry><DirectoryEntry><Name>פנחס מנחם פריד</Name><Telephone>08 8007060</Telephone></DirectoryEntry><DirectoryEntry><Name>פנחס מנחם פרידברג</Name></DirectoryEntry><DirectoryEntry><Name>פינחס מנחם פרידמן</Name><Telephone>050 4104884</Telephone></DirectoryEntry><DirectoryEntry><Name>פינחס מנחם פרידמן</Name><Telephone>055 6782342</Telephone><Telephone>055-6782343</Telephone></DirectoryEntry><DirectoryEntry><Name>פינחס מנחם פרידמן</Name></DirectoryEntry><DirectoryEntry><Name>פינחס מנחם פרידמן</Name></DirectoryEntry><DirectoryEntry><Name>פינחס מנחם פרידמן</Name><Telephone>053-3161434</Telephone></DirectoryEntry><DirectoryEntry><Name>פנחס מנחם פרידמן</Name><Telephone>053-4183731</Telephone></DirectoryEntry><DirectoryEntry><Name>פנחס מנחם פרידמן</Name><Telephone>055 6737300</Telephone></DirectoryEntry><DirectoryEntry><Name>פנחס מנחם פרידמן</Name><Telephone>058 3217799</Telephone></DirectoryEntry><DirectoryEntry><Name>פנחס מנחם פרידמן</Name></DirectoryEntry><DirectoryEntry><Name>פנחס מנחם פרידמן</Name></DirectoryEntry><DirectoryEntry><Name>פנחס מנחם מניס פרידמן</Name></DirectoryEntry><DirectoryEntry><Name>פתחיה רפאל שמעון פרידמן</Name><Telephone>055 6774399</Telephone></DirectoryEntry><DirectoryEntry><Name>פתחיה רפאל שמעון פרידמן</Name><Telephone>055 6774375</Telephone><Telephone>055-6774374</Telephone></DirectoryEntry><DirectoryEntry><Name>פנחס מנחם פרייא</Name><Telephone>053 4100213</Telephone></DirectoryEntry><DirectoryEntry><Name>פנינה פרייא</Name><Telephone>03-6188959</Telephone></DirectoryEntry><DirectoryEntry><Name>פינחס מאיר פרלברגר</Name><Telephone>053 3198199</Telephone><Telephone>053-4100060</Telephone></DirectoryEntry><DirectoryEntry><Name>פישל פרנקל</Name><Telephone>02-5617842</Telephone></DirectoryEntry><DirectoryEntry><Name>פנחס פרנקל</Name><Telephone>02-5860632</Telephone><Telephone>050-4134020</Telephone></DirectoryEntry><DirectoryEntry><Name>פנחס מנחם פרנקל</Name></DirectoryEntry><DirectoryEntry><Name>פנחס פרנקנטל</Name></DirectoryEntry><DirectoryEntry><Name>פנחס מנחם פרסטר</Name><Telephone>054 8500640</Telephone></DirectoryEntry><DirectoryEntry><Name>פינחס מנחם פרקל</Name></DirectoryEntry><DirectoryEntry><Name>פנחס אביגדור פרקל</Name><Telephone>077-2401770</Telephone></DirectoryEntry><DirectoryEntry><Name>פנחס יעקב פרקל</Name><Telephone>055 6722268</Telephone></DirectoryEntry><DirectoryEntry><Name>פינחס מנחם פשדנובק</Name></DirectoryEntry><DirectoryEntry><Name>פינחס מנחם פשווזמאן</Name><Telephone>055 6728478</Telephone></DirectoryEntry><DirectoryEntry><Name>פנחס מנחם פשיגורסקי</Name><Telephone>055 6760069</Telephone></DirectoryEntry><DirectoryEntry><Name>פנחס מנחם פשיגורסקי</Name><Telephone>052 7104115</Telephone><Telephone>055-6733739</Telephone></DirectoryEntry><DirectoryEntry><Name>פינחס יונה פשיטיק</Name></DirectoryEntry><DirectoryEntry><Name>פינחס מנחם ציטרנבוים</Name><Telephone>053 3170811</Telephone><Telephone>053-3137450</Telephone></DirectoryEntry><DirectoryEntry><Name>פינחס מנחם ציטרנבוים</Name><Telephone>053-3144680</Telephone></DirectoryEntry><DirectoryEntry><Name>פנחס אריה ציטרנבוים</Name></DirectoryEntry><DirectoryEntry><Name>פינחס מנחם ציינוירט</Name><Telephone>053 3190800</Telephone></DirectoryEntry><DirectoryEntry><Name>פינחס צימרמן</Name><Telephone>03 5787640</Telephone></DirectoryEntry><DirectoryEntry><Name>פנחס מנחם צימרמן</Name><Telephone>053 3173043</Telephone></DirectoryEntry><DirectoryEntry><Name>פינחס מנחם צישינסקי</Name><Telephone>058 3232291</Telephone><Telephone>052-7643757</Telephone></DirectoryEntry><DirectoryEntry><Name>פנחס גד צישינסקי</Name></DirectoryEntry><DirectoryEntry><Name>פנחס מנחם צישינסקי</Name><Telephone>055 6752695</Telephone></DirectoryEntry><DirectoryEntry><Name>פנחס מנחם צישינסקי</Name><Telephone>055 6788174</Telephone></DirectoryEntry><DirectoryEntry><Name>פנחס מנחם צישינסקי</Name><Telephone>053 3151004</Telephone><Telephone>052-7643900</Telephone></DirectoryEntry><DirectoryEntry><Name>פנחס מנחם צישינסקי</Name><Telephone>055 6788463</Telephone><Telephone>053-3104688</Telephone></DirectoryEntry><DirectoryEntry><Name>פרומה קוביציק</Name><Telephone>02-5381410</Telephone><Telephone>050-4111197</Telephone></DirectoryEntry><DirectoryEntry><Name>פנחס קוז'יץ</Name><Telephone>053 3111064</Telephone></DirectoryEntry><DirectoryEntry><Name>פנחס מנחם קוז'יץ</Name><Telephone>08 8023040</Telephone><Telephone>052-7659646</Telephone></DirectoryEntry><DirectoryEntry><Name>פינחס קוזלובסקי</Name></DirectoryEntry><DirectoryEntry><Name>פינחס מנחם קוזלובסקי</Name></DirectoryEntry><DirectoryEntry><Name>פנחס מנחם קוזלובסקי</Name><Telephone>058-3244150</Telephone></DirectoryEntry><DirectoryEntry><Name>פנחס מנחם קוזלובסקי</Name></DirectoryEntry><DirectoryEntry><Name>פנחס קוזליק</Name><Telephone>058-3207876</Telephone></DirectoryEntry><DirectoryEntry><Name>פנחס מנחם קוזליק</Name><Telephone>052 7115787</Telephone></DirectoryEntry><DirectoryEntry><Name>פינחס קוזק</Name><Telephone>053-3121333</Telephone></DirectoryEntry><DirectoryEntry><Name>פינחס מנחם קוזק</Name><Telephone>055-6705227</Telephone></DirectoryEntry><DirectoryEntry><Name>פנחס קונופניצקי</Name></DirectoryEntry><DirectoryEntry><Name>פנחס מנחם קונופניצקי</Name><Telephone>03-5790401</Telephone><Telephone>052-7616115</Telephone></DirectoryEntry><DirectoryEntry><Name>פנחס מנחם קונופניצקי</Name><Telephone>055 6773047</Telephone></DirectoryEntry><DirectoryEntry><Name>פנחס מנחם קונסקי</Name><Telephone>052 7607743</Telephone></DirectoryEntry><DirectoryEntry><Name>פנחס מנחם קונסקי</Name><Telephone>054 8503845</Telephone></DirectoryEntry><DirectoryEntry><Name>פנחס מנחם קונסקי</Name></DirectoryEntry><DirectoryEntry><Name>פנחס מנחם קופולוביץ</Name></DirectoryEntry><DirectoryEntry><Name>פנחס מנחם זיידל קופילוביץ</Name><Telephone>02 5099655</Telephone><Telephone>053-4166497</Telephone></DirectoryEntry><DirectoryEntry><Name>פנחס קופל</Name><Telephone>02 8000081</Telephone></DirectoryEntry><DirectoryEntry><Name>פנחס קופלמן</Name><Telephone>08-8594958</Telephone></DirectoryEntry><DirectoryEntry><Name>פינחס מנחם קופמן</Name><Telephone>055 6789199</Telephone></DirectoryEntry><DirectoryEntry><Name>פנחס מנחם קופמן</Name></DirectoryEntry><DirectoryEntry><Name>פנחס מנחם קופמן</Name></DirectoryEntry><DirectoryEntry><Name>פנחס מנחם קופרברג</Name></DirectoryEntry><DirectoryEntry><Name>פנחס שלמה קופרברג</Name><Telephone>03-6190044</Telephone></DirectoryEntry><DirectoryEntry><Name>פנחס מנחם קופרמן</Name></DirectoryEntry><DirectoryEntry><Name>פנחס מנחם קורנגוט</Name></DirectoryEntry><DirectoryEntry><Name>פנחס מנחם קורנגוט</Name><Telephone>055 6769121</Telephone></DirectoryEntry><DirectoryEntry><Name>פסח פנחס קורנדרקסלר</Name><Telephone>054 8515112</Telephone></DirectoryEntry><DirectoryEntry><Name>פנחס אליהו קורניק</Name><Telephone>02-5021131</Telephone><Telephone>053-3156891</Telephone></DirectoryEntry><DirectoryEntry><Name>פנחס מנחם קורניק</Name><Telephone>058 3287766</Telephone><Telephone>055-6798011</Telephone></DirectoryEntry><DirectoryEntry><Name>פנחס מנחם קורניק</Name><Telephone>08 8033078</Telephone><Telephone>054-8574556</Telephone></DirectoryEntry><DirectoryEntry><Name>פנחס מנחם קורניק</Name></DirectoryEntry><DirectoryEntry><Name>פנחס קורנפלד</Name><Telephone>02-5370035</Telephone><Telephone>052-7617290</Telephone></DirectoryEntry><DirectoryEntry><Name>פנחס אליעזר קורנפלד</Name><Telephone>08-8557911</Telephone><Telephone>052-7613434</Telephone></DirectoryEntry><DirectoryEntry><Name>פנחס מיכל קורנפלד</Name><Telephone>08-8679029</Telephone></DirectoryEntry><DirectoryEntry><Name>פנחס מנחם קורנפלד</Name><Telephone>053 3179021</Telephone><Telephone>054-8528967</Telephone></DirectoryEntry><DirectoryEntry><Name>פנחס שמחה קורנפלד</Name><Telephone>03-5791704</Telephone><Telephone>052-7632248</Telephone></DirectoryEntry><DirectoryEntry><Name>פינחס אלעזר קושמרסקי</Name><Telephone>055 6709148</Telephone></DirectoryEntry><DirectoryEntry><Name>פינחס מנחם קושמרסקי</Name></DirectoryEntry><DirectoryEntry><Name>פנחס מנחם קיבל</Name><Telephone>052 7650274</Telephone><Telephone>054-8507397</Telephone></DirectoryEntry><DirectoryEntry><Name>פנחס מנחם קיבל</Name><Telephone>054 8412124</Telephone></DirectoryEntry><DirectoryEntry><Name>פינחס מנחם קיין</Name><Telephone>053 31637453</Telephone><Telephone>053-4171908</Telephone></DirectoryEntry><DirectoryEntry><Name>פינחס משה קילשטיין</Name><Telephone>053-4142361</Telephone></DirectoryEntry><DirectoryEntry><Name>פנחס טוביה קילשטיין</Name><Telephone>02-5372454</Telephone></DirectoryEntry><DirectoryEntry><Name>פנחס מנחם קימל</Name><Telephone>054 8401893</Telephone></DirectoryEntry><DirectoryEntry><Name>פנחס מנחם קימלמן</Name></DirectoryEntry><DirectoryEntry><Name>פנחס מנחם קירשנפלד</Name><Telephone>055 6765166</Telephone></DirectoryEntry><DirectoryEntry><Name>פנחס קלוגמן</Name><Telephone>02 6274950</Telephone></DirectoryEntry><DirectoryEntry><Name>פינחס מנחם קלופמן</Name><Telephone>08 8046010</Telephone><Telephone>053-4188144</Telephone></DirectoryEntry><DirectoryEntry><Name>פינחס קליין</Name><Telephone>055-6782601</Telephone></DirectoryEntry><DirectoryEntry><Name>פינחס מנחם קליין</Name></DirectoryEntry><DirectoryEntry><Name>פינחס מנחם קליין</Name><Telephone>052 7686440</Telephone></DirectoryEntry><DirectoryEntry><Name>פנחס מנחם קליין</Name></DirectoryEntry><DirectoryEntry><Name>פנחס מנחם קליין</Name></DirectoryEntry><DirectoryEntry><Name>פנחס מנחם קליינלרר</Name></DirectoryEntry><DirectoryEntry><Name>פסיה קליינמן</Name><Telephone>02-5380873</Telephone></DirectoryEntry><DirectoryEntry><Name>פינחס קליקשטיין</Name><Telephone>058 3286472</Telephone></DirectoryEntry><DirectoryEntry><Name>פנחס אליעזר קליקשטיין</Name><Telephone>02-5328285</Telephone><Telephone>050-4175285</Telephone></DirectoryEntry><DirectoryEntry><Name>פנחס מנחם קליקשטיין</Name></DirectoryEntry><DirectoryEntry><Name>פנחס קלמרסקי</Name><Telephone>03-6187826</Telephone></DirectoryEntry><DirectoryEntry><Name>פנינה קלמרסקי</Name><Telephone>03-6182221</Telephone></DirectoryEntry><DirectoryEntry><Name>פנחס אליעזר קלפהולץ</Name><Telephone>02-9952730</Telephone></DirectoryEntry><DirectoryEntry><Name>פנחס מנחם קמיונקה</Name></DirectoryEntry><DirectoryEntry><Name>פינחס מנחם קמינר</Name><Telephone>08 8012661</Telephone><Telephone>058-3242661</Telephone></DirectoryEntry><DirectoryEntry><Name>פנחס קמינר</Name><Telephone>052 7194100</Telephone></DirectoryEntry><DirectoryEntry><Name>פנחס מנחם קמינר</Name></DirectoryEntry><DirectoryEntry><Name>פנחס מנחם קמינר</Name><Telephone>03-8012121</Telephone></DirectoryEntry><DirectoryEntry><Name>פנחס מנחם קמינר</Name><Telephone>0527677253</Telephone><Telephone>0504166147</Telephone></DirectoryEntry><DirectoryEntry><Name>פינחס קמפינסקי</Name></DirectoryEntry><DirectoryEntry><Name>פנחס מנחם קמפינסקי</Name><Telephone>02-9952671</Telephone></DirectoryEntry><DirectoryEntry><Name>פינחס מנחם קנובלוביץ</Name><Telephone>054 8444993</Telephone><Telephone>053-3188303</Telephone></DirectoryEntry><DirectoryEntry><Name>פינחס מנחם קנובלוביץ</Name><Telephone>055 6729740</Telephone></DirectoryEntry><DirectoryEntry><Name>פייבוש קנול</Name><Telephone>03-5243206</Telephone></DirectoryEntry><DirectoryEntry><Name>פנחס מנחם קנופף</Name></DirectoryEntry><DirectoryEntry><Name>פנחס מנחם קניג</Name></DirectoryEntry><DirectoryEntry><Name>פנחס מנחם קנפלמכר</Name><Telephone>055 6734199</Telephone></DirectoryEntry><DirectoryEntry><Name>פנחס מנחם קנפלמכר</Name></DirectoryEntry><DirectoryEntry><Name>פסח צבי קסירר</Name><Telephone>03-5794019</Telephone><Telephone>052-7154372</Telephone></DirectoryEntry><DirectoryEntry><Name>פינחס קפלושניק</Name><Telephone>050 4116622</Telephone></DirectoryEntry><DirectoryEntry><Name>פנחס קפלושניק</Name><Telephone>053-3171237</Telephone></DirectoryEntry><DirectoryEntry><Name>פנחס מנחם קפלר</Name><Telephone>055-6738509</Telephone></DirectoryEntry><DirectoryEntry><Name>פנחס מנחם קפלר</Name></DirectoryEntry><DirectoryEntry><Name>פנחס מנחם קרויזר</Name><Telephone>055 6750508</Telephone></DirectoryEntry><DirectoryEntry><Name>פנחס מנחם קרויזר</Name><Telephone>053-3109076</Telephone></DirectoryEntry><DirectoryEntry><Name>פנחס מנחם קרול</Name><Telephone>053 4165489</Telephone></DirectoryEntry><DirectoryEntry><Name>פנחס מנחם קרול</Name></DirectoryEntry><DirectoryEntry><Name>פינחס מנחם קריגר</Name><Telephone>050 4166687</Telephone></DirectoryEntry><DirectoryEntry><Name>פנחס מנחם קריגר</Name><Telephone>052-7602323</Telephone></DirectoryEntry><DirectoryEntry><Name>פנחס מנחם קרישיק</Name></DirectoryEntry><DirectoryEntry><Name>פינחס מנחם קרמינר</Name></DirectoryEntry><DirectoryEntry><Name>פינחס קרנבייסר</Name><Telephone>055 6728841</Telephone><Telephone>053-3179057</Telephone></DirectoryEntry><DirectoryEntry><Name>פנחס מנחם קרנבייסר</Name></DirectoryEntry><DirectoryEntry><Name>פנחס מנחם ראדז'יק</Name><Telephone>054 8579629</Telephone></DirectoryEntry><DirectoryEntry><Name>פינחס מנחם ראנד</Name><Telephone>058-3209796</Telephone></DirectoryEntry><DirectoryEntry><Name>פינחס מנחם ראנד</Name><Telephone>052 7664732</Telephone></DirectoryEntry><DirectoryEntry><Name>פנחס רבינוביץ</Name><Telephone>08-8648625</Telephone></DirectoryEntry><DirectoryEntry><Name>פנחס מנחם רבינוביץ</Name><Telephone>0548-463470</Telephone><Telephone>05276-00663</Telephone></DirectoryEntry><DirectoryEntry><Name>פנחס מנחם רדז'מינסקי</Name><Telephone>054 8509616</Telephone></DirectoryEntry><DirectoryEntry><Name>פינחס מנחם רובינפלד</Name></DirectoryEntry><DirectoryEntry><Name>פנחס רובינפלד</Name><Telephone>08-8005002</Telephone><Telephone>058-3211102</Telephone></DirectoryEntry><DirectoryEntry><Name>פנחס מנחם רובינפלד</Name></DirectoryEntry><DirectoryEntry><Name>פינחס מנחם רובינשטיין</Name><Telephone>053 3150476</Telephone><Telephone>054-8528618</Telephone></DirectoryEntry><DirectoryEntry><Name>פינחס מנחם רובינשטיין</Name><Telephone>053 3172159</Telephone></DirectoryEntry><DirectoryEntry><Name>פינחס מנחם רובינשטיין</Name><Telephone>055 6708585</Telephone></DirectoryEntry><DirectoryEntry><Name>פנחס מנחם רובינשטיין</Name><Telephone>055 6733040</Telephone></DirectoryEntry><DirectoryEntry><Name>פנחס מנחם רובינשטיין</Name></DirectoryEntry><DirectoryEntry><Name>פנחס מנחם אלתר רובינשטיין</Name></DirectoryEntry><DirectoryEntry><Name>פנחס מנחם רוזן</Name></DirectoryEntry><DirectoryEntry><Name>פינחס מנחם רוזנבוים</Name><Telephone>052-7105105</Telephone></DirectoryEntry><DirectoryEntry><Name>פנחס מנחם רוזנבוים</Name><Telephone>053 3131492</Telephone></DirectoryEntry><DirectoryEntry><Name>פנחס מנחם רוזנבוים</Name></DirectoryEntry><DirectoryEntry><Name>פנחס מנחם רוזנבוים</Name></DirectoryEntry><DirectoryEntry><Name>פנחס מנחם רוזנברג</Name></DirectoryEntry><DirectoryEntry><Name>פנחס אליהו רוזנברגר</Name></DirectoryEntry><DirectoryEntry><Name>פרידה רוזנברגר</Name><Telephone>03-5702983</Telephone><Telephone>053-3134612</Telephone></DirectoryEntry><DirectoryEntry><Name>פנחס רוזנווסר</Name><Telephone>04-8678874</Telephone><Telephone>053-3116100</Telephone></DirectoryEntry><DirectoryEntry><Name>פנחס מנחם מנדל רוזנווסר</Name><Telephone>054 8558225</Telephone></DirectoryEntry><DirectoryEntry><Name>פנחס צבי רוזנווסר</Name><Telephone>055 6724950</Telephone></DirectoryEntry><DirectoryEntry><Name>פרץ נחמן רוזנווסר</Name><Telephone>02-5374230</Telephone><Telephone>052-7190173</Telephone></DirectoryEntry><DirectoryEntry><Name>פנחס רוזנטל</Name><Telephone>03-5704904</Telephone><Telephone>050-4199519</Telephone></DirectoryEntry><DirectoryEntry><Name>פנחס מנחם רוזנטל</Name><Telephone>08-8040808</Telephone><Telephone>054-8407034</Telephone></DirectoryEntry><DirectoryEntry><Name>פנחס מנחם רוזנטל</Name><Telephone>053 3185018</Telephone></DirectoryEntry><DirectoryEntry><Name>פנינה בלהה רוזנטל</Name><Telephone>03-6779289</Telephone><Telephone>050-4120742</Telephone></DirectoryEntry><DirectoryEntry><Name>פנחס חנוך רוזנפלד</Name><Telephone>053 3140447</Telephone></DirectoryEntry><DirectoryEntry><Name>פנחס מנחם רוזנפלד</Name></DirectoryEntry><DirectoryEntry><Name>פנחס מנחם רוזנפלד</Name></DirectoryEntry><DirectoryEntry><Name>פנחס מנחם רוזנפלד</Name><Telephone>050 4165527</Telephone><Telephone>053-3197065</Telephone></DirectoryEntry><DirectoryEntry><Name>פרידא רוזנפלד</Name><Telephone>03-6187762</Telephone></DirectoryEntry><DirectoryEntry><Name>פנחס מנחם רוזנצווייג</Name><Telephone>058 3243167</Telephone></DirectoryEntry><DirectoryEntry><Name>פוריה רוזנשטרוך</Name><Telephone>02-5323277</Telephone><Telephone>053-3199300</Telephone></DirectoryEntry><DirectoryEntry><Name>פנחס אלעזר רוזנשטרוך</Name><Telephone>053 4169170</Telephone></DirectoryEntry><DirectoryEntry><Name>פנחס זעליג רוזנשטרוך</Name><Telephone>02-5810522</Telephone></DirectoryEntry><DirectoryEntry><Name>פנחס מנחם רוזנשטרוך</Name><Telephone>055 6720377</Telephone><Telephone>053-4168785</Telephone></DirectoryEntry><DirectoryEntry><Name>פנחס מנחם רוט</Name><Telephone>053-3151817</Telephone></DirectoryEntry><DirectoryEntry><Name>פנחס מנחם רוטה</Name></DirectoryEntry><DirectoryEntry><Name>פינחס מנחם רוטנברג</Name><Telephone>055 6794744</Telephone></DirectoryEntry><DirectoryEntry><Name>פנחס אליהו רוטנברג</Name><Telephone>03-6169520</Telephone></DirectoryEntry><DirectoryEntry><Name>פנחס אליהו רוטנברג</Name><Telephone>02-5023155</Telephone><Telephone>052-7696156</Telephone></DirectoryEntry><DirectoryEntry><Name>פנחס מנחם רוטנברג</Name><Telephone>053 3186499</Telephone><Telephone>055-6756497</Telephone></DirectoryEntry><DirectoryEntry><Name>פנחס מנחם רוטנברג</Name><Telephone>055 6786008</Telephone></DirectoryEntry><DirectoryEntry><Name>פנחס מנחם רוטנברג</Name><Telephone>058 3291237</Telephone></DirectoryEntry><DirectoryEntry><Name>פנחס מנחם רוטנברג</Name></DirectoryEntry><DirectoryEntry><Name>פנחס מנחם רוטנשטיין</Name></DirectoryEntry><DirectoryEntry><Name>פנחס רוטרמן</Name><Telephone>03-5795159</Telephone></DirectoryEntry><DirectoryEntry><Name>פינחס מנחם רוטשטיין</Name><Telephone>053 4113613</Telephone><Telephone>050-4171262</Telephone></DirectoryEntry><DirectoryEntry><Name>פנחס רוטשטיין</Name><Telephone>02-5712947</Telephone></DirectoryEntry><DirectoryEntry><Name>פנחס מנחם רוטשטיין</Name><Telephone>053 3159027</Telephone></DirectoryEntry><DirectoryEntry><Name>פנחס צבי רוטשילד</Name><Telephone>04-8626799</Telephone><Telephone>053-3119101</Telephone></DirectoryEntry><DirectoryEntry><Name>פינחס מנחם רויד</Name><Telephone>053-3120635</Telephone></DirectoryEntry><DirectoryEntry><Name>פינחס מנחם רוסאק</Name><Telephone>058 3252704</Telephone><Telephone>058-3252703</Telephone></DirectoryEntry><DirectoryEntry><Name>פנחס רוסט</Name><Telephone>052 7100550</Telephone></DirectoryEntry><DirectoryEntry><Name>פנחס מנחם רוסט</Name></DirectoryEntry><DirectoryEntry><Name>פנחס צבי רוסט</Name><Telephone>02-9923028</Telephone><Telephone>05276-59580</Telephone></DirectoryEntry><DirectoryEntry><Name>פנחס מנחם רושגולד</Name></DirectoryEntry><DirectoryEntry><Name>פנחס מנחם רייז</Name><Telephone>03-5793442</Telephone></DirectoryEntry><DirectoryEntry><Name>פנחס רייך</Name></DirectoryEntry><DirectoryEntry><Name>פנחס מנחם רייס</Name><Telephone>053 3151000</Telephone></DirectoryEntry><DirectoryEntry><Name>פנחס מנחם רייס</Name><Telephone>053 3144969</Telephone></DirectoryEntry><DirectoryEntry><Name>פנחס מנחם רייס</Name></DirectoryEntry><DirectoryEntry><Name>פנחס מנחם רייפין</Name></DirectoryEntry><DirectoryEntry><Name>פנחס מנחם רייפין</Name></DirectoryEntry><DirectoryEntry><Name>פנחס רכניצר</Name><Telephone>04-6935050</Telephone><Telephone>052-7676109</Telephone></DirectoryEntry><DirectoryEntry><Name>פנחס רפלוביץ</Name></DirectoryEntry><DirectoryEntry><Name>פנחס רפלוביץ</Name><Telephone>055-6765321</Telephone></DirectoryEntry><DirectoryEntry><Name>פנחס אהרן רפלוביץ</Name><Telephone>08 8679989</Telephone></DirectoryEntry><DirectoryEntry><Name>פנחס מנחם שארפהארץ</Name><Telephone>050 4149383</Telephone></DirectoryEntry><DirectoryEntry><Name>פנחס מנחם שארפהרץ</Name><Telephone>08 9972106</Telephone></DirectoryEntry><DirectoryEntry><Name>פינחס מנחם שוורץ</Name><Telephone>053-3139337</Telephone></DirectoryEntry><DirectoryEntry><Name>פלטיאל שוורץ</Name><Telephone>077-3399234</Telephone><Telephone>052-7679237</Telephone></DirectoryEntry><DirectoryEntry><Name>פנחס מנחם שוורץ</Name><Telephone>058 3279601</Telephone></DirectoryEntry><DirectoryEntry><Name>פנחס מנחם שוורץ</Name><Telephone>058 3264367</Telephone></DirectoryEntry><DirectoryEntry><Name>פנחס מנחם שוורץ</Name></DirectoryEntry><DirectoryEntry><Name>פסיה שוורץ (אנג'ל)</Name><Telephone>077-3400120</Telephone></DirectoryEntry><DirectoryEntry><Name>פינחס יעקב שוירץ</Name><Telephone>058 3230958</Telephone></DirectoryEntry><DirectoryEntry><Name>פינחס מנחם שוירץ</Name><Telephone>058 3245961</Telephone><Telephone>058-3245965</Telephone></DirectoryEntry><DirectoryEntry><Name>פינחס מנחם שוירץ</Name><Telephone>058 3266599</Telephone></DirectoryEntry><DirectoryEntry><Name>פינחס מנחם שוירץ</Name></DirectoryEntry><DirectoryEntry><Name>פנחס שוירץ</Name></DirectoryEntry><DirectoryEntry><Name>פנחס מנחם שוירץ</Name><Telephone>02 5660309</Telephone></DirectoryEntry><DirectoryEntry><Name>פנחס מנחם שוירץ</Name></DirectoryEntry><DirectoryEntry><Name>פנחס מנחם שוירץ</Name><Telephone>058 3290803</Telephone></DirectoryEntry><DirectoryEntry><Name>פנחס מנחם שוירץ</Name><Telephone>053 4175175</Telephone></DirectoryEntry><DirectoryEntry><Name>פנחס מנחם שוירץ</Name></DirectoryEntry><DirectoryEntry><Name>פערל שוירץ</Name></DirectoryEntry><DirectoryEntry><Name>פנחס מנחם שחורי</Name><Telephone>02 8000321</Telephone></DirectoryEntry><DirectoryEntry><Name>פנחס שטול</Name><Telephone>08-9979613</Telephone><Telephone>053-3177634</Telephone></DirectoryEntry><DirectoryEntry><Name>פינחס מנחם שטיינברג</Name><Telephone>08 8001285</Telephone><Telephone>053-3177539</Telephone></DirectoryEntry><DirectoryEntry><Name>פנחס מנחם שטיינר</Name></DirectoryEntry><DirectoryEntry><Name>פנינה שטיינר</Name></DirectoryEntry><DirectoryEntry><Name>פנחס מנחם שטינמץ</Name><Telephone>053-3138402</Telephone></DirectoryEntry><DirectoryEntry><Name>פנחס מנחם שטיפנהולץ</Name></DirectoryEntry><DirectoryEntry><Name>פנחס שטלברג</Name><Telephone>055 6744090</Telephone></DirectoryEntry><DirectoryEntry><Name>פנחס מנחם שטרויסברג</Name></DirectoryEntry><DirectoryEntry><Name>פנחס שטרן</Name><Telephone>03 9076977</Telephone><Telephone>050-4169945</Telephone></DirectoryEntry><DirectoryEntry><Name>פנחס בנימין מנחם שטרן</Name><Telephone>053 3191300</Telephone><Telephone>054-8460420</Telephone></DirectoryEntry><DirectoryEntry><Name>פנחס מנחם שטרן</Name></DirectoryEntry><DirectoryEntry><Name>פנחס שטרקמן</Name></DirectoryEntry><DirectoryEntry><Name>פנחס שידלובסקי</Name><Telephone>053 3106601</Telephone></DirectoryEntry><DirectoryEntry><Name>פינחס מנחם שיינפלד</Name><Telephone>058 3206134</Telephone><Telephone>058-3228134</Telephone></DirectoryEntry><DirectoryEntry><Name>פנחס מנחם שיינפלד</Name></DirectoryEntry><DirectoryEntry><Name>פנחס מנחם שיינר</Name><Telephone>053 3187197</Telephone></DirectoryEntry><DirectoryEntry><Name>פרידה עליזה שיינר</Name><Telephone>03-6193848</Telephone><Telephone>054-4655805</Telephone></DirectoryEntry><DirectoryEntry><Name>פינחס מנחם שיליץ</Name></DirectoryEntry><DirectoryEntry><Name>פינחס מנחם שימון</Name><Telephone>053 4186185</Telephone><Telephone>055-6742762</Telephone></DirectoryEntry><DirectoryEntry><Name>פנחס מנחם שימון</Name><Telephone>055 6761500</Telephone></DirectoryEntry><DirectoryEntry><Name>פינחס מנחם שיף</Name><Telephone>053 4151355</Telephone></DirectoryEntry><DirectoryEntry><Name>פנחס מנחם שיקמן</Name></DirectoryEntry><DirectoryEntry><Name>פינחס מנחם שכטר</Name><Telephone>055 6726071</Telephone></DirectoryEntry><DirectoryEntry><Name>פנחס מנחם שכטר</Name></DirectoryEntry><DirectoryEntry><Name>פנחס שלסר</Name><Telephone>053 3160974</Telephone></DirectoryEntry><DirectoryEntry><Name>פנחס מנחם שמחה</Name><Telephone>050 4150080</Telephone></DirectoryEntry><DirectoryEntry><Name>פנחס מנחם שנור</Name><Telephone>052 7101172</Telephone></DirectoryEntry><DirectoryEntry><Name>פינחס מנחם שניידר</Name><Telephone>058 3248667</Telephone></DirectoryEntry><DirectoryEntry><Name>פנחס מאיר שניידר</Name></DirectoryEntry><DirectoryEntry><Name>פינחס מנחם שפורן</Name><Telephone>055 6769022</Telephone></DirectoryEntry><DirectoryEntry><Name>פנחס מנחם שפורן</Name><Telephone>02 8031313</Telephone><Telephone>050-4100643</Telephone></DirectoryEntry><DirectoryEntry><Name>פינחס מנחם שפיץ</Name><Telephone>054 8507062</Telephone></DirectoryEntry><DirectoryEntry><Name>פינחס מנחם שפירא</Name><Telephone>08 8028181</Telephone><Telephone>058-3210979</Telephone></DirectoryEntry><DirectoryEntry><Name>פינחס מנחם שפירא</Name><Telephone>055 6776558</Telephone></DirectoryEntry><DirectoryEntry><Name>פינחס מנחם שפירא</Name></DirectoryEntry><DirectoryEntry><Name>פינחס מנחם שפירא</Name><Telephone>058-3291572</Telephone></DirectoryEntry><DirectoryEntry><Name>פנחס שפירא</Name><Telephone>03-5463712</Telephone><Telephone>054-4203034</Telephone></DirectoryEntry><DirectoryEntry><Name>פנחס מנחם שפירא</Name><Telephone>053-3190062</Telephone></DirectoryEntry><DirectoryEntry><Name>פנחס מנחם שפירא</Name><Telephone>053 3121418</Telephone></DirectoryEntry><DirectoryEntry><Name>פנחס מנחם שפירא</Name><Telephone>055 6775727</Telephone><Telephone>055-6783844</Telephone></DirectoryEntry><DirectoryEntry><Name>פנחס מנחם שפרן</Name></DirectoryEntry><DirectoryEntry><Name>פנחס מנחם שפרנוביץ</Name><Telephone>053 3103421</Telephone><Telephone>052-7689814</Telephone></DirectoryEntry><DirectoryEntry><Name>פנחס מנחם שרון</Name></DirectoryEntry><DirectoryEntry><Name>פנחס מנחם שרייבהנד</Name></DirectoryEntry><DirectoryEntry><Name>פנחס שרייבר</Name><Telephone>053-4163893</Telephone></DirectoryEntry><DirectoryEntry><Name>פנחס מנחם שרייבר</Name></DirectoryEntry><DirectoryEntry><Name>פנחס מנחם שרייבר</Name></DirectoryEntry></YealinkIPPhoneDirectory>