<?xml version='1.0' encoding='utf-8'?>
<YealinkIPPhoneDirectory><DirectoryEntry><Name>צביה זיסל אברמסון</Name><Telephone>03-6475535</Telephone><Telephone>052-7641524</Telephone></DirectoryEntry><DirectoryEntry><Name>צבי יצחק אדלר</Name><Telephone>053-4123669</Telephone></DirectoryEntry><DirectoryEntry><Name>ציפורה אדלר</Name><Telephone>03-6189917</Telephone><Telephone>053-3171010</Telephone></DirectoryEntry><DirectoryEntry><Name>צבי יעקב אויש</Name></DirectoryEntry><DirectoryEntry><Name>צביה אייגר</Name><Telephone>03-5703915</Telephone></DirectoryEntry><DirectoryEntry><Name>צבי איידלס</Name><Telephone>08-8556253</Telephone></DirectoryEntry><DirectoryEntry><Name>צילה איינפלד</Name><Telephone>03-6194511</Telephone><Telephone>052-3895810</Telephone></DirectoryEntry><DirectoryEntry><Name>צבי זאב אירנשטיין</Name><Telephone>03-6191805</Telephone></DirectoryEntry><DirectoryEntry><Name>צבי יוסף אירנשטיין</Name><Telephone>02-9917316</Telephone><Telephone>052-7659917</Telephone></DirectoryEntry><DirectoryEntry><Name>צפורה אלתר</Name><Telephone>02-5381534</Telephone></DirectoryEntry><DirectoryEntry><Name>צבי יוסף באטוס</Name><Telephone>03-5780084</Telephone><Telephone>053-3157808</Telephone></DirectoryEntry><DirectoryEntry><Name>צבי יהודה לייב בבציק</Name><Telephone>055 6733644</Telephone></DirectoryEntry><DirectoryEntry><Name>צבי בהגן</Name><Telephone>02-5869136</Telephone></DirectoryEntry><DirectoryEntry><Name>צבי בוים</Name><Telephone>053-3146550</Telephone></DirectoryEntry><DirectoryEntry><Name>צבי מרדכי בוים</Name><Telephone>03-5700161</Telephone><Telephone>053-3195540</Telephone></DirectoryEntry><DirectoryEntry><Name>צבי משה בורז'יקובסקי</Name><Telephone>053-3191962</Telephone></DirectoryEntry><DirectoryEntry><Name>צבי חנוך בורנשטיין</Name><Telephone>02-9910080</Telephone><Telephone>052-7645264</Telephone></DirectoryEntry><DirectoryEntry><Name>צבי יעקב בורנשטיין</Name><Telephone>04-6800135</Telephone><Telephone>052-7642133</Telephone></DirectoryEntry><DirectoryEntry><Name>צבי פרץ ביאלסטוצקי</Name><Telephone>03-5703227</Telephone><Telephone>053-3156146</Telephone></DirectoryEntry><DirectoryEntry><Name>צבי בירנהאק</Name></DirectoryEntry><DirectoryEntry><Name>צבי חיים בלום</Name><Telephone>08-9491613</Telephone></DirectoryEntry><DirectoryEntry><Name>צבי אבא בליז'ינסקי</Name><Telephone>055 6729697</Telephone></DirectoryEntry><DirectoryEntry><Name>צבי הערש בלעך</Name><Telephone>08-9957118</Telephone><Telephone>053-3157118</Telephone></DirectoryEntry><DirectoryEntry><Name>צבי דב ברגמן</Name><Telephone>04-6935885</Telephone><Telephone>052-7612725</Telephone></DirectoryEntry><DirectoryEntry><Name>צבי אליהו יהודה ברודבקר</Name><Telephone>03-5700572</Telephone><Telephone>054-8494440</Telephone></DirectoryEntry><DirectoryEntry><Name>צבי מאיר ברוינר</Name><Telephone>03-6198901</Telephone><Telephone>054-8597990</Telephone></DirectoryEntry><DirectoryEntry><Name>צבי ברון</Name><Telephone>03-5700017</Telephone><Telephone>050-4121124</Telephone></DirectoryEntry><DirectoryEntry><Name>צבי מרדכי בריסטובסקי</Name><Telephone>02-9992561</Telephone><Telephone>052-7672520</Telephone></DirectoryEntry><DirectoryEntry><Name>צפורה בריקמן</Name><Telephone>08-9412287</Telephone><Telephone>052-7612237</Telephone></DirectoryEntry><DirectoryEntry><Name>צבי ברסלר</Name><Telephone>03-9337588</Telephone><Telephone>054-8464933</Telephone></DirectoryEntry><DirectoryEntry><Name>צבי חנוך גוטליב</Name><Telephone>08-8042121</Telephone></DirectoryEntry><DirectoryEntry><Name>צבי חיים יעקב גולד</Name><Telephone>04-6931816</Telephone><Telephone>054-8481816</Telephone></DirectoryEntry><DirectoryEntry><Name>צבי יוסף גולדברג</Name><Telephone>08-8046080</Telephone><Telephone>052-7633307</Telephone></DirectoryEntry><DirectoryEntry><Name>צבי מאיר גולדפריינד</Name><Telephone>03-5782471</Telephone><Telephone>050-4128327</Telephone></DirectoryEntry><DirectoryEntry><Name>צבי מאיר גולדקנופף</Name><Telephone>03-5709506</Telephone><Telephone>050-4113113</Telephone></DirectoryEntry><DirectoryEntry><Name>צבי טוביה גולדרינג</Name><Telephone>08-8650424</Telephone></DirectoryEntry><DirectoryEntry><Name>צבי גולדשטיין</Name><Telephone>052-7606737</Telephone></DirectoryEntry><DirectoryEntry><Name>צבי גולומב</Name><Telephone>03-6194247</Telephone><Telephone>053-3110074</Telephone></DirectoryEntry><DirectoryEntry><Name>צבי גולומב</Name><Telephone>08-9410397</Telephone></DirectoryEntry><DirectoryEntry><Name>צבי אלימלך גיברשטיין</Name><Telephone>073-7854689</Telephone><Telephone>053-3138969</Telephone></DirectoryEntry><DirectoryEntry><Name>צבי מנשה גלברט</Name><Telephone>054 8422338</Telephone><Telephone>054-8513122</Telephone></DirectoryEntry><DirectoryEntry><Name>צבי מנשה גלברט</Name></DirectoryEntry><DirectoryEntry><Name>צבי מאיר גליקסברג</Name><Telephone>08-8657681</Telephone><Telephone>052-7181686</Telephone></DirectoryEntry><DirectoryEntry><Name>צבי יצחק גליקסון</Name><Telephone>08-8550779</Telephone><Telephone>053-3185507</Telephone></DirectoryEntry><DirectoryEntry><Name>צבי יצחק גליקסון</Name></DirectoryEntry><DirectoryEntry><Name>צבי נחמיה שמואל גרנביץ</Name><Telephone>03-5707402</Telephone><Telephone>052-7691244</Telephone></DirectoryEntry><DirectoryEntry><Name>צבי גרשטנקורן</Name></DirectoryEntry><DirectoryEntry><Name>צבי אשר גרשטנקורן</Name><Telephone>08-8035061</Telephone><Telephone>053-3158154</Telephone></DirectoryEntry><DirectoryEntry><Name>צבי דוידוביץ</Name><Telephone>02-9993745</Telephone></DirectoryEntry><DirectoryEntry><Name>צבי חיים דויטשר</Name><Telephone>04-8640757</Telephone><Telephone>053-3100510</Telephone></DirectoryEntry><DirectoryEntry><Name>צפורה דז'אלובסקי</Name><Telephone>03-5708346</Telephone></DirectoryEntry><DirectoryEntry><Name>צירה דניאלצ'יק</Name><Telephone>03-6092268</Telephone></DirectoryEntry><DirectoryEntry><Name>ציונה דריימן</Name><Telephone>02-5373460</Telephone></DirectoryEntry><DirectoryEntry><Name>צבי דרסלר</Name></DirectoryEntry><DirectoryEntry><Name>צבי משה הולצמן</Name><Telephone>04-8627877</Telephone><Telephone>050-4111427</Telephone></DirectoryEntry><DirectoryEntry><Name>ציפה הורוביץ</Name><Telephone>08-8528650</Telephone></DirectoryEntry><DirectoryEntry><Name>צבי יצחק הורן</Name><Telephone>03-8000129</Telephone></DirectoryEntry><DirectoryEntry><Name>צבי דוד היידה</Name><Telephone>02-9922630</Telephone><Telephone>053-3177788</Telephone></DirectoryEntry><DirectoryEntry><Name>צבי דוד היידה</Name><Telephone>03-5700929</Telephone><Telephone>052-7119954</Telephone></DirectoryEntry><DirectoryEntry><Name>צבי ברוך היינה</Name><Telephone>03-5700647</Telephone><Telephone>053-3157006</Telephone></DirectoryEntry><DirectoryEntry><Name>צבי אליעזר הילר</Name><Telephone>08-8033041</Telephone><Telephone>053-3115619</Telephone></DirectoryEntry><DirectoryEntry><Name>צבי המר</Name><Telephone>02-9990658</Telephone><Telephone>053-3165202</Telephone></DirectoryEntry><DirectoryEntry><Name>צפורה הרצוג</Name><Telephone>08-8641953</Telephone><Telephone>050-4101340</Telephone></DirectoryEntry><DirectoryEntry><Name>צבי אלימלך וידיסלבסקי</Name><Telephone>053-3124682</Telephone></DirectoryEntry><DirectoryEntry><Name>צבי אשר וידיסלבסקי</Name><Telephone>08-8043029</Telephone><Telephone>050-4147111</Telephone></DirectoryEntry><DirectoryEntry><Name>צבי וייטמן</Name><Telephone>08-8652245</Telephone><Telephone>053-3152245</Telephone></DirectoryEntry><DirectoryEntry><Name>צבי וייס</Name><Telephone>08-8594083</Telephone></DirectoryEntry><DirectoryEntry><Name>צפורה וילהלם</Name><Telephone>02-5869130</Telephone></DirectoryEntry><DirectoryEntry><Name>צדוק וינברג</Name><Telephone>08-9560336</Telephone></DirectoryEntry><DirectoryEntry><Name>צדוק מנחם וינברג</Name><Telephone>08-8641159</Telephone><Telephone>055-6786541</Telephone></DirectoryEntry><DirectoryEntry><Name>צבי אריה לייב וינגוט</Name><Telephone>03-6192693</Telephone><Telephone>058-3240023</Telephone></DirectoryEntry><DirectoryEntry><Name>צבי אהרן וינגורט</Name><Telephone>08-8039060</Telephone></DirectoryEntry><DirectoryEntry><Name>צבי אריה וינטרוב</Name><Telephone>03-6189285</Telephone><Telephone>052-7612551</Telephone></DirectoryEntry><DirectoryEntry><Name>צבי ויסברג</Name><Telephone>02-6500783</Telephone></DirectoryEntry><DirectoryEntry><Name>צבי מנשה ויצמן</Name></DirectoryEntry><DirectoryEntry><Name>צבי אשר וירניק</Name><Telephone>052-7178899</Telephone></DirectoryEntry><DirectoryEntry><Name>צבי וקסשטוק</Name><Telephone>08-8568524</Telephone></DirectoryEntry><DirectoryEntry><Name>צבי אפרים וקסשטוק</Name><Telephone>08-8667578</Telephone></DirectoryEntry><DirectoryEntry><Name>צבי משה וקסשטוק</Name></DirectoryEntry><DirectoryEntry><Name>צבי אליעזר זיידורף</Name><Telephone>08-6888851</Telephone><Telephone>052-7136095</Telephone></DirectoryEntry><DirectoryEntry><Name>צבי זילברברג</Name><Telephone>03-5708876</Telephone><Telephone>052-7147030</Telephone></DirectoryEntry><DirectoryEntry><Name>צבי מאיר זילברברג</Name><Telephone>04-8667912</Telephone><Telephone>053-3111491</Telephone></DirectoryEntry><DirectoryEntry><Name>צבי מאיר זילברברג</Name><Telephone>02-5387125</Telephone></DirectoryEntry><DirectoryEntry><Name>צבי מנחם זילברברג</Name><Telephone>052 7129887</Telephone></DirectoryEntry><DirectoryEntry><Name>צבי מנשה זילברשטיין</Name><Telephone>054-8597911</Telephone></DirectoryEntry><DirectoryEntry><Name>ציפורה זקון</Name><Telephone>03-5795011</Telephone></DirectoryEntry><DirectoryEntry><Name>צבי חלמיש</Name><Telephone>02-5802595</Telephone><Telephone>05331-32595</Telephone></DirectoryEntry><DirectoryEntry><Name>צבי זלמן חסיד</Name><Telephone>03-6160617</Telephone><Telephone>053-3113250</Telephone></DirectoryEntry><DirectoryEntry><Name>צביה חסיד</Name><Telephone>03-9311389</Telephone></DirectoryEntry><DirectoryEntry><Name>צבי חרש</Name><Telephone>03-6496739</Telephone><Telephone>054-8449928</Telephone></DirectoryEntry><DirectoryEntry><Name>צבי חיים טאוב</Name><Telephone>052-7112649</Telephone><Telephone>052-7114926</Telephone></DirectoryEntry><DirectoryEntry><Name>צבי אלימלך טבצ'ניק</Name><Telephone>053 3116604</Telephone></DirectoryEntry><DirectoryEntry><Name>צבי דב טוכובר</Name><Telephone>04-8640867</Telephone><Telephone>054-8443951</Telephone></DirectoryEntry><DirectoryEntry><Name>צבי הערש טייטל</Name><Telephone>03-5701043</Telephone><Telephone>054-8448199</Telephone></DirectoryEntry><DirectoryEntry><Name>צבי טלוביץ</Name><Telephone>04-8668482</Telephone><Telephone>053-3184470</Telephone></DirectoryEntry><DirectoryEntry><Name>צבי יצחק טלוביץ</Name><Telephone>05271-59643</Telephone></DirectoryEntry><DirectoryEntry><Name>צבי הערש אלעזר טנדובסקי</Name><Telephone>08-8559288</Telephone><Telephone>054-8405087</Telephone></DirectoryEntry><DirectoryEntry><Name>צבי טרויבע</Name><Telephone>02-9922093</Telephone></DirectoryEntry><DirectoryEntry><Name>צבי מאיר טרויבע</Name><Telephone>08-8000809</Telephone><Telephone>053-3134035</Telephone></DirectoryEntry><DirectoryEntry><Name>צבי מאיר טרויבע</Name></DirectoryEntry><DirectoryEntry><Name>צבי חיים עקיבא יוסקוביץ</Name></DirectoryEntry><DirectoryEntry><Name>צבי חנוך יוסקוביץ</Name><Telephone>04-8628685</Telephone><Telephone>052-7155255</Telephone></DirectoryEntry><DirectoryEntry><Name>צבי ינקלביץ</Name><Telephone>08-8550739</Telephone><Telephone>053-3150739</Telephone></DirectoryEntry><DirectoryEntry><Name>צבי פנחס יעקובוביץ</Name><Telephone>03-9331704</Telephone><Telephone>052-7642528</Telephone></DirectoryEntry><DirectoryEntry><Name>צבי אשר ירט</Name><Telephone>052 7183477</Telephone></DirectoryEntry><DirectoryEntry><Name>צבי ישראל כהן</Name><Telephone>054-8456004</Telephone><Telephone>054-8456004</Telephone></DirectoryEntry><DirectoryEntry><Name>צילה כהן</Name><Telephone>03-5049354</Telephone></DirectoryEntry><DirectoryEntry><Name>צבי כהנא</Name><Telephone>08-6887506</Telephone><Telephone>052-7127900</Telephone></DirectoryEntry><DirectoryEntry><Name>צבי כץ</Name><Telephone>02-5630206</Telephone></DirectoryEntry><DirectoryEntry><Name>צבי לאופמן</Name><Telephone>03-6764056</Telephone><Telephone>054-4676478</Telephone></DirectoryEntry><DirectoryEntry><Name>צפורה לאופר</Name><Telephone>08-8652835</Telephone></DirectoryEntry><DirectoryEntry><Name>צבי אהרן לב</Name><Telephone>08-8000760</Telephone><Telephone>053-3109757</Telephone></DirectoryEntry><DirectoryEntry><Name>צבי ישראל לדני</Name><Telephone>04-8001040</Telephone><Telephone>052-7168529</Telephone></DirectoryEntry><DirectoryEntry><Name>צבי יצחק לוין</Name><Telephone>02-5823106</Telephone><Telephone>052-7667925</Telephone></DirectoryEntry><DirectoryEntry><Name>צבי ליזרוביץ</Name><Telephone>053 3199415</Telephone></DirectoryEntry><DirectoryEntry><Name>צבי ליטמן</Name><Telephone>053 3174417</Telephone></DirectoryEntry><DirectoryEntry><Name>צבי ליטמן</Name><Telephone>08-8542602</Telephone><Telephone>053-3142602</Telephone></DirectoryEntry><DirectoryEntry><Name>צבי מאיר לייזר</Name><Telephone>055 6727508</Telephone><Telephone>058-3209631</Telephone></DirectoryEntry><DirectoryEntry><Name>צירל לייזרזון</Name><Telephone>02-5373391</Telephone><Telephone>050-4104518</Telephone></DirectoryEntry><DirectoryEntry><Name>צבי מנשה לייטנר</Name></DirectoryEntry><DirectoryEntry><Name>צבי ליכט</Name><Telephone>03-6192703</Telephone><Telephone>054-8438419</Telephone></DirectoryEntry><DirectoryEntry><Name>צפורה ליכט</Name><Telephone>03-6192703</Telephone></DirectoryEntry><DirectoryEntry><Name>צבי ירוחם פישל ליכטשיין</Name><Telephone>03-5706664</Telephone><Telephone>050-4135291</Telephone></DirectoryEntry><DirectoryEntry><Name>צבי שלמה ליפשיץ</Name></DirectoryEntry><DirectoryEntry><Name>צבי לנדאו</Name></DirectoryEntry><DirectoryEntry><Name>צבי ישראל לסקי</Name><Telephone>077-2061646</Telephone><Telephone>053-3166216</Telephone></DirectoryEntry><DirectoryEntry><Name>צבי לרר</Name><Telephone>08-8535659</Telephone><Telephone>052-7132917</Telephone></DirectoryEntry><DirectoryEntry><Name>צבי יעקב לרר</Name><Telephone>02-5321014</Telephone><Telephone>054-8417721</Telephone></DirectoryEntry><DirectoryEntry><Name>צבי נחמן מאיר</Name><Telephone>03-5708501</Telephone><Telephone>053-3170031</Telephone></DirectoryEntry><DirectoryEntry><Name>צבי נחמן מאיר</Name><Telephone>08-8035023</Telephone></DirectoryEntry><DirectoryEntry><Name>צבי יואב מאן</Name></DirectoryEntry><DirectoryEntry><Name>צבי מוזסון</Name><Telephone>08-8035012</Telephone></DirectoryEntry><DirectoryEntry><Name>צדוק מוזסון</Name><Telephone>08-6884660</Telephone><Telephone>054-8442776</Telephone></DirectoryEntry><DirectoryEntry><Name>צבי זאב מורגנשטרן</Name><Telephone>03-5796586</Telephone></DirectoryEntry><DirectoryEntry><Name>צבי זאב מורגנשטרן</Name><Telephone>058 3263613</Telephone></DirectoryEntry><DirectoryEntry><Name>צבי מיירנץ</Name><Telephone>9922172</Telephone><Telephone>05276-96649</Telephone></DirectoryEntry><DirectoryEntry><Name>צבי מיירנץ</Name><Telephone>02-8075000</Telephone><Telephone>050-4178123</Telephone></DirectoryEntry><DirectoryEntry><Name>צבי אריה מילר</Name><Telephone>08 8035070</Telephone></DirectoryEntry><DirectoryEntry><Name>צבי מנדלסון</Name><Telephone>077-3497795</Telephone><Telephone>053-3100285</Telephone></DirectoryEntry><DirectoryEntry><Name>צבי מאיר מסלו</Name><Telephone>02-5860493</Telephone><Telephone>053-3158610</Telephone></DirectoryEntry><DirectoryEntry><Name>צבי מפה</Name><Telephone>03-9613449</Telephone></DirectoryEntry><DirectoryEntry><Name>צבי משה מרגליות</Name><Telephone>02-6246445</Telephone></DirectoryEntry><DirectoryEntry><Name>צבי נפתלי מרגלית</Name><Telephone>03-5707083</Telephone><Telephone>050-4110110</Telephone></DirectoryEntry><DirectoryEntry><Name>צבי מרמרוש</Name><Telephone>02-5381854</Telephone><Telephone>052-7639854</Telephone></DirectoryEntry><DirectoryEntry><Name>צבי יחזקאל מרקוביץ</Name><Telephone>02-5861974</Telephone><Telephone>053-3178978</Telephone></DirectoryEntry><DirectoryEntry><Name>צבי פנחס נוסבוים</Name><Telephone>055 6720401</Telephone><Telephone>058-3224749</Telephone></DirectoryEntry><DirectoryEntry><Name>צבי מרדכי ניימן</Name><Telephone>052 7118985</Telephone></DirectoryEntry><DirectoryEntry><Name>צבי אלימלך סוכצ'בסקי</Name></DirectoryEntry><DirectoryEntry><Name>צבי דב סוכצ'בסקי</Name><Telephone>08-8566016</Telephone><Telephone>052-7656559</Telephone></DirectoryEntry><DirectoryEntry><Name>צבי יהודה סוכצ'בסקי</Name><Telephone>03-5707259</Telephone><Telephone>050-4120820</Telephone></DirectoryEntry><DirectoryEntry><Name>צילה סוקילר</Name><Telephone>03-5742129</Telephone></DirectoryEntry><DirectoryEntry><Name>צבי סנדיק</Name><Telephone>03-6059759</Telephone></DirectoryEntry><DirectoryEntry><Name>צבי אריה סנדיק</Name><Telephone>08-8644691</Telephone><Telephone>050-4147004</Telephone></DirectoryEntry><DirectoryEntry><Name>צבי פרץ סקולסקי</Name><Telephone>02-5375896</Telephone><Telephone>052-7665555</Telephone></DirectoryEntry><DirectoryEntry><Name>ציון עזרן</Name><Telephone>03-6162563</Telephone></DirectoryEntry><DirectoryEntry><Name>צבי מאיר פאלוך</Name><Telephone>02-5021511</Telephone><Telephone>052-7170702</Telephone></DirectoryEntry><DirectoryEntry><Name>צביה חיה פזנצבסקי</Name><Telephone>04-8661448</Telephone><Telephone>053-3123035</Telephone></DirectoryEntry><DirectoryEntry><Name>צבי פינקלשטיין</Name><Telephone>053 4123913</Telephone></DirectoryEntry><DirectoryEntry><Name>צבי טוביה פישר</Name><Telephone>03-6162194</Telephone><Telephone>054-3974910</Telephone></DirectoryEntry><DirectoryEntry><Name>צבי פלבינסקי</Name><Telephone>08-8647821</Telephone><Telephone>054-8413012</Telephone></DirectoryEntry><DirectoryEntry><Name>צבי חיים פלדינגר</Name></DirectoryEntry><DirectoryEntry><Name>צבי זאב פלדמן</Name></DirectoryEntry><DirectoryEntry><Name>צבי פלר</Name></DirectoryEntry><DirectoryEntry><Name>צבי זכריה פלר</Name><Telephone>08-8666393</Telephone><Telephone>053-3180377</Telephone></DirectoryEntry><DirectoryEntry><Name>צבי חיים פלר</Name><Telephone>08-6816012</Telephone><Telephone>050-4147000</Telephone></DirectoryEntry><DirectoryEntry><Name>צבי יעקב פלר</Name><Telephone>02-5379778</Telephone></DirectoryEntry><DirectoryEntry><Name>צבי אלימלך פנט</Name><Telephone>03-5701470</Telephone></DirectoryEntry><DirectoryEntry><Name>צבי מאיר פרוימן</Name><Telephone>04-8623319</Telephone><Telephone>053-3182182</Telephone></DirectoryEntry><DirectoryEntry><Name>צבי מאיר פרידמן</Name><Telephone>052 7107057</Telephone></DirectoryEntry><DirectoryEntry><Name>צבי הערש פרייא</Name><Telephone>053 4115117</Telephone></DirectoryEntry><DirectoryEntry><Name>צבי זאב פריימן</Name><Telephone>054-8403111</Telephone></DirectoryEntry><DirectoryEntry><Name>צבי פריינד</Name><Telephone>03-5790136</Telephone><Telephone>052-7670071</Telephone></DirectoryEntry><DirectoryEntry><Name>צבי יצחק פרל</Name></DirectoryEntry><DirectoryEntry><Name>צבי יהודה פרנבך</Name></DirectoryEntry><DirectoryEntry><Name>צפורה פרסול</Name><Telephone>03-6190991</Telephone></DirectoryEntry><DirectoryEntry><Name>צבי אלימלך פרקש</Name><Telephone>058 3253007</Telephone></DirectoryEntry><DirectoryEntry><Name>צבי יוסף פשווזמאן</Name><Telephone>055 6743086</Telephone><Telephone>055-6737998</Telephone></DirectoryEntry><DirectoryEntry><Name>צירל דבורה פשיטיק</Name><Telephone>03 6700046</Telephone></DirectoryEntry><DirectoryEntry><Name>צבי קאהן</Name><Telephone>04-6800493</Telephone><Telephone>05331-45356</Telephone></DirectoryEntry><DirectoryEntry><Name>צבי אלתר קוזליק</Name><Telephone>054 8519024</Telephone></DirectoryEntry><DirectoryEntry><Name>צבי קונופניצקי</Name><Telephone>08-8559144</Telephone><Telephone>054-8481332</Telephone></DirectoryEntry><DirectoryEntry><Name>צבי יחיאל קונסקי</Name><Telephone>055 6768394</Telephone><Telephone>052-7151069</Telephone></DirectoryEntry><DirectoryEntry><Name>צבי מנשה קופרברג</Name><Telephone>055-6721258</Telephone></DirectoryEntry><DirectoryEntry><Name>צבי אליעזר קיבל</Name><Telephone>04-8021007</Telephone><Telephone>052-7167267</Telephone></DirectoryEntry><DirectoryEntry><Name>צבי אריה קליין</Name></DirectoryEntry><DirectoryEntry><Name>צבי קמינר</Name><Telephone>053 3173785</Telephone></DirectoryEntry><DirectoryEntry><Name>צבי קרול</Name><Telephone>08-8664011</Telephone><Telephone>053-3161683</Telephone></DirectoryEntry><DirectoryEntry><Name>צבי שמעון קרול</Name><Telephone>08-8642557</Telephone><Telephone>050-4133389</Telephone></DirectoryEntry><DirectoryEntry><Name>צבי אריה קרמינר</Name><Telephone>02-9913578</Telephone><Telephone>050-4190278</Telephone></DirectoryEntry><DirectoryEntry><Name>צבי מרדכי רבינוביץ</Name><Telephone>02-6537246</Telephone></DirectoryEntry><DirectoryEntry><Name>צבי רובינשטיין</Name><Telephone>02-5713416</Telephone><Telephone>052-7643411</Telephone></DirectoryEntry><DirectoryEntry><Name>צבי חיים רובינשטיין</Name><Telephone>02-5860004</Telephone><Telephone>053-3133600</Telephone></DirectoryEntry><DirectoryEntry><Name>צפורה רוזמרין</Name><Telephone>04-8627040</Telephone></DirectoryEntry><DirectoryEntry><Name>צבי רוזן</Name><Telephone>02-5825359</Telephone><Telephone>050-4180211</Telephone></DirectoryEntry><DirectoryEntry><Name>צבי דוד רוזן</Name><Telephone>052-7634444</Telephone></DirectoryEntry><DirectoryEntry><Name>צבי רוזנבוים</Name><Telephone>058 3286773</Telephone><Telephone>058-3285874</Telephone></DirectoryEntry><DirectoryEntry><Name>צבי אלימלך רוזנבוים</Name><Telephone>053 3181696</Telephone></DirectoryEntry><DirectoryEntry><Name>צבי טוביה רוזנבוים</Name><Telephone>02-5003050</Telephone><Telephone>052-7610101</Telephone></DirectoryEntry><DirectoryEntry><Name>צבי מאיר רוזנבוים</Name><Telephone>03-6495084</Telephone></DirectoryEntry><DirectoryEntry><Name>צבי זאב רוזנבלום</Name><Telephone>03 8058080</Telephone></DirectoryEntry><DirectoryEntry><Name>צביה רוזנבלט</Name><Telephone>03-6180196</Telephone><Telephone>052-7601059</Telephone></DirectoryEntry><DirectoryEntry><Name>צבי יהודה רוזנטל</Name><Telephone>03-6197770</Telephone><Telephone>054-8445454</Telephone></DirectoryEntry><DirectoryEntry><Name>צבי הערש רוזנפלד</Name><Telephone>053-3133604</Telephone></DirectoryEntry><DirectoryEntry><Name>צדוק רוזנשטרוך</Name><Telephone>08-8009099</Telephone><Telephone>052-7191756</Telephone></DirectoryEntry><DirectoryEntry><Name>צבי אלעזר רוט</Name><Telephone>052-7102627</Telephone></DirectoryEntry><DirectoryEntry><Name>צבי מאיר רוטלוי</Name><Telephone>053 4100360</Telephone></DirectoryEntry><DirectoryEntry><Name>צבי רוטנברג</Name><Telephone>02-9992101</Telephone><Telephone>053-3171634</Telephone></DirectoryEntry><DirectoryEntry><Name>צבי הערש רוטשטיין</Name><Telephone>058-3216777</Telephone></DirectoryEntry><DirectoryEntry><Name>צפורה רוטשטיין</Name><Telephone>02-5375892</Telephone></DirectoryEntry><DirectoryEntry><Name>צבי מנשה ריגל</Name><Telephone>08-8604240</Telephone></DirectoryEntry><DirectoryEntry><Name>צבי מנשה ריגל</Name><Telephone>073-7244733</Telephone><Telephone>053-3132234</Telephone></DirectoryEntry><DirectoryEntry><Name>צבי רייך</Name></DirectoryEntry><DirectoryEntry><Name>צבי רייס</Name><Telephone>03-5250000</Telephone></DirectoryEntry><DirectoryEntry><Name>צבי יוסף רייפין</Name></DirectoryEntry><DirectoryEntry><Name>צבי יוסף רייפין</Name><Telephone>08-8648122</Telephone><Telephone>052-7132575</Telephone></DirectoryEntry><DirectoryEntry><Name>צבי טוביה שוורץ</Name><Telephone>052-7161572</Telephone><Telephone>052-7153010</Telephone></DirectoryEntry><DirectoryEntry><Name>צבי טוביה משה שוירץ</Name><Telephone>08-8645653</Telephone><Telephone>052-7610208</Telephone></DirectoryEntry><DirectoryEntry><Name>צבי שטיין</Name><Telephone>08-8646165</Telephone><Telephone>050-4185161</Telephone></DirectoryEntry><DirectoryEntry><Name>צבי שטיין</Name></DirectoryEntry><DirectoryEntry><Name>צבי הערש שטיינברג</Name><Telephone>02-8000143</Telephone><Telephone>058-3209237</Telephone></DirectoryEntry><DirectoryEntry><Name>צבי מאיר שטרנגר</Name><Telephone>08-8020204</Telephone></DirectoryEntry><DirectoryEntry><Name>צבי שידלובסקי</Name><Telephone>08-8648672</Telephone><Telephone>050-4111153</Telephone></DirectoryEntry><DirectoryEntry><Name>צבי יצחק שידלובסקי</Name><Telephone>054 8500320</Telephone><Telephone>054-8534348</Telephone></DirectoryEntry><DirectoryEntry><Name>צירל שיינר</Name><Telephone>03-5700166</Telephone></DirectoryEntry><DirectoryEntry><Name>צבי מרדכי שילר</Name><Telephone>03-5708472</Telephone><Telephone>054-8480393</Telephone></DirectoryEntry><DirectoryEntry><Name>צבי יצחק שינברג</Name><Telephone>02-5001396</Telephone><Telephone>053-3152239</Telephone></DirectoryEntry><DirectoryEntry><Name>צבי זאב שינשניידר</Name></DirectoryEntry><DirectoryEntry><Name>צבי אריה שכטר</Name><Telephone>02-5373401</Telephone><Telephone>050-4101004</Telephone></DirectoryEntry><DirectoryEntry><Name>צפורה שכטר</Name><Telephone>03-5742732</Telephone><Telephone>050-4101001</Telephone></DirectoryEntry><DirectoryEntry><Name>צבי דוד שנור</Name><Telephone>08-8521279</Telephone><Telephone>050-4164744</Telephone></DirectoryEntry><DirectoryEntry><Name>צבי דוד שנור</Name><Telephone>03-9090388</Telephone><Telephone>053-3110180</Telephone></DirectoryEntry><DirectoryEntry><Name>צבי זאב שפירא</Name><Telephone>02-5377273</Telephone><Telephone>053-3177273</Telephone></DirectoryEntry><DirectoryEntry><Name>צבי מנשה שפירא</Name><Telephone>055 6782708</Telephone></DirectoryEntry><DirectoryEntry><Name>צפורה שפירא</Name><Telephone>053 4124398</Telephone></DirectoryEntry><DirectoryEntry><Name>צבי הערש שפרן</Name><Telephone>03-6163699</Telephone></DirectoryEntry><DirectoryEntry><Name>צבי חיים שקול</Name><Telephone>08-9956455</Telephone><Telephone>053-3140920</Telephone></DirectoryEntry><DirectoryEntry><Name>צבי שמעון אריה שרייבר</Name><Telephone>08-8648910</Telephone><Telephone>054-8407475</Telephone></DirectoryEntry><DirectoryEntry><Name>צבי שרייבר-ליבר</Name><Telephone>053 4185899</Telephone></DirectoryEntry></YealinkIPPhoneDirectory>