<?xml version='1.0' encoding='utf-8'?>
<YealinkIPPhoneDirectory><DirectoryEntry><Name>קלמן נח אורליק</Name><Telephone>02-6535032</Telephone></DirectoryEntry><DirectoryEntry><Name>קלמן בלונדר</Name><Telephone>02-6422125</Telephone></DirectoryEntry><DirectoryEntry><Name>קלמן משה ברגמן</Name><Telephone>03-6193041</Telephone><Telephone>053-3193041</Telephone></DirectoryEntry><DirectoryEntry><Name>קלונימוס קלמיש גשייד</Name><Telephone>03-5706911</Telephone><Telephone>053-3102077</Telephone></DirectoryEntry><DirectoryEntry><Name>קלונימוס קלמן גשייד</Name><Telephone>077-2018040</Telephone><Telephone>052-7154398</Telephone></DirectoryEntry><DirectoryEntry><Name>קיילא כרמלה הנדלסמן</Name><Telephone>03-5700412</Telephone><Telephone>053-3141141</Telephone></DirectoryEntry><DirectoryEntry><Name>קיילא יוטא הרשקוביץ</Name><Telephone>03-6167153</Telephone><Telephone>052-7652044</Telephone></DirectoryEntry><DirectoryEntry><Name>קלמן יהודה לייב זילברברג</Name><Telephone>08-8663413</Telephone><Telephone>052-7688855</Telephone></DirectoryEntry><DirectoryEntry><Name>קלמן מנדלסון</Name><Telephone>02 5875059</Telephone><Telephone>054-8499349</Telephone></DirectoryEntry><DirectoryEntry><Name>קהת שמחה ניומן</Name><Telephone>04-6922334</Telephone><Telephone>050-4145458</Telephone></DirectoryEntry><DirectoryEntry><Name>קלונימוס קלמן פרוימן</Name><Telephone>058-3213468</Telephone></DirectoryEntry><DirectoryEntry><Name>קלונימוס קלמן פרוימן</Name></DirectoryEntry><DirectoryEntry><Name>קלמן קלונימוס קאהן</Name></DirectoryEntry><DirectoryEntry><Name>קלמן קלונימוס קלוגמן</Name><Telephone>054 8590390</Telephone></DirectoryEntry><DirectoryEntry><Name>קלונימוס גבריאל רוזנבאום</Name><Telephone>03-5708443</Telephone><Telephone>053-3139496</Telephone></DirectoryEntry><DirectoryEntry><Name>קלונימוס קלמן רוטנברג</Name><Telephone>04-8644304</Telephone><Telephone>053-3111494</Telephone></DirectoryEntry><DirectoryEntry><Name>קלונימוס קלמן רוטר</Name><Telephone>055 6750422</Telephone><Telephone>052-7194370</Telephone></DirectoryEntry><DirectoryEntry><Name>קיילא שטרנפלד</Name><Telephone>03-6953780</Telephone></DirectoryEntry><DirectoryEntry><Name>קלמן שלסר</Name><Telephone>03-6767027</Telephone><Telephone>053-3167027</Telephone></DirectoryEntry></YealinkIPPhoneDirectory>