<?xml version='1.0' encoding='utf-8'?>
<YealinkIPPhoneDirectory><DirectoryEntry><Name>רפאל יוסף אדלר</Name><Telephone>08-8550975</Telephone><Telephone>053-3155705</Telephone></DirectoryEntry><DirectoryEntry><Name>רפאל אורליק</Name><Telephone>077-5007012</Telephone><Telephone>052-7155144</Telephone></DirectoryEntry><DirectoryEntry><Name>רחל אסתר איזבי</Name><Telephone>02-5372226</Telephone><Telephone>053-3182236</Telephone></DirectoryEntry><DirectoryEntry><Name>רחל איידלסון</Name><Telephone>03-5231472</Telephone></DirectoryEntry><DirectoryEntry><Name>רפאל אייזן</Name></DirectoryEntry><DirectoryEntry><Name>רפאל אלטר יצחק אייזנר</Name><Telephone>05484-95874</Telephone></DirectoryEntry><DirectoryEntry><Name>ראובן איינפלד</Name><Telephone>03-5704874</Telephone><Telephone>053-3193157</Telephone></DirectoryEntry><DirectoryEntry><Name>ראובן אירנשטיין</Name><Telephone>052 7111371</Telephone></DirectoryEntry><DirectoryEntry><Name>רבקה אירנשטיין</Name><Telephone>03-6187885</Telephone></DirectoryEntry><DirectoryEntry><Name>רות אלתר</Name><Telephone>02-5374151</Telephone><Telephone>052-7639933</Telephone></DirectoryEntry><DirectoryEntry><Name>רפאל יוסף אלתר</Name><Telephone>02-5865893</Telephone></DirectoryEntry><DirectoryEntry><Name>רפאל אהרן ארליך</Name><Telephone>05276-07677</Telephone><Telephone>052-7607677</Telephone></DirectoryEntry><DirectoryEntry><Name>רפאל אנשיל ארליך</Name><Telephone>02-5384692</Telephone><Telephone>053-3184692</Telephone></DirectoryEntry><DirectoryEntry><Name>רפאל יעקב ארנרייך</Name><Telephone>077-2400126</Telephone><Telephone>052-7180181</Telephone></DirectoryEntry><DirectoryEntry><Name>רבקה בורנשטיין</Name><Telephone>02-5381456</Telephone><Telephone>053-3100107</Telephone></DirectoryEntry><DirectoryEntry><Name>רחל בינט</Name><Telephone>02-5373178</Telephone></DirectoryEntry><DirectoryEntry><Name>ראובן ביננפלד</Name><Telephone>052-7110888</Telephone><Telephone>052-7110888</Telephone></DirectoryEntry><DirectoryEntry><Name>רבקה ליבא ביננפלד</Name><Telephone>02-5382746</Telephone></DirectoryEntry><DirectoryEntry><Name>ראובן נחמן ביננשטוק</Name><Telephone>02-5330971</Telephone><Telephone>054-8429903</Telephone></DirectoryEntry><DirectoryEntry><Name>ראובן בירנשטוק</Name><Telephone>054-8489121</Telephone></DirectoryEntry><DirectoryEntry><Name>ראובן מאיר בלום</Name><Telephone>02-5381682</Telephone><Telephone>053-3181682</Telephone></DirectoryEntry><DirectoryEntry><Name>רפאל חנוך ברבר</Name><Telephone>077-7161018</Telephone><Telephone>052-7615545</Telephone></DirectoryEntry><DirectoryEntry><Name>רפאל אריה נח ברודז'ק</Name><Telephone>08-8544089</Telephone><Telephone>050-4194087</Telephone></DirectoryEntry><DirectoryEntry><Name>רפאל אריה נח ברודז'ק</Name><Telephone>08-8658457</Telephone><Telephone>053-3181590</Telephone></DirectoryEntry><DirectoryEntry><Name>רפאל אריה נח ברודז'ק</Name><Telephone>03-9312922</Telephone></DirectoryEntry><DirectoryEntry><Name>רבקה בריקמן</Name><Telephone>03-5708527</Telephone><Telephone>053-3111210</Telephone></DirectoryEntry><DirectoryEntry><Name>רבקה רייזה ברסלר</Name><Telephone>08-8544302</Telephone><Telephone>052-7614997</Telephone></DirectoryEntry><DirectoryEntry><Name>רחל ברסלר</Name><Telephone>03-6187440</Telephone><Telephone>053-3187440</Telephone></DirectoryEntry><DirectoryEntry><Name>ראובן גוטליב</Name></DirectoryEntry><DirectoryEntry><Name>ראובן אבנר גוטליב</Name><Telephone>03-5798955</Telephone><Telephone>050-4130205</Telephone></DirectoryEntry><DirectoryEntry><Name>רפאל אריה גוטמן</Name><Telephone>058 3296449</Telephone></DirectoryEntry><DirectoryEntry><Name>ר. גולדברג (גולדק</Name></DirectoryEntry><DirectoryEntry><Name>רבקה גולדווסר</Name><Telephone>03-6181280</Telephone></DirectoryEntry><DirectoryEntry><Name>ראובן שבתי גולדמן</Name><Telephone>058 3222244</Telephone></DirectoryEntry><DirectoryEntry><Name>ראובן שבתי גולדמן</Name></DirectoryEntry><DirectoryEntry><Name>ראובן גפנר</Name></DirectoryEntry><DirectoryEntry><Name>רבקה גרובייס</Name><Telephone>03-6763129</Telephone><Telephone>054-8417140</Telephone></DirectoryEntry><DirectoryEntry><Name>רפאל שלמה זלמן גרוס</Name><Telephone>054 8403755</Telephone></DirectoryEntry><DirectoryEntry><Name>ראובן גשייד</Name><Telephone>08-8660247</Telephone><Telephone>050-4141050</Telephone></DirectoryEntry><DirectoryEntry><Name>ראובן גשייד</Name><Telephone>03-6258135</Telephone><Telephone>050-4146261</Telephone></DirectoryEntry><DirectoryEntry><Name>ראובן גשייד</Name><Telephone>03-6499260</Telephone><Telephone>054-8477402</Telephone></DirectoryEntry><DirectoryEntry><Name>רחל דוידוביץ</Name><Telephone>08-8566865</Telephone></DirectoryEntry><DirectoryEntry><Name>רפאל יהושע דויטש</Name><Telephone>08-8020049</Telephone></DirectoryEntry><DirectoryEntry><Name>ראובן נח דויטשר</Name><Telephone>02-9991473</Telephone><Telephone>053-3191473</Telephone></DirectoryEntry><DirectoryEntry><Name>רפאל שלום דז'אלובסקי</Name><Telephone>03-5743154</Telephone><Telephone>054-3977106</Telephone></DirectoryEntry><DirectoryEntry><Name>רחל דריימן</Name><Telephone>02-9998090</Telephone><Telephone>052-7128200</Telephone></DirectoryEntry><DirectoryEntry><Name>רפאל צבי דרנגר</Name><Telephone>03-6499757</Telephone><Telephone>050-4132820</Telephone></DirectoryEntry><DirectoryEntry><Name>ראובן הורוביץ</Name><Telephone>08-8654409</Telephone><Telephone>052-7676052</Telephone></DirectoryEntry><DirectoryEntry><Name>רחל הורוביץ</Name><Telephone>03-6186629</Telephone></DirectoryEntry><DirectoryEntry><Name>רפאל נח מנחם היינה</Name><Telephone>03-6181073</Telephone><Telephone>053-3114747</Telephone></DirectoryEntry><DirectoryEntry><Name>רות רבקה הרץ</Name><Telephone>02-5382815</Telephone><Telephone>053-3145990</Telephone></DirectoryEntry><DirectoryEntry><Name>רפאל הרץ</Name><Telephone>053-3114154</Telephone></DirectoryEntry><DirectoryEntry><Name>ראובן הרצברג</Name><Telephone>02-6540737</Telephone></DirectoryEntry><DirectoryEntry><Name>רחל וידבסקי</Name><Telephone>03-6022404</Telephone><Telephone>053-3124443</Telephone></DirectoryEntry><DirectoryEntry><Name>ראובן וידיסלבסקי</Name><Telephone>055-6739966</Telephone></DirectoryEntry><DirectoryEntry><Name>ראובן וידיסלבסקי</Name><Telephone>053 3188355</Telephone><Telephone>052-7176620</Telephone></DirectoryEntry><DirectoryEntry><Name>ראובן וידיסלבסקי</Name></DirectoryEntry><DirectoryEntry><Name>ראובן וידיסלבסקי</Name></DirectoryEntry><DirectoryEntry><Name>ראובן יוסף וייזר</Name><Telephone>03-6195703</Telephone><Telephone>052-7628304</Telephone></DirectoryEntry><DirectoryEntry><Name>ראובן יששכר וייץ</Name><Telephone>03-5782256</Telephone><Telephone>054-8403839</Telephone></DirectoryEntry><DirectoryEntry><Name>ראובן וילר</Name></DirectoryEntry><DirectoryEntry><Name>רבקה וילר</Name><Telephone>02-6526204</Telephone><Telephone>054-8429220</Telephone></DirectoryEntry><DirectoryEntry><Name>ראובן ישראל וינגוט</Name><Telephone>02-5389541</Telephone></DirectoryEntry><DirectoryEntry><Name>רות ויצמן</Name><Telephone>03-5700686</Telephone></DirectoryEntry><DirectoryEntry><Name>ראובן וסרמן</Name><Telephone>052-7196669</Telephone></DirectoryEntry><DirectoryEntry><Name>ראובן שבתי וקס</Name></DirectoryEntry><DirectoryEntry><Name>רפאל יוסף וקס</Name><Telephone>08-8556787</Telephone><Telephone>053-3185567</Telephone></DirectoryEntry><DirectoryEntry><Name>רפאל יוסף שמחה וקס</Name><Telephone>08-8670537</Telephone><Telephone>050-4143123</Telephone></DirectoryEntry><DirectoryEntry><Name>רבקה וקשטוק</Name><Telephone>03-6188691</Telephone><Telephone>054-8435633</Telephone></DirectoryEntry><DirectoryEntry><Name>רבקה מלכה ורדיגר</Name><Telephone>02-5382928</Telephone></DirectoryEntry><DirectoryEntry><Name>רבקה ורשביאק</Name><Telephone>02-5821334</Telephone></DirectoryEntry><DirectoryEntry><Name>רשה זוסמן</Name><Telephone>03-6182137</Telephone></DirectoryEntry><DirectoryEntry><Name>ראובן זייברט</Name><Telephone>052-7660378</Telephone></DirectoryEntry><DirectoryEntry><Name>רפאל שמעון זילברשטיין</Name><Telephone>02-6513623</Telephone></DirectoryEntry><DirectoryEntry><Name>רבקה חסידה</Name><Telephone>02-5389819</Telephone></DirectoryEntry><DirectoryEntry><Name>רבקה ינטע חסידה</Name><Telephone>08-9456941</Telephone></DirectoryEntry><DirectoryEntry><Name>ראובן טאוב</Name><Telephone>052-7167415</Telephone><Telephone>052-7167414</Telephone></DirectoryEntry><DirectoryEntry><Name>ראובן שבתי טאוב</Name><Telephone>054 8553554</Telephone></DirectoryEntry><DirectoryEntry><Name>רפאל טאובר</Name></DirectoryEntry><DirectoryEntry><Name>רפאל יעקב דב טאובר</Name><Telephone>077-3355520</Telephone><Telephone>05484-67723</Telephone></DirectoryEntry><DirectoryEntry><Name>רפאל טויב</Name><Telephone>08-8001600</Telephone></DirectoryEntry><DirectoryEntry><Name>רפאל מנחם טויסיג</Name><Telephone>02-5402043</Telephone><Telephone>052-7686433</Telephone></DirectoryEntry><DirectoryEntry><Name>ראובן אברהם טמיר</Name><Telephone>077-7007900</Telephone></DirectoryEntry><DirectoryEntry><Name>רחל טרויבע</Name><Telephone>03-6168406</Telephone></DirectoryEntry><DirectoryEntry><Name>רבקה יאמניק</Name><Telephone>02-6414902</Telephone></DirectoryEntry><DirectoryEntry><Name>ראובן כץ</Name><Telephone>04-8660601</Telephone><Telephone>052-7600766</Telephone></DirectoryEntry><DirectoryEntry><Name>ראובן כץ</Name></DirectoryEntry><DirectoryEntry><Name>רפאל דוד כץ</Name><Telephone>08 8022426</Telephone><Telephone>054-8509038</Telephone></DirectoryEntry><DirectoryEntry><Name>רחל לב</Name><Telephone>04-8526558</Telephone></DirectoryEntry><DirectoryEntry><Name>רחל לבקוביץ</Name><Telephone>03-6188201</Telephone><Telephone>053-3188290</Telephone></DirectoryEntry><DirectoryEntry><Name>ראובן חיים לודמיר</Name><Telephone>058 3228641</Telephone></DirectoryEntry><DirectoryEntry><Name>ראובן לוי</Name><Telephone>02-5381530</Telephone><Telephone>053-3123144</Telephone></DirectoryEntry><DirectoryEntry><Name>רייזל גיטל לוי</Name></DirectoryEntry><DirectoryEntry><Name>רפאל לוי</Name><Telephone>08 8020065</Telephone><Telephone>050-4183745</Telephone></DirectoryEntry><DirectoryEntry><Name>רפאל זבולון לוי</Name><Telephone>052-7627012</Telephone></DirectoryEntry><DirectoryEntry><Name>רפאל יעקב לוי</Name><Telephone>053 3116700</Telephone><Telephone>058-3221885</Telephone></DirectoryEntry><DirectoryEntry><Name>רחל לוינגר</Name><Telephone>03-5796456</Telephone><Telephone>053-3183173</Telephone></DirectoryEntry><DirectoryEntry><Name>ראובן ליס</Name><Telephone>03-5796302</Telephone><Telephone>053-3107300</Telephone></DirectoryEntry><DirectoryEntry><Name>רחל ליפשיץ</Name><Telephone>02-5371138</Telephone><Telephone>052-7612810</Telephone></DirectoryEntry><DirectoryEntry><Name>רחל לנדאו</Name><Telephone>02-5386473</Telephone></DirectoryEntry><DirectoryEntry><Name>רחל פערל לנדוי</Name><Telephone>050-4138432</Telephone><Telephone>050-4181410</Telephone></DirectoryEntry><DirectoryEntry><Name>רפאל מנחם לפה</Name><Telephone>03-6180555</Telephone><Telephone>052-7130125</Telephone></DirectoryEntry><DirectoryEntry><Name>רחל לאה מונדרי</Name><Telephone>03-5705542</Telephone></DirectoryEntry><DirectoryEntry><Name>רפאל מונטג</Name><Telephone>03-6192843</Telephone><Telephone>050-4193293</Telephone></DirectoryEntry><DirectoryEntry><Name>רוחמה מונשיין</Name><Telephone>03-5700310</Telephone><Telephone>052-7678310</Telephone></DirectoryEntry><DirectoryEntry><Name>ראובן יחיאל מילשטיין</Name><Telephone>02-8020055</Telephone></DirectoryEntry><DirectoryEntry><Name>רזיאל מינקה</Name><Telephone>03-5707789</Telephone><Telephone>053-3107789</Telephone></DirectoryEntry><DirectoryEntry><Name>רפאל מנחם מינקה</Name><Telephone>052 7107107</Telephone></DirectoryEntry><DirectoryEntry><Name>ראובן מלבסקי</Name><Telephone>08-8043039</Telephone><Telephone>050-4150477</Telephone></DirectoryEntry><DirectoryEntry><Name>רות מלונוביצר</Name></DirectoryEntry><DirectoryEntry><Name>רות מנדל</Name><Telephone>02-5376276</Telephone></DirectoryEntry><DirectoryEntry><Name>רבקה מנהיימר</Name><Telephone>03-6195478</Telephone></DirectoryEntry><DirectoryEntry><Name>רבקה באשה מצגר</Name><Telephone>03-6192904</Telephone><Telephone>053-3192905</Telephone></DirectoryEntry><DirectoryEntry><Name>רפאל מרגליות</Name><Telephone>02-5002984</Telephone><Telephone>052-7627755</Telephone></DirectoryEntry><DirectoryEntry><Name>רפאל מרמרוש</Name><Telephone>02-5374312</Telephone></DirectoryEntry><DirectoryEntry><Name>רפאל יהודה מרקס</Name><Telephone>03-6477821</Telephone><Telephone>053-3103314</Telephone></DirectoryEntry><DirectoryEntry><Name>ראובן יוסף נוגלבלט</Name><Telephone>053 4110284</Telephone><Telephone>052-7687772</Telephone></DirectoryEntry><DirectoryEntry><Name>רחל נוגלבלט</Name><Telephone>04-8626430</Telephone><Telephone>053-3100092</Telephone></DirectoryEntry><DirectoryEntry><Name>רפאל יהושע נוגלבלט</Name><Telephone>03-6181348</Telephone><Telephone>052-7631992</Telephone></DirectoryEntry><DirectoryEntry><Name>ראובן יוסף נויבירט</Name><Telephone>02-6518936</Telephone><Telephone>052-7649898</Telephone></DirectoryEntry><DirectoryEntry><Name>רחל נוסבוים</Name><Telephone>04-6801714</Telephone><Telephone>052-7634033</Telephone></DirectoryEntry><DirectoryEntry><Name>ראובן נייהוז</Name><Telephone>08-8046044</Telephone></DirectoryEntry><DirectoryEntry><Name>ראובן נייהוז</Name><Telephone>077-8668154</Telephone><Telephone>052-7155323</Telephone></DirectoryEntry><DirectoryEntry><Name>ראובן יהודה נייהוז</Name><Telephone>08 8001771</Telephone></DirectoryEntry><DirectoryEntry><Name>רבקה יוכבד נייהוז</Name><Telephone>03-5792383</Telephone><Telephone>053-3136363</Telephone></DirectoryEntry><DirectoryEntry><Name>רות סוכות</Name><Telephone>03-5745053</Telephone><Telephone>050-4145053</Telephone></DirectoryEntry><DirectoryEntry><Name>רחל לאה סלצקי</Name><Telephone>03-5791449</Telephone><Telephone>052-7667927</Telephone></DirectoryEntry><DirectoryEntry><Name>רחל סנדיק</Name><Telephone>053 3135261</Telephone></DirectoryEntry><DirectoryEntry><Name>רפאל פאלוך</Name><Telephone>08-8559523</Telephone><Telephone>054-8410397</Telephone></DirectoryEntry><DirectoryEntry><Name>רפאל פייגנבוים</Name><Telephone>03-6163556</Telephone><Telephone>053-3130600</Telephone></DirectoryEntry><DirectoryEntry><Name>ראובן פינקלשטיין</Name><Telephone>03-6188683</Telephone></DirectoryEntry><DirectoryEntry><Name>ראובן פינקלשטיין</Name><Telephone>02-5389350</Telephone><Telephone>053-3102393</Telephone></DirectoryEntry><DirectoryEntry><Name>רפאל יצחק פינקלשטיין</Name><Telephone>08-8664551</Telephone><Telephone>052-7606203</Telephone></DirectoryEntry><DirectoryEntry><Name>ראובן פלבינסקי</Name><Telephone>03-5790232</Telephone><Telephone>058-3823232</Telephone></DirectoryEntry><DirectoryEntry><Name>רפאל פלבינסקי</Name><Telephone>02-9991319</Telephone><Telephone>053-3198984</Telephone></DirectoryEntry><DirectoryEntry><Name>רפאל יעקב פלדינגר</Name><Telephone>02-5382213</Telephone><Telephone>053-3132213</Telephone></DirectoryEntry><DirectoryEntry><Name>ראובן פלדמן</Name><Telephone>03-6190567</Telephone><Telephone>054-8413582</Telephone></DirectoryEntry><DirectoryEntry><Name>רפאל חיים פלוטשעניק</Name><Telephone>08-8675934</Telephone><Telephone>052-7601731</Telephone></DirectoryEntry><DirectoryEntry><Name>רפאל חיים פלוסברג</Name><Telephone>08-8641317</Telephone><Telephone>052-7628338</Telephone></DirectoryEntry><DirectoryEntry><Name>ראובן פליישר</Name></DirectoryEntry><DirectoryEntry><Name>רבקה פלקסר</Name><Telephone>03-5703087</Telephone><Telephone>050-4115451</Telephone></DirectoryEntry><DirectoryEntry><Name>רבקה פפר</Name><Telephone>03-6198317</Telephone><Telephone>053-3131311</Telephone></DirectoryEntry><DirectoryEntry><Name>רפאל פרוידנברגר</Name><Telephone>02-5821872</Telephone><Telephone>053-3131391</Telephone></DirectoryEntry><DirectoryEntry><Name>רפאל חיים פרוידנברגר</Name></DirectoryEntry><DirectoryEntry><Name>ראובן פרום</Name><Telephone>08-8035032</Telephone><Telephone>050-4137720</Telephone></DirectoryEntry><DirectoryEntry><Name>ראובן פרומן</Name><Telephone>02-5004154</Telephone><Telephone>052-7615004</Telephone></DirectoryEntry><DirectoryEntry><Name>רפאל פרידמן</Name><Telephone>054 8567175</Telephone><Telephone>054-8567174</Telephone></DirectoryEntry><DirectoryEntry><Name>רפאל שמעון פרידמן</Name><Telephone>054 8499190</Telephone></DirectoryEntry><DirectoryEntry><Name>רפאל ירחמיאל פשדנובק</Name><Telephone>02-9951788</Telephone><Telephone>050-4176541</Telephone></DirectoryEntry><DirectoryEntry><Name>ראובן מנדל צישינסקי</Name><Telephone>053-3134213</Telephone></DirectoryEntry><DirectoryEntry><Name>ראובן קוט</Name><Telephone>08-8646966</Telephone></DirectoryEntry><DirectoryEntry><Name>רפאל אריה נח קוטיינר</Name></DirectoryEntry><DirectoryEntry><Name>רפאל משה קונופניצקי</Name><Telephone>077-2172114</Telephone></DirectoryEntry><DirectoryEntry><Name>רחל קופילוביץ</Name><Telephone>03-5701703</Telephone><Telephone>053-3171575</Telephone></DirectoryEntry><DirectoryEntry><Name>רייזל קיבל</Name><Telephone>03-5795920</Telephone></DirectoryEntry><DirectoryEntry><Name>רפאל שמחה קיבל</Name><Telephone>08-8042021</Telephone></DirectoryEntry><DirectoryEntry><Name>רחל קלוסקי</Name><Telephone>03-6185880</Telephone></DirectoryEntry><DirectoryEntry><Name>רחל קליקשטיין</Name><Telephone>02-9992426</Telephone></DirectoryEntry><DirectoryEntry><Name>רות קמינסקי</Name></DirectoryEntry><DirectoryEntry><Name>רבקה רחל קמינר</Name><Telephone>03-6186260</Telephone><Telephone>053-3100364</Telephone></DirectoryEntry><DirectoryEntry><Name>ראובן קמפי</Name><Telephone>0548-032242</Telephone></DirectoryEntry><DirectoryEntry><Name>רבקה קנובלוביץ</Name></DirectoryEntry><DirectoryEntry><Name>ראובן קנופף</Name><Telephone>02-9992715</Telephone></DirectoryEntry><DirectoryEntry><Name>ראובן נטע קניג</Name><Telephone>02-9998072</Telephone><Telephone>05331-95000</Telephone></DirectoryEntry><DirectoryEntry><Name>רפאל קריגר</Name><Telephone>02 8000159</Telephone></DirectoryEntry><DirectoryEntry><Name>רפאל אריה נח קריימן</Name><Telephone>054 8401283</Telephone></DirectoryEntry><DirectoryEntry><Name>רחל מאשה קרנבייסר</Name><Telephone>03-5703994</Telephone><Telephone>053-3147039</Telephone></DirectoryEntry><DirectoryEntry><Name>ראובן ראובני</Name><Telephone>03-7117144</Telephone></DirectoryEntry><DirectoryEntry><Name>רחל רבינוביץ</Name><Telephone>09-7416776</Telephone></DirectoryEntry><DirectoryEntry><Name>רפאל אברהם מרדכי רבינוביץ</Name><Telephone>03-5364282</Telephone></DirectoryEntry><DirectoryEntry><Name>רפאל ישראל רבינוביץ</Name><Telephone>052-7621290</Telephone></DirectoryEntry><DirectoryEntry><Name>רות ראדא בלומה רובינשטיין</Name><Telephone>03-5613825</Telephone><Telephone>054-8448123</Telephone></DirectoryEntry><DirectoryEntry><Name>רחל רובינשטיין</Name><Telephone>03-6182096</Telephone></DirectoryEntry><DirectoryEntry><Name>רפאל יצחק רוזמרין</Name><Telephone>08-8670140</Telephone><Telephone>054-8541940</Telephone></DirectoryEntry><DirectoryEntry><Name>רפאל מרדכי רוזמרין</Name><Telephone>02-5001089</Telephone><Telephone>052-7657089</Telephone></DirectoryEntry><DirectoryEntry><Name>רחל סימה רוזנברגר</Name><Telephone>04-8640070</Telephone><Telephone>052-7628647</Telephone></DirectoryEntry><DirectoryEntry><Name>רבקה רוזנווסר</Name><Telephone>08-8662957</Telephone></DirectoryEntry><DirectoryEntry><Name>ראובן רוזנטל</Name><Telephone>08-9974189</Telephone><Telephone>054-8464189</Telephone></DirectoryEntry><DirectoryEntry><Name>רבקה פעסא רוזנטל</Name><Telephone>02-5375879</Telephone></DirectoryEntry><DirectoryEntry><Name>רבקה רוט</Name><Telephone>03-6191149</Telephone></DirectoryEntry><DirectoryEntry><Name>רבקה רוטשילד</Name><Telephone>03-6188665</Telephone></DirectoryEntry><DirectoryEntry><Name>רפאל משה רייכברד</Name><Telephone>03-6493116</Telephone><Telephone>054-8448501</Telephone></DirectoryEntry><DirectoryEntry><Name>רפאל משה יצחק רייכברד</Name><Telephone>03-9091101</Telephone><Telephone>054-8448220</Telephone></DirectoryEntry><DirectoryEntry><Name>ראובן רייס</Name></DirectoryEntry><DirectoryEntry><Name>רבקה רפלוביץ</Name><Telephone>04-8661022</Telephone><Telephone>053-3129999</Telephone></DirectoryEntry><DirectoryEntry><Name>רחל רפלוביץ</Name><Telephone>04-6860221</Telephone><Telephone>052-7629320</Telephone></DirectoryEntry><DirectoryEntry><Name>רחל שארפר</Name><Telephone>02-5389418</Telephone></DirectoryEntry><DirectoryEntry><Name>רפאל חיים שארר</Name><Telephone>02-5374068</Telephone><Telephone>053-3109129</Telephone></DirectoryEntry><DirectoryEntry><Name>רחל שוירץ</Name><Telephone>03-6182626</Telephone></DirectoryEntry><DirectoryEntry><Name>רפאל שולדינר</Name><Telephone>077 9150024</Telephone><Telephone>052-7698842</Telephone></DirectoryEntry><DirectoryEntry><Name>ראובן שטייר</Name><Telephone>03-6161385</Telephone><Telephone>052-7625425</Telephone></DirectoryEntry><DirectoryEntry><Name>רפאל מנחם שטלברג</Name><Telephone>08-8661329</Telephone><Telephone>054-8410044</Telephone></DirectoryEntry><DirectoryEntry><Name>ראובן יהושע שידלובסקי</Name><Telephone>03-6188958</Telephone></DirectoryEntry><DirectoryEntry><Name>רחל שיינר</Name><Telephone>03-5244005</Telephone></DirectoryEntry><DirectoryEntry><Name>רפאל שמעון שיליץ</Name><Telephone>08-8640695</Telephone></DirectoryEntry><DirectoryEntry><Name>רחל מלכה שכטר - פינקסוב</Name><Telephone>02-6741639</Telephone></DirectoryEntry><DirectoryEntry><Name>רחל שנור</Name><Telephone>02-5712791</Telephone><Telephone>052-7119290</Telephone></DirectoryEntry><DirectoryEntry><Name>רפאל שפירא</Name><Telephone>08-8000580</Telephone><Telephone>058-3200580</Telephone></DirectoryEntry><DirectoryEntry><Name>רפאל שפירא</Name><Telephone>02-8000302</Telephone></DirectoryEntry><DirectoryEntry><Name>רפאל יעקב שפירא</Name><Telephone>08-8046600</Telephone><Telephone>050-4147263</Telephone></DirectoryEntry><DirectoryEntry><Name>רפאל יעקב שפירא</Name><Telephone>08-8035006</Telephone></DirectoryEntry><DirectoryEntry><Name>רפאל יעקב שפירא</Name><Telephone>052-7158555</Telephone></DirectoryEntry><DirectoryEntry><Name>רפאל יעקב שפירא</Name><Telephone>03-8060043</Telephone></DirectoryEntry><DirectoryEntry><Name>רפאל יעקב שפירא</Name><Telephone>03 8051122</Telephone></DirectoryEntry><DirectoryEntry><Name>רפאל יעקב שפירא</Name><Telephone>02 8011415</Telephone><Telephone>050-4121415</Telephone></DirectoryEntry><DirectoryEntry><Name>רפאל יעקב שפירא</Name></DirectoryEntry><DirectoryEntry><Name>רפאל יעקב שפירא</Name></DirectoryEntry><DirectoryEntry><Name>רפאל יעקב שפירא</Name></DirectoryEntry><DirectoryEntry><Name>רפאל יעקב שפירא</Name></DirectoryEntry><DirectoryEntry><Name>רפאל יעקב כהנא שפירא</Name><Telephone>077-2400391</Telephone><Telephone>052-7676758</Telephone></DirectoryEntry><DirectoryEntry><Name>רפאל נפתלי מנחם שפירא</Name><Telephone>08-8001215</Telephone><Telephone>052-7162349</Telephone></DirectoryEntry><DirectoryEntry><Name>רחל רויזה שפרנוביץ</Name><Telephone>054-8433206</Telephone></DirectoryEntry></YealinkIPPhoneDirectory>