<?xml version='1.0' encoding='utf-8'?>
<YealinkIPPhoneDirectory><DirectoryEntry><Name>תמר לוינזון</Name><Telephone>08-8563502</Telephone><Telephone>052-7623317</Telephone></DirectoryEntry><DirectoryEntry><Name>תרצה מורגנשטרן</Name><Telephone>08-8679713</Telephone><Telephone>053-3102177</Telephone></DirectoryEntry><DirectoryEntry><Name>תרצה חנה דבורה נוסבוים</Name><Telephone>02-5811547</Telephone></DirectoryEntry><DirectoryEntry><Name>תחיה שפרינצה שטרן</Name><Telephone>08-8656425</Telephone><Telephone>052-7622276</Telephone></DirectoryEntry><DirectoryEntry><Name>ת ת</Name><Telephone>0583-291213</Telephone></DirectoryEntry></YealinkIPPhoneDirectory>